Tahun Pembuatan,Tanggal ,CO,HC,Usia Kendaraan,Euro,Baku Mutu CO,Baku Mutu HC,CO_ratio,HC_ratio,segmen_tahun,alpha,Koreksi_CO,Koreksi_HC,LULUS/TIDAK,,,,,,,
2003,02/09/2023,4.08,10260,20,NON_EURO,5.5,2200,0.741818182,4.663636364,<2010,0.2,-0.051636364,0.732727273,FALSE,,,,,,,
2001,04/09/2023,8.35,9999,22,NON_EURO,5.5,2200,1.518181818,4.545,<2010,0.2,0.103636364,0.709,FALSE,,EURO2,1.001666667,,,,
2002,30/10/2023,4.03,9999,21,NON_EURO,5.5,2200,0.732727273,4.545,<2010,0.2,-0.053454545,0.709,FALSE,,,,,,,
1996,21/02/2023,3.41,9999,27,NON_EURO,5.5,2200,0.62,4.545,<2010,0.2,-0.076,0.709,FALSE,Max,NON_EURO,4.663636364,3.798181818,,,
2002,21/08/2023,1.86,9999,21,NON_EURO,5.5,2200,0.338181818,4.545,<2010,0.2,-0.132363636,0.709,FALSE,,,,,,,
2003,02/09/2023,0,9999,20,NON_EURO,5.5,2200,0,4.545,<2010,0.2,-0.2,0.709,FALSE,,,,,,,
2004,29/08/2023,8.81,9693,19,NON_EURO,5.5,2200,1.601818182,4.405909091,<2010,0.2,0.120363636,0.681181818,FALSE,,,,,,,
2005,08/09/2023,3.4,9476,18,NON_EURO,5.5,2200,0.618181818,4.307272727,<2010,0.2,-0.076363636,0.661454545,FALSE,,,,,,,
2005,08/09/2023,3.4,9476,18,NON_EURO,5.5,2200,0.618181818,4.307272727,<2010,0.2,-0.076363636,0.661454545,FALSE,,,,,,,
2004,14/03/2023,7.17,8900,19,NON_EURO,5.5,2200,1.303636364,4.045454545,<2010,0.2,0.060727273,0.609090909,FALSE,,,,,,,
2003,31/08/2023,9.99,8220,20,NON_EURO,5.5,2200,1.816363636,3.736363636,<2010,0.2,0.163272727,0.547272727,FALSE,,,,,,,
1995,19/08/2024,5.56,8182,29,NON_EURO,5.5,2200,1.010909091,3.719090909,<2010,0.054,0.002181818,0.146830909,FALSE,,,,p95,,,
2005,26/02/2025,9.99,7588,20,NON_EURO,5.5,2200,1.816363636,3.449090909,<2010,0.2,0.163272727,0.489818182,FALSE,,,,,,,
2005,25/08/2023,9.99,6923,18,NON_EURO,5.5,2200,1.816363636,3.146818182,<2010,0.2,0.163272727,0.429363636,FALSE,,,,,,,
2005,08/09/2023,7.04,6644,18,NON_EURO,5.5,2200,1.28,3.02,<2010,0.2,0.056,0.404,FALSE,,,,,,,
2005,10/09/2023,7.63,6532,18,NON_EURO,5.5,2200,1.387272727,2.969090909,<2010,0.2,0.077454545,0.393818182,FALSE,,,,,,,
1995,04/11/2023,0,5842,28,NON_EURO,5.5,2200,0,2.655454545,<2010,0.2,-0.2,0.331090909,FALSE,,,2,2686,Euro F,CO I,HC J
2005,02/09/2023,2.5,5286,18,NON_EURO,5.5,2200,0.454545455,2.402727273,<2010,0.2,-0.109090909,0.280545455,FALSE,,,,,,,
2004,08/10/2023,6.26,5012,19,NON_EURO,5.5,2200,1.138181818,2.278181818,<2010,0.2,0.027636364,0.255636364,FALSE,,,,,,,
2006,18/11/2023,1.37,4957,17,NON_EURO,5.5,2200,0.249090909,2.253181818,<2010,0.2,-0.150181818,0.250636364,FALSE,,,,,,,
1993,02/09/2023,1.49,4840,30,NON_EURO,5.5,2200,0.270909091,2.2,<2010,0.2,-0.145818182,0.24,FALSE,,,,,,,
2004,16/02/2023,8.84,4708,19,NON_EURO,5.5,2200,1.607272727,2.14,<2010,0.2,0.121454545,0.228,FALSE,,,,,,,
2000,13/09/2023,3.66,4639,23,NON_EURO,5.5,2200,0.665454545,2.108636364,<2010,0.2,-0.066909091,0.221727273,FALSE,Min,NON_EURO,1.003181818,,,,
2005,22/11/2023,9.99,4570,18,NON_EURO,5.5,2200,1.816363636,2.077272727,<2010,0.2,0.163272727,0.215454545,FALSE,,,,,,,
2006,10/09/2023,7.03,4243,17,NON_EURO,5.5,2200,1.278181818,1.928636364,<2010,0.2,0.055636364,0.185727273,FALSE,,,,,,,
2005,17/04/2024,8.18,4180,19,NON_EURO,5.5,2200,1.487272727,1.9,<2010,0.2,0.097454545,0.18,FALSE,,,,,,,
2006,09/12/2023,7.04,4175,17,NON_EURO,5.5,2200,1.28,1.897727273,<2010,0.2,0.056,0.179545455,FALSE,,,,,,,
2004,20/02/2025,9.99,4110,21,NON_EURO,5.5,2200,1.816363636,1.868181818,<2010,0.2,0.163272727,0.173636364,FALSE,,,,,,,
2004,20/02/2025,9.99,4110,21,NON_EURO,5.5,2200,1.816363636,1.868181818,<2010,0.2,0.163272727,0.173636364,FALSE,,,,,,,
2006,25/02/2025,9.99,3950,19,NON_EURO,5.5,2200,1.816363636,1.795454545,<2010,0.2,0.163272727,0.159090909,FALSE,,,,,,,
2005,04/10/2023,9.17,3837,18,NON_EURO,5.5,2200,1.667272727,1.744090909,<2010,0.2,0.133454545,0.148818182,FALSE,,,,,,,
2006,22/08/2023,6.09,3672,17,NON_EURO,5.5,2200,1.107272727,1.669090909,<2010,0.2,0.021454545,0.133818182,FALSE,,,,,,,
2005,23/08/2023,3.02,3605,18,NON_EURO,5.5,2200,0.549090909,1.638636364,<2010,0.2,-0.090181818,0.127727273,FALSE,,,,,,,
2006,09/10/2023,6.22,3531,17,NON_EURO,5.5,2200,1.130909091,1.605,<2010,0.2,0.026181818,0.121,FALSE,,,,,,,
2004,19/09/2023,8.88,3508,19,NON_EURO,5.5,2200,1.614545455,1.594545455,<2010,0.2,0.122909091,0.118909091,FALSE,,,,,,,
2006,27/09/2023,4.18,3407,17,NON_EURO,5.5,2200,0.76,1.548636364,<2010,0.2,-0.048,0.109727273,FALSE,,,,,,,
2006,26/11/2024,9.99,3380,18,NON_EURO,5.5,2200,1.816363636,1.536363636,<2010,0.2,0.163272727,0.107272727,FALSE,,,,,,,
2005,12/09/2023,8.11,3350,18,NON_EURO,5.5,2200,1.474545455,1.522727273,<2010,0.2,0.094909091,0.104545455,FALSE,,,,,,,
2005,03/07/2024,8.82,3270,19,NON_EURO,5.5,2200,1.603636364,1.486363636,<2010,0.2,0.120727273,0.097272727,FALSE,,,,,,,
2003,15/05/2024,8.98,3260,21,NON_EURO,5.5,2200,1.632727273,1.481818182,<2010,0.2,0.126545455,0.096363636,FALSE,,,,,,,
2005,16/10/2024,9.99,3192,19,NON_EURO,5.5,2200,1.816363636,1.450909091,<2010,0.2,0.163272727,0.090181818,FALSE,,,,,,,
2006,06/10/2023,5.46,3100,17,NON_EURO,5.5,2200,0.992727273,1.409090909,<2010,0.2,-0.001454545,0.081818182,FALSE,,,,,,,
2006,19/06/2024,0.75,3012,18,NON_EURO,5.5,2200,0.136363636,1.369090909,<2010,0.2,-0.172727273,0.073818182,FALSE,,,,,,,
2004,09/09/2023,8.08,2938,19,NON_EURO,5.5,2200,1.469090909,1.335454545,<2010,0.2,0.093818182,0.067090909,FALSE,,,,,,,
2005,27/11/2023,10.594,2859,18,NON_EURO,5.5,2200,1.926181818,1.299545455,<2010,0.2,0.185236364,0.059909091,FALSE,,,,,,,
2004,25/09/2023,6.73,2820,19,NON_EURO,5.5,2200,1.223636364,1.281818182,<2010,0.2,0.044727273,0.056363636,FALSE,,,,,,,
2006,05/06/2023,0.99,2780,17,NON_EURO,5.5,2200,0.18,1.263636364,<2010,0.2,-0.164,0.052727273,FALSE,,,,,,,
2006,03/12/2024,8.18,2750,18,NON_EURO,5.5,2200,1.487272727,1.25,<2010,0.2,0.097454545,0.05,FALSE,,,,,,,
2005,25/02/2025,9.13,2720,20,NON_EURO,5.5,2200,1.66,1.236363636,<2010,0.2,0.132,0.047272727,FALSE,,,,,,,
2003,21/08/2023,8.05,2623,20,NON_EURO,5.5,2200,1.463636364,1.192272727,<2010,0.2,0.092727273,0.038454545,FALSE,,,,,,,
2006,08/09/2023,0,2618,17,NON_EURO,5.5,2200,0,1.19,<2010,0.2,-0.2,0.038,FALSE,,,,,,,
2005,25/08/2023,0.5,2600,18,NON_EURO,5.5,2200,0.090909091,1.181818182,<2010,0.2,-0.181818182,0.036363636,FALSE,,,,,,,
2005,03/02/2024,1.45,2514,19,NON_EURO,5.5,2200,0.263636364,1.142727273,<2010,0.2,-0.147272727,0.028545455,FALSE,,,,,,,
2006,31/08/2023,7.39,2390,17,NON_EURO,5.5,2200,1.343636364,1.086363636,<2010,0.2,0.068727273,0.017272727,FALSE,,,,,,,
2005,31/08/2023,0.6,2390,18,NON_EURO,5.5,2200,0.109090909,1.086363636,<2010,0.2,-0.178181818,0.017272727,FALSE,,,,,,,
2003,12/09/2023,3.55,2350,20,NON_EURO,5.5,2200,0.645454545,1.068181818,<2010,0.2,-0.070909091,0.013636364,FALSE,,,,,,,
2005,01/09/2023,5.45,2320,18,NON_EURO,5.5,2200,0.990909091,1.054545455,<2010,0.2,-0.001818182,0.010909091,FALSE,,,,,,,
2006,04/09/2023,1.85,2285,17,NON_EURO,5.5,2200,0.336363636,1.038636364,<2010,0.2,-0.132727273,0.007727273,FALSE,,,,,,,
2006,25/10/2023,2.22,2261,17,NON_EURO,5.5,2200,0.403636364,1.027727273,<2010,0.2,-0.119272727,0.005545455,FALSE,,,,,,,
2006,02/09/2023,6.86,2256,17,NON_EURO,5.5,2200,1.247272727,1.025454545,<2010,0.2,0.049454545,0.005090909,FALSE,,,,,,,
2006,04/12/2023,0.7,2243,17,NON_EURO,5.5,2200,0.127272727,1.019545455,<2010,0.2,-0.174545455,0.003909091,FALSE,,,,,,,
1999,24/07/2024,9.25,2240,25,NON_EURO,5.5,2200,1.681818182,1.018181818,<2010,0.2,0.136363636,0.003636364,FALSE,,EURO3,31.66666667,4.033333333,,,
2006,28/08/2023,8.55,2229,17,NON_EURO,5.5,2200,1.554545455,1.013181818,<2010,0.2,0.110909091,0.002636364,FALSE,,,,,,,
2006,07/09/2023,0.44,2220,17,NON_EURO,5.5,2200,0.08,1.009090909,<2010,0.2,-0.184,0.001818182,FALSE,,,,,,,
2005,13/09/2023,2.76,2207,18,NON_EURO,5.5,2200,0.501818182,1.003181818,<2010,0.2,-0.099636364,0.000636364,FALSE,,,,,,,
2006,30/08/2023,9.89,2060,17,NON_EURO,5.5,2200,1.798181818,0.936363636,<2010,0.2,0.159636364,-0.012727273,FALSE,,,,,,,
2005,20/02/2025,6.85,2052,20,NON_EURO,5.5,2200,1.245454545,0.932727273,<2010,0.2,0.049090909,-0.013454545,FALSE,,,,,,,
2004,29/08/2023,5.71,2009,19,NON_EURO,5.5,2200,1.038181818,0.913181818,<2010,0.2,0.007636364,-0.017363636,FALSE,,,,,,,
2004,13/02/2024,7.62,1981,20,NON_EURO,5.5,2200,1.385454545,0.900454545,<2010,0.2,0.077090909,-0.019909091,FALSE,,,,,,,
2005,12/09/2023,5.97,1945,18,NON_EURO,5.5,2200,1.085454545,0.884090909,<2010,0.2,0.017090909,-0.023181818,FALSE,,,,,,,
2006,16/05/2023,6.23,1934,17,NON_EURO,5.5,2200,1.132727273,0.879090909,<2010,0.2,0.026545455,-0.024181818,FALSE,,,,,,,
2003,13/09/2023,9.43,1906,20,NON_EURO,5.5,2200,1.714545455,0.866363636,<2010,0.2,0.142909091,-0.026727273,FALSE,,,,,,,
2006,12/09/2023,7.19,1896,17,NON_EURO,5.5,2200,1.307272727,0.861818182,<2010,0.2,0.061454545,-0.027636364,FALSE,,,,,,,
2006,11/12/2024,9.64,1834,18,NON_EURO,5.5,2200,1.752727273,0.833636364,<2010,0.2,0.150545455,-0.033272727,FALSE,,,,,,,
2006,13/08/2024,5.76,1808,18,NON_EURO,5.5,2200,1.047272727,0.821818182,<2010,0.2,0.009454545,-0.035636364,FALSE,,,,,,,
2005,30/09/2024,8.14,1769,19,NON_EURO,5.5,2200,1.48,0.804090909,<2010,0.2,0.096,-0.039181818,FALSE,,,,,,,
2002,06/11/2023,9.27,1764,21,NON_EURO,5.5,2200,1.685454545,0.801818182,<2010,0.2,0.137090909,-0.039636364,FALSE,,,,,,,
2004,05/10/2023,8.09,1676,19,NON_EURO,5.5,2200,1.470909091,0.761818182,<2010,0.2,0.094181818,-0.047636364,FALSE,,,,,,,
2006,20/09/2024,5.6,1675,18,NON_EURO,5.5,2200,1.018181818,0.761363636,<2010,0.2,0.003636364,-0.047727273,FALSE,,,,,,,
2005,13/09/2023,7.13,1671,18,NON_EURO,5.5,2200,1.296363636,0.759545455,<2010,0.2,0.059272727,-0.048090909,FALSE,,,,,,,
2005,05/03/2024,8.44,1608,19,NON_EURO,5.5,2200,1.534545455,0.730909091,<2010,0.2,0.106909091,-0.053818182,FALSE,,,,,,,
2005,03/09/2023,6.6,1599,18,NON_EURO,5.5,2200,1.2,0.726818182,<2010,0.2,0.04,-0.054636364,FALSE,,,,,,,
2006,28/08/2023,10.4,1597,17,NON_EURO,5.5,2200,1.890909091,0.725909091,<2010,0.2,0.178181818,-0.054818182,FALSE,,,,,,,
2006,12/10/2023,9.08,1560,17,NON_EURO,5.5,2200,1.650909091,0.709090909,<2010,0.2,0.130181818,-0.058181818,FALSE,,,,,,,
2005,25/08/2023,6.13,1554,18,NON_EURO,5.5,2200,1.114545455,0.706363636,<2010,0.2,0.022909091,-0.058727273,FALSE,,,,,,,
2006,23/09/2023,9.05,1547,17,NON_EURO,5.5,2200,1.645454545,0.703181818,<2010,0.2,0.129090909,-0.059363636,FALSE,,,,,,,
2003,22/01/2025,9.99,1524,22,NON_EURO,5.5,2200,1.816363636,0.692727273,<2010,0.2,0.163272727,-0.061454545,FALSE,,,,,,,
2004,17/09/2023,5.56,1495,19,NON_EURO,5.5,2200,1.010909091,0.679545455,<2010,0.2,0.002181818,-0.064090909,FALSE,,,,,,,
2005,14/10/2023,5.59,1489,18,NON_EURO,5.5,2200,1.016363636,0.676818182,<2010,0.2,0.003272727,-0.064636364,FALSE,,,,,,,
2006,26/08/2023,8.45,1484,17,NON_EURO,5.5,2200,1.536363636,0.674545455,<2010,0.2,0.107272727,-0.065090909,FALSE,,,,,,,
2006,02/10/2024,9.15,1400,18,NON_EURO,5.5,2200,1.663636364,0.636363636,<2010,0.2,0.132727273,-0.072727273,FALSE,,,,,,,
2006,04/09/2023,6.97,1393,17,NON_EURO,5.5,2200,1.267272727,0.633181818,<2010,0.2,0.053454545,-0.073363636,FALSE,,,,,,,
2005,23/05/2023,6.49,1376,18,NON_EURO,5.5,2200,1.18,0.625454545,<2010,0.2,0.036,-0.074909091,FALSE,,,,,,,
2005,07/02/2025,6.32,1355,20,NON_EURO,5.5,2200,1.149090909,0.615909091,<2010,0.2,0.029818182,-0.076818182,FALSE,,,,,,,
2006,04/11/2023,8.12,1338,17,NON_EURO,5.5,2200,1.476363636,0.608181818,<2010,0.2,0.095272727,-0.078363636,FALSE,,,,,,,
2006,11/09/2023,6.94,1303,17,NON_EURO,5.5,2200,1.261818182,0.592272727,<2010,0.2,0.052363636,-0.081545455,FALSE,,,,,,,
2005,17/09/2023,5.88,1299,18,NON_EURO,5.5,2200,1.069090909,0.590454545,<2010,0.2,0.013818182,-0.081909091,FALSE,,,,,,,
2006,02/09/2023,9.5,1296,17,NON_EURO,5.5,2200,1.727272727,0.589090909,<2010,0.2,0.145454545,-0.082181818,FALSE,,,,,,,
2001,15/12/2023,5.96,1268,22,NON_EURO,5.5,2200,1.083636364,0.576363636,<2010,0.2,0.016727273,-0.084727273,FALSE,,EURO3,1.002,,,,
2006,23/11/2023,8.99,1232,17,NON_EURO,5.5,2200,1.634545455,0.56,<2010,0.2,0.126909091,-0.088,FALSE,,,,,,,
2005,27/09/2023,7.81,1210,18,NON_EURO,5.5,2200,1.42,0.55,<2010,0.2,0.084,-0.09,FALSE,,,,,,,
2005,05/03/2024,5.55,1201,19,NON_EURO,5.5,2200,1.009090909,0.545909091,<2010,0.2,0.001818182,-0.090818182,FALSE,,,,,,,
2006,20/09/2023,8.56,1169,17,NON_EURO,5.5,2200,1.556363636,0.531363636,<2010,0.2,0.111272727,-0.093727273,FALSE,,,,,,,
2006,11/09/2023,9.6,1122,17,NON_EURO,5.5,2200,1.745454545,0.51,<2010,0.2,0.149090909,-0.098,FALSE,,,,,,,
2005,01/09/2023,8.94,1104,18,NON_EURO,5.5,2200,1.625454545,0.501818182,<2010,0.2,0.125090909,-0.099636364,FALSE,,,,,,,
2006,19/09/2023,9.08,1099,17,NON_EURO,5.5,2200,1.650909091,0.499545455,<2010,0.2,0.130181818,-0.100090909,FALSE,,,,,,,
2005,08/10/2024,7.55,1074,19,NON_EURO,5.5,2200,1.372727273,0.488181818,<2010,0.2,0.074545455,-0.102363636,FALSE,,,,,,,
2005,07/11/2023,8.95,1061,18,NON_EURO,5.5,2200,1.627272727,0.482272727,<2010,0.2,0.125454545,-0.103545455,FALSE,,,,,,,
2006,29/08/2023,9.01,1008,17,NON_EURO,5.5,2200,1.638181818,0.458181818,<2010,0.2,0.127636364,-0.108363636,FALSE,,,,,,,
2004,05/06/2023,7.79,1004,19,NON_EURO,5.5,2200,1.416363636,0.456363636,<2010,0.2,0.083272727,-0.108727273,FALSE,,,,,,,
2004,19/09/2023,6.88,1003,19,NON_EURO,5.5,2200,1.250909091,0.455909091,<2010,0.2,0.050181818,-0.108818182,FALSE,,,,,,,
2004,12/08/2024,7,1002,20,NON_EURO,5.5,2200,1.272727273,0.455454545,<2010,0.2,0.054545455,-0.108909091,FALSE,,,,,,,
2005,29/08/2023,8.88,986,18,NON_EURO,5.5,2200,1.614545455,0.448181818,<2010,0.2,0.122909091,-0.110363636,FALSE,,,,,,,
2006,16/01/2024,9.774,981,18,NON_EURO,5.5,2200,1.777090909,0.445909091,<2010,0.2,0.155418182,-0.110818182,FALSE,,,,,,,
2005,25/11/2024,6.88,945,19,NON_EURO,5.5,2200,1.250909091,0.429545455,<2010,0.2,0.050181818,-0.114090909,FALSE,,,,,,,
2006,12/09/2023,6.41,920,17,NON_EURO,5.5,2200,1.165454545,0.418181818,<2010,0.2,0.033090909,-0.116363636,FALSE,,,,,,,
2006,24/09/2024,9.99,905,18,NON_EURO,5.5,2200,1.816363636,0.411363636,<2010,0.2,0.163272727,-0.117727273,FALSE,,,,,,,
2006,02/11/2023,8.1,887,17,NON_EURO,5.5,2200,1.472727273,0.403181818,<2010,0.2,0.094545455,-0.119363636,FALSE,,,,,,,
2004,10/10/2023,5.96,866,19,NON_EURO,5.5,2200,1.083636364,0.393636364,<2010,0.2,0.016727273,-0.121272727,FALSE,,,,,,,
2006,29/08/2023,5.64,854,17,NON_EURO,5.5,2200,1.025454545,0.388181818,<2010,0.2,0.005090909,-0.122363636,FALSE,,,,,,,
2004,21/09/2023,8.31,853,19,NON_EURO,5.5,2200,1.510909091,0.387727273,<2010,0.2,0.102181818,-0.122454545,FALSE,,,,,,,
2005,29/09/2023,9.15,850,18,NON_EURO,5.5,2200,1.663636364,0.386363636,<2010,0.2,0.132727273,-0.122727273,FALSE,,,,,,,
2005,23/09/2024,7.6,845,19,NON_EURO,5.5,2200,1.381818182,0.384090909,<2010,0.2,0.076363636,-0.123181818,FALSE,,,,,,,
2005,09/09/2023,6.7,836,18,NON_EURO,5.5,2200,1.218181818,0.38,<2010,0.2,0.043636364,-0.124,FALSE,,,,,,,
2006,24/07/2024,7.65,829,18,NON_EURO,5.5,2200,1.390909091,0.376818182,<2010,0.2,0.078181818,-0.124636364,FALSE,,,,,,,
2006,01/03/2023,6.02,825,17,NON_EURO,5.5,2200,1.094545455,0.375,<2010,0.2,0.018909091,-0.125,FALSE,,,,,,,
2004,28/11/2024,7.35,819,20,NON_EURO,5.5,2200,1.336363636,0.372272727,<2010,0.2,0.067272727,-0.125545455,FALSE,,,,,,,
2006,09/10/2023,6.82,819,17,NON_EURO,5.5,2200,1.24,0.372272727,<2010,0.2,0.048,-0.125545455,FALSE,,,,,,,
2006,05/09/2023,6.73,813,17,NON_EURO,5.5,2200,1.223636364,0.369545455,<2010,0.2,0.044727273,-0.126090909,FALSE,,,,,,,
2006,17/02/2025,9.99,807,19,NON_EURO,5.5,2200,1.816363636,0.366818182,<2010,0.2,0.163272727,-0.126636364,FALSE,,,,,,,
2003,16/10/2023,8.18,801,20,NON_EURO,5.5,2200,1.487272727,0.364090909,<2010,0.2,0.097454545,-0.127181818,FALSE,,,,,,,
2006,30/08/2023,6.05,800,17,NON_EURO,5.5,2200,1.1,0.363636364,<2010,0.2,0.02,-0.127272727,FALSE,,,,,,,
2005,06/09/2023,8.17,787,18,NON_EURO,5.5,2200,1.485454545,0.357727273,<2010,0.2,0.097090909,-0.128454545,FALSE,,,,,,,
2005,21/08/2023,6.49,786,18,NON_EURO,5.5,2200,1.18,0.357272727,<2010,0.2,0.036,-0.128545455,FALSE,,,,,,,
1997,01/09/2023,6.4,780,26,NON_EURO,5.5,2200,1.163636364,0.354545455,<2010,0.2,0.032727273,-0.129090909,FALSE,,EURO2,12.5,2.95625,,,
2006,19/09/2023,6.49,775,17,NON_EURO,5.5,2200,1.18,0.352272727,<2010,0.2,0.036,-0.129545455,FALSE,,,,,,,
2006,31/08/2023,8.26,767,17,NON_EURO,5.5,2200,1.501818182,0.348636364,<2010,0.2,0.100363636,-0.130272727,FALSE,,,,,,,
2006,20/02/2025,9.76,737,19,NON_EURO,5.5,2200,1.774545455,0.335,<2010,0.2,0.154909091,-0.133,FALSE,,,,,,,
2003,30/04/2024,6.2,737,21,NON_EURO,5.5,2200,1.127272727,0.335,<2010,0.2,0.025454545,-0.133,FALSE,,,,,,,
2005,09/09/2023,7.34,702,18,NON_EURO,5.5,2200,1.334545455,0.319090909,<2010,0.2,0.066909091,-0.136181818,FALSE,,,,,,,
2006,30/04/2024,7.04,700,18,NON_EURO,5.5,2200,1.28,0.318181818,<2010,0.2,0.056,-0.136363636,FALSE,,,,,,,
2005,24/08/2023,8.42,687,18,NON_EURO,5.5,2200,1.530909091,0.312272727,<2010,0.2,0.106181818,-0.137545455,FALSE,,,,,,,
2004,14/11/2023,9.53,684,19,NON_EURO,5.5,2200,1.732727273,0.310909091,<2010,0.2,0.146545455,-0.137818182,FALSE,,,,,,,
2004,12/07/2023,7.76,676,19,NON_EURO,5.5,2200,1.410909091,0.307272727,<2010,0.2,0.082181818,-0.138545455,FALSE,,,,,,,
2006,01/09/2023,5.83,668,17,NON_EURO,5.5,2200,1.06,0.303636364,<2010,0.2,0.012,-0.139272727,FALSE,,,,,,,
2006,02/09/2023,9.2,662,17,NON_EURO,5.5,2200,1.672727273,0.300909091,<2010,0.2,0.134545455,-0.139818182,FALSE,,,,,,,
2005,10/09/2023,6.83,633,18,NON_EURO,5.5,2200,1.241818182,0.287727273,<2010,0.2,0.048363636,-0.142454545,FALSE,,,,,,,
2006,25/11/2024,9.12,612,18,NON_EURO,5.5,2200,1.658181818,0.278181818,<2010,0.2,0.131636364,-0.144363636,FALSE,,,,,,,
2005,14/03/2024,6.06,606,19,NON_EURO,5.5,2200,1.101818182,0.275454545,<2010,0.2,0.020363636,-0.144909091,FALSE,,,,,,,
2006,27/02/2025,9.99,601,19,NON_EURO,5.5,2200,1.816363636,0.273181818,<2010,0.2,0.163272727,-0.145363636,FALSE,,,,,,,
2005,04/09/2023,6.62,601,18,NON_EURO,5.5,2200,1.203636364,0.273181818,<2010,0.2,0.040727273,-0.145363636,FALSE,,,,,,,
2004,29/08/2023,6.68,571,19,NON_EURO,5.5,2200,1.214545455,0.259545455,<2010,0.2,0.042909091,-0.148090909,FALSE,,,,,,,
2005,10/09/2024,7.2,565,19,NON_EURO,5.5,2200,1.309090909,0.256818182,<2010,0.2,0.061818182,-0.148636364,FALSE,,,,,,,
2003,06/08/2024,6.36,565,21,NON_EURO,5.5,2200,1.156363636,0.256818182,<2010,0.2,0.031272727,-0.148636364,FALSE,,,,,,,
2005,22/02/2024,7.65,563,19,NON_EURO,5.5,2200,1.390909091,0.255909091,<2010,0.2,0.078181818,-0.148818182,FALSE,,,,,,,
2006,08/03/2024,9.6,562,18,NON_EURO,5.5,2200,1.745454545,0.255454545,<2010,0.2,0.149090909,-0.148909091,FALSE,,,,,,,
2005,07/09/2023,5.81,555,18,NON_EURO,5.5,2200,1.056363636,0.252272727,<2010,0.2,0.011272727,-0.149545455,FALSE,,,,,,,
2005,08/09/2023,9,528,18,NON_EURO,5.5,2200,1.636363636,0.24,<2010,0.2,0.127272727,-0.152,FALSE,,,,,,,
2005,31/08/2023,6.21,528,18,NON_EURO,5.5,2200,1.129090909,0.24,<2010,0.2,0.025818182,-0.152,FALSE,,,,,,,
2002,09/11/2023,8.45,519,21,NON_EURO,5.5,2200,1.536363636,0.235909091,<2010,0.2,0.107272727,-0.152818182,FALSE,,,,,,,
2004,25/10/2023,6.44,475,19,NON_EURO,5.5,2200,1.170909091,0.215909091,<2010,0.2,0.034181818,-0.156818182,FALSE,,,,,,,
2006,08/09/2023,6.16,470,17,NON_EURO,5.5,2200,1.12,0.213636364,<2010,0.2,0.024,-0.157272727,FALSE,,,,,,,
2006,19/09/2023,8.18,467,17,NON_EURO,5.5,2200,1.487272727,0.212272727,<2010,0.2,0.097454545,-0.157545455,FALSE,,,,,,,
2005,24/08/2023,6.43,456,18,NON_EURO,5.5,2200,1.169090909,0.207272727,<2010,0.2,0.033818182,-0.158545455,FALSE,,,,,,,
2005,23/05/2023,9.8,453,18,NON_EURO,5.5,2200,1.781818182,0.205909091,<2010,0.2,0.156363636,-0.158818182,FALSE,,,,,,,
2006,08/09/2023,7.2,438,17,NON_EURO,5.5,2200,1.309090909,0.199090909,<2010,0.2,0.061818182,-0.160181818,FALSE,,,,,,,
2006,27/08/2024,9.5,434,18,NON_EURO,5.5,2200,1.727272727,0.197272727,<2010,0.2,0.145454545,-0.160545455,FALSE,,,,,,,
2006,31/08/2023,6.8,431,17,NON_EURO,5.5,2200,1.236363636,0.195909091,<2010,0.2,0.047272727,-0.160818182,FALSE,,,,,,,
2005,06/09/2023,6.21,431,18,NON_EURO,5.5,2200,1.129090909,0.195909091,<2010,0.2,0.025818182,-0.160818182,FALSE,,,,,,,
2006,18/11/2023,7.79,415,17,NON_EURO,5.5,2200,1.416363636,0.188636364,<2010,0.2,0.083272727,-0.162272727,FALSE,,,,,,,
2006,05/09/2023,5.69,368,17,NON_EURO,5.5,2200,1.034545455,0.167272727,<2010,0.2,0.006909091,-0.166545455,FALSE,,,,,,,
2006,09/10/2023,6.67,339,17,NON_EURO,5.5,2200,1.212727273,0.154090909,<2010,0.2,0.042545455,-0.169181818,FALSE,,,,,,,
2006,15/10/2024,7.28,328,18,NON_EURO,5.5,2200,1.323636364,0.149090909,<2010,0.2,0.064727273,-0.170181818,FALSE,,,,,,,
2005,02/05/2024,6.99,325,19,NON_EURO,5.5,2200,1.270909091,0.147727273,<2010,0.2,0.054181818,-0.170454545,FALSE,,,,,,,
2006,15/05/2024,5.55,323,18,NON_EURO,5.5,2200,1.009090909,0.146818182,<2010,0.2,0.001818182,-0.170636364,FALSE,,,,,,,
2006,04/09/2023,7.71,322,17,NON_EURO,5.5,2200,1.401818182,0.146363636,<2010,0.2,0.080363636,-0.170727273,FALSE,,,,,,,
2005,07/08/2024,6.7,321,19,NON_EURO,5.5,2200,1.218181818,0.145909091,<2010,0.2,0.043636364,-0.170818182,FALSE,,,,,,,
2004,22/01/2025,7.58,311,21,NON_EURO,5.5,2200,1.378181818,0.141363636,<2010,0.2,0.075636364,-0.171727273,FALSE,,,,,,,
2005,03/12/2024,6.45,306,19,NON_EURO,5.5,2200,1.172727273,0.139090909,<2010,0.2,0.034545455,-0.172181818,FALSE,,,,,,,
2005,12/10/2023,7.48,289,18,NON_EURO,5.5,2200,1.36,0.131363636,<2010,0.2,0.072,-0.173727273,FALSE,,,,,,,
2005,05/10/2023,7.77,288,18,NON_EURO,5.5,2200,1.412727273,0.130909091,<2010,0.2,0.082545455,-0.173818182,FALSE,,,,,,,
2006,25/08/2023,5.71,277,17,NON_EURO,5.5,2200,1.038181818,0.125909091,<2010,0.2,0.007636364,-0.174818182,FALSE,,,,,,,
2006,11/10/2023,7.71,257,17,NON_EURO,5.5,2200,1.401818182,0.116818182,<2010,0.2,0.080363636,-0.176636364,FALSE,,,,,,,
2004,31/08/2023,6.36,256,19,NON_EURO,5.5,2200,1.156363636,0.116363636,<2010,0.2,0.031272727,-0.176727273,FALSE,,,,,,,
2006,03/10/2023,6.61,249,17,NON_EURO,5.5,2200,1.201818182,0.113181818,<2010,0.2,0.040363636,-0.177363636,FALSE,,,,,,,
2004,22/05/2024,6.2,244,20,NON_EURO,5.5,2200,1.127272727,0.110909091,<2010,0.2,0.025454545,-0.177818182,FALSE,,,,,,,
2004,22/11/2023,9.99,221,19,NON_EURO,5.5,2200,1.816363636,0.100454545,<2010,0.2,0.163272727,-0.179909091,FALSE,,,,,,,
2001,04/09/2023,7.13,183,22,NON_EURO,5.5,2200,1.296363636,0.083181818,<2010,0.2,0.059272727,-0.183363636,FALSE,,,,,,,
2006,20/06/2023,7,181,17,NON_EURO,5.5,2200,1.272727273,0.082272727,<2010,0.2,0.054545455,-0.183545455,FALSE,,,,,,,
2005,04/10/2023,9.99,174,18,NON_EURO,5.5,2200,1.816363636,0.079090909,<2010,0.2,0.163272727,-0.184181818,FALSE,,,,,,,
2006,16/10/2024,6.38,152,18,NON_EURO,5.5,2200,1.16,0.069090909,<2010,0.2,0.032,-0.186181818,FALSE,,,,,,,
2005,11/10/2023,9.99,140,18,NON_EURO,5.5,2200,1.816363636,0.063636364,<2010,0.2,0.163272727,-0.187272727,FALSE,,,,,,,
2006,29/08/2023,6.5,138,17,NON_EURO,5.5,2200,1.181818182,0.062727273,<2010,0.2,0.036363636,-0.187454545,FALSE,,,,,,,
2005,05/10/2023,6.19,108,18,NON_EURO,5.5,2200,1.125454545,0.049090909,<2010,0.2,0.025090909,-0.190181818,FALSE,,,,,,,
2006,30/10/2023,9.19,8.33,17,NON_EURO,5.5,2200,1.670909091,0.003786364,<2010,0.2,0.134181818,-0.199242727,FALSE,,,,,,,
2005,25/08/2023,5.63,4.83,18,NON_EURO,5.5,2200,1.023636364,0.002195455,<2010,0.2,0.004727273,-0.199560909,FALSE,,,,,,,
2005,10/09/2023,14.1,0,18,NON_EURO,5.5,2200,2.563636364,0,<2010,0.2,0.312727273,-0.2,FALSE,,,,,,,
2013,02/09/2023,7.1,0,10,EURO2,4,1800,1.775,0,2010-2016,0.2,0.155,-0.2,FALSE,,,,,,,
2013,29/08/2023,9.99,0,10,EURO2,4,1800,2.4975,0,2010-2016,0.2,0.2995,-0.2,FALSE,,,EURO2,,,,
2013,31/08/2023,12.7,0,10,EURO2,4,1800,3.175,0,2010-2016,0.2,0.435,-0.2,FALSE,,,,,,,
2013,10/09/2023,13.2,0.3,10,EURO2,4,1800,3.3,0.000166667,2010-2016,0.2,0.46,-0.199966667,FALSE,,,,,,,
2013,10/09/2023,14.1,0.3,10,EURO2,4,1800,3.525,0.000166667,2010-2016,0.2,0.505,-0.199966667,FALSE,,,,,,,
2012,27/08/2023,5.44,1.371,11,EURO2,4,1800,1.36,0.000761667,2010-2016,0.2,0.072,-0.199847667,FALSE,,,,,,,
2012,06/09/2023,4.19,1.85,11,EURO2,4,1800,1.0475,0.001027778,2010-2016,0.2,0.0095,-0.199794444,FALSE,,,,,,,
2011,30/08/2023,9.2,1.998,12,EURO2,4,1800,2.3,0.00111,2010-2016,0.2,0.26,-0.199778,FALSE,,,,,,,
2013,31/08/2023,7.65,4.3,10,EURO2,4,1800,1.9125,0.002388889,2010-2016,0.2,0.1825,-0.199522222,FALSE,,,,,,,
2012,09/02/2023,6.68,6.22,11,EURO2,4,1800,1.67,0.003455556,2010-2016,0.2,0.134,-0.199308889,FALSE,,,,,,,
2012,28/02/2024,5.43,6.34,12,EURO2,4,1800,1.3575,0.003522222,2010-2016,0.2,0.0715,-0.199295556,FALSE,,,,,,,
2013,30/08/2023,8.39,8,10,EURO2,4,1800,2.0975,0.004444444,2010-2016,0.2,0.2195,-0.199111111,FALSE,,,,,,,
2013,04/11/2023,13.5,13.5,10,EURO2,4,1800,3.375,0.0075,2010-2016,0.2,0.475,-0.1985,FALSE,,,,,,,
2013,04/09/2023,13.3,22,10,EURO2,4,1800,3.325,0.012222222,2010-2016,0.2,0.465,-0.197555556,FALSE,,,,,,,
2013,04/09/2023,13.3,22,10,EURO2,4,1800,3.325,0.012222222,2010-2016,0.2,0.465,-0.197555556,FALSE,,,,,,,
2012,24/07/2024,9.9,22.1,12,EURO2,4,1800,2.475,0.012277778,2010-2016,0.2,0.295,-0.197544444,FALSE,,,,,,,
2013,04/07/2023,4.14,24,10,EURO2,4,1800,1.035,0.013333333,2010-2016,0.2,0.007,-0.197333333,FALSE,,,,,,,
2013,10/09/2023,7.3,36,10,EURO2,4,1800,1.825,0.02,2010-2016,0.2,0.165,-0.196,FALSE,,,,,,,
2010,05/10/2023,8.98,37,13,EURO2,4,1800,2.245,0.020555556,2010-2016,0.2,0.249,-0.195888889,FALSE,,,,,,,
2013,29/03/2024,5.14,39,11,EURO2,4,1800,1.285,0.021666667,2010-2016,0.2,0.057,-0.195666667,FALSE,,,,,,,
2009,06/09/2023,6.22,50,14,EURO2,5.5,2200,1.130909091,0.022727273,<2010,0.2,0.026181818,-0.195454545,FALSE,,,,,,,
2013,31/08/2023,4.31,42,10,EURO2,4,1800,1.0775,0.023333333,2010-2016,0.2,0.0155,-0.195333333,FALSE,,,,,,,
2013,31/08/2023,4.31,42,10,EURO2,4,1800,1.0775,0.023333333,2010-2016,0.2,0.0155,-0.195333333,FALSE,,,,,,,
2013,06/09/2023,4.35,44,10,EURO2,4,1800,1.0875,0.024444444,2010-2016,0.2,0.0175,-0.195111111,FALSE,,,,,,,
2012,22/11/2023,6.04,52,11,EURO2,4,1800,1.51,0.028888889,2010-2016,0.2,0.102,-0.194222222,FALSE,,,,,,,
2013,13/10/2023,12.9,57,10,EURO2,4,1800,3.225,0.031666667,2010-2016,0.2,0.445,-0.193666667,FALSE,,,,,,,
2012,25/09/2023,4.8,61,11,EURO2,4,1800,1.2,0.033888889,2010-2016,0.2,0.04,-0.193222222,FALSE,,,,,,,
2013,06/08/2024,4.38,72,11,EURO2,4,1800,1.095,0.04,2010-2016,0.2,0.019,-0.192,FALSE,,,,,,,
2013,16/11/2023,4.05,73,10,EURO2,4,1800,1.0125,0.040555556,2010-2016,0.2,0.0025,-0.191888889,FALSE,,,,,,,
2008,07/11/2024,32.66,91,16,EURO2,5.5,2200,5.938181818,0.041363636,<2010,0.2,0.987636364,-0.191727273,FALSE,,,,,,,
2010,04/09/2023,4.4,75,13,EURO2,4,1800,1.1,0.041666667,2010-2016,0.2,0.02,-0.191666667,FALSE,,,,,,,
2011,20/02/2025,5.1,76,14,EURO2,4,1800,1.275,0.042222222,2010-2016,0.2,0.055,-0.191555556,FALSE,,,,,,,
2013,10/09/2023,5.5,78,10,EURO2,4,1800,1.375,0.043333333,2010-2016,0.2,0.075,-0.191333333,FALSE,,,,,,,
2013,27/08/2024,6.69,80,11,EURO2,4,1800,1.6725,0.044444444,2010-2016,0.2,0.1345,-0.191111111,FALSE,,,,,,,
2011,18/03/2024,5.87,81,13,EURO2,4,1800,1.4675,0.045,2010-2016,0.2,0.0935,-0.191,FALSE,,,,,,,
2013,31/08/2023,12.7,82,10,EURO2,4,1800,3.175,0.045555556,2010-2016,0.2,0.435,-0.190888889,FALSE,,,,,,,
2012,29/07/2024,6.23,84,12,EURO2,4,1800,1.5575,0.046666667,2010-2016,0.2,0.1115,-0.190666667,FALSE,,,,,,,
2012,04/09/2023,11.9,85,11,EURO2,4,1800,2.975,0.047222222,2010-2016,0.2,0.395,-0.190555556,FALSE,,,,,,,
2013,29/08/2023,5.9,86,10,EURO2,4,1800,1.475,0.047777778,2010-2016,0.2,0.095,-0.190444444,FALSE,,,,,,,
2013,29/08/2023,5.6,88,10,EURO2,4,1800,1.4,0.048888889,2010-2016,0.2,0.08,-0.190222222,FALSE,,,,,,,
2012,20/09/2023,7.2,89,11,EURO2,4,1800,1.8,0.049444444,2010-2016,0.2,0.16,-0.190111111,FALSE,,,,,,,
2012,06/09/2023,7.85,92,11,EURO2,4,1800,1.9625,0.051111111,2010-2016,0.2,0.1925,-0.189777778,FALSE,,,,,,,
2010,16/10/2024,9.89,96,14,EURO2,4,1800,2.4725,0.053333333,2010-2016,0.2,0.2945,-0.189333333,FALSE,,,,,,,
2013,31/08/2023,6.9,97,10,EURO2,4,1800,1.725,0.053888889,2010-2016,0.2,0.145,-0.189222222,FALSE,,,,,,,
2011,10/11/2023,4.91,98,12,EURO2,4,1800,1.2275,0.054444444,2010-2016,0.2,0.0455,-0.189111111,FALSE,,,,,,,
2010,05/09/2023,7.88,98,13,EURO2,4,1800,1.97,0.054444444,2010-2016,0.2,0.194,-0.189111111,FALSE,,,,,,,
2011,05/09/2023,4.6,101,12,EURO2,4,1800,1.15,0.056111111,2010-2016,0.2,0.03,-0.188777778,FALSE,,,,,,,
2012,03/09/2023,9.9,104,11,EURO2,4,1800,2.475,0.057777778,2010-2016,0.2,0.295,-0.188444444,FALSE,,,,,,,
2012,17/11/2023,5.12,105,11,EURO2,4,1800,1.28,0.058333333,2010-2016,0.2,0.056,-0.188333333,FALSE,,,,,,,
2011,15/11/2023,9.44,106,12,EURO2,4,1800,2.36,0.058888889,2010-2016,0.2,0.272,-0.188222222,FALSE,,,,,,,
2013,03/11/2023,13.7,106,10,EURO2,4,1800,3.425,0.058888889,2010-2016,0.2,0.485,-0.188222222,FALSE,,,,,,,
2011,04/09/2023,5.6,107,12,EURO2,4,1800,1.4,0.059444444,2010-2016,0.2,0.08,-0.188111111,FALSE,,,,,,,
2011,26/09/2023,6.08,107,12,EURO2,4,1800,1.52,0.059444444,2010-2016,0.2,0.104,-0.188111111,FALSE,,,,,,,
2008,29/02/2024,6.57,133,16,EURO2,5.5,2200,1.194545455,0.060454545,<2010,0.2,0.038909091,-0.187909091,FALSE,,,,,,,
2011,29/08/2023,5.9,109,12,EURO2,4,1800,1.475,0.060555556,2010-2016,0.2,0.095,-0.187888889,FALSE,,,,,,,
2013,17/09/2023,14,112,10,EURO2,4,1800,3.5,0.062222222,2010-2016,0.2,0.5,-0.187555556,FALSE,,,,,,,
2009,03/10/2023,9.01,139,14,EURO2,5.5,2200,1.638181818,0.063181818,<2010,0.2,0.127636364,-0.187363636,FALSE,,,,,,,
2012,30/08/2023,4.67,114,11,EURO2,4,1800,1.1675,0.063333333,2010-2016,0.2,0.0335,-0.187333333,FALSE,,,,,,,
2012,19/02/2025,4.13,115,13,EURO2,4,1800,1.0325,0.063888889,2010-2016,0.2,0.0065,-0.187222222,FALSE,,,,,,,
2012,04/09/2023,11.12,116,11,EURO2,4,1800,2.78,0.064444444,2010-2016,0.2,0.356,-0.187111111,FALSE,,,,,,,
2012,05/10/2023,4.92,120,11,EURO2,4,1800,1.23,0.066666667,2010-2016,0.2,0.046,-0.186666667,FALSE,,,,,,,
2010,26/09/2023,8.28,120,13,EURO2,4,1800,2.07,0.066666667,2010-2016,0.2,0.214,-0.186666667,FALSE,,,,,,,
2010,03/09/2023,8.58,120,13,EURO2,4,1800,2.145,0.066666667,2010-2016,0.2,0.229,-0.186666667,FALSE,,,,,,,
2012,06/05/2024,50,120,12,EURO2,4,1800,12.5,0.066666667,2010-2016,0.2,2.3,-0.186666667,FALSE,,,,,,,
2012,19/12/2023,50,120,11,EURO2,4,1800,12.5,0.066666667,2010-2016,0.2,2.3,-0.186666667,FALSE,,,,,,,
2012,17/04/2024,50,120,12,EURO2,4,1800,12.5,0.066666667,2010-2016,0.2,2.3,-0.186666667,FALSE,,,,,,,
2010,26/09/2023,6.8,122,13,EURO2,4,1800,1.7,0.067777778,2010-2016,0.2,0.14,-0.186444444,FALSE,,,,,,,
2012,31/08/2023,4.63,123,11,EURO2,4,1800,1.1575,0.068333333,2010-2016,0.2,0.0315,-0.186333333,FALSE,,,,,,,
2011,07/11/2023,9.99,129,12,EURO2,4,1800,2.4975,0.071666667,2010-2016,0.2,0.2995,-0.185666667,FALSE,,,,,,,
2010,15/10/2023,14.7,129,13,EURO2,4,1800,3.675,0.071666667,2010-2016,0.2,0.535,-0.185666667,FALSE,,,,,,,
2009,11/10/2023,5.57,160,14,EURO2,5.5,2200,1.012727273,0.072727273,<2010,0.2,0.002545455,-0.185454545,FALSE,,,,,,,
2012,29/08/2023,6.01,131,11,EURO2,4,1800,1.5025,0.072777778,2010-2016,0.2,0.1005,-0.185444444,FALSE,,,,,,,
2012,07/09/2023,5.67,134,11,EURO2,4,1800,1.4175,0.074444444,2010-2016,0.2,0.0835,-0.185111111,FALSE,,,,,,,
2013,08/09/2023,12.6,134,10,EURO2,4,1800,3.15,0.074444444,2010-2016,0.2,0.43,-0.185111111,FALSE,,,,,,,
2013,28/08/2023,4.9,135,10,EURO2,4,1800,1.225,0.075,2010-2016,0.2,0.045,-0.185,FALSE,,,,,,,
2013,29/08/2023,7.4,135,10,EURO2,4,1800,1.85,0.075,2010-2016,0.2,0.17,-0.185,FALSE,,,,,,,
2010,28/09/2023,4.04,142,13,EURO2,4,1800,1.01,0.078888889,2010-2016,0.2,0.002,-0.184222222,FALSE,,,,,,,
2007,11/10/2023,6.35,176,16,EURO2,5.5,2200,1.154545455,0.08,<2010,0.2,0.030909091,-0.184,FALSE,,,,,,,
2011,24/09/2023,7.62,144,12,EURO2,4,1800,1.905,0.08,2010-2016,0.2,0.181,-0.184,FALSE,,,,,,,
2010,01/09/2023,7.03,146,13,EURO2,4,1800,1.7575,0.081111111,2010-2016,0.2,0.1515,-0.183777778,FALSE,,,,,,,
2012,29/08/2023,11,147,11,EURO2,4,1800,2.75,0.081666667,2010-2016,0.2,0.35,-0.183666667,FALSE,,,,,,,
2013,28/08/2024,4.03,148,11,EURO2,4,1800,1.0075,0.082222222,2010-2016,0.2,0.0015,-0.183555556,FALSE,,,,,,,
2013,12/12/2023,4.61,148,10,EURO2,4,1800,1.1525,0.082222222,2010-2016,0.2,0.0305,-0.183555556,FALSE,,,,,,,
2011,12/11/2024,4.02,150,13,EURO2,4,1800,1.005,0.083333333,2010-2016,0.2,0.001,-0.183333333,FALSE,,,,,,,
2013,10/09/2023,25,150,10,EURO2,4,1800,6.25,0.083333333,2010-2016,0.2,1.05,-0.183333333,FALSE,,,,,,,
2010,30/07/2024,4.75,151,14,EURO2,4,1800,1.1875,0.083888889,2010-2016,0.2,0.0375,-0.183222222,FALSE,,,,,,,
2008,05/09/2023,5.89,186,15,EURO2,5.5,2200,1.070909091,0.084545455,<2010,0.2,0.014181818,-0.183090909,FALSE,,,,,,,
2012,04/09/2023,5.63,154,11,EURO2,4,1800,1.4075,0.085555556,2010-2016,0.2,0.0815,-0.182888889,FALSE,,,,,,,
2013,03/12/2024,4.51,160,11,EURO2,4,1800,1.1275,0.088888889,2010-2016,0.2,0.0255,-0.182222222,FALSE,,,,,,,
2010,23/07/2024,5.68,163,14,EURO2,4,1800,1.42,0.090555556,2010-2016,0.2,0.084,-0.181888889,FALSE,,,,,,,
2012,01/09/2023,7.9,163,11,EURO2,4,1800,1.975,0.090555556,2010-2016,0.2,0.195,-0.181888889,FALSE,,,,,,,
2012,04/09/2023,6.36,165,11,EURO2,4,1800,1.59,0.091666667,2010-2016,0.2,0.118,-0.181666667,FALSE,,,,,,,
2011,20/02/2025,7.22,165,14,EURO2,4,1800,1.805,0.091666667,2010-2016,0.2,0.161,-0.181666667,FALSE,,,,,,,
2013,06/11/2023,9.3,166,10,EURO2,4,1800,2.325,0.092222222,2010-2016,0.2,0.265,-0.181555556,FALSE,,,,,,,
2010,29/08/2023,12.4,167,13,EURO2,4,1800,3.1,0.092777778,2010-2016,0.2,0.42,-0.181444444,FALSE,,,,,,,
2013,10/10/2023,9.5,169,10,EURO2,4,1800,2.375,0.093888889,2010-2016,0.2,0.275,-0.181222222,FALSE,,,,,,,
2010,05/09/2023,10,170,13,EURO2,4,1800,2.5,0.094444444,2010-2016,0.2,0.3,-0.181111111,FALSE,,,,,,,
2013,20/09/2023,4.25,171,10,EURO2,4,1800,1.0625,0.095,2010-2016,0.2,0.0125,-0.181,FALSE,,,,,,,
2011,04/11/2023,4.28,172,12,EURO2,4,1800,1.07,0.095555556,2010-2016,0.2,0.014,-0.180888889,FALSE,,,,,,,
2011,04/09/2023,8.62,172,12,EURO2,4,1800,2.155,0.095555556,2010-2016,0.2,0.231,-0.180888889,FALSE,,,,,,,
2010,30/07/2024,6.15,173,14,EURO2,4,1800,1.5375,0.096111111,2010-2016,0.2,0.1075,-0.180777778,FALSE,,,,,,,
2011,05/07/2023,4.31,174,12,EURO2,4,1800,1.0775,0.096666667,2010-2016,0.2,0.0155,-0.180666667,FALSE,,,,,,,
2012,16/09/2023,7.7,175,11,EURO2,4,1800,1.925,0.097222222,2010-2016,0.2,0.185,-0.180555556,FALSE,,,,,,,
2011,10/07/2024,4.75,179,13,EURO2,4,1800,1.1875,0.099444444,2010-2016,0.2,0.0375,-0.180111111,FALSE,,,,,,,
2012,25/09/2023,4.79,179,11,EURO2,4,1800,1.1975,0.099444444,2010-2016,0.2,0.0395,-0.180111111,FALSE,,,,,,,
2013,15/11/2023,5.53,180,10,EURO2,4,1800,1.3825,0.1,2010-2016,0.2,0.0765,-0.18,FALSE,,,,,,,
2012,05/09/2023,4.88,182,11,EURO2,4,1800,1.22,0.101111111,2010-2016,0.2,0.044,-0.179777778,FALSE,,,,,,,
2013,08/11/2023,12.4,183,10,EURO2,4,1800,3.1,0.101666667,2010-2016,0.2,0.42,-0.179666667,FALSE,,,,,,,
2012,21/09/2023,4.85,184,11,EURO2,4,1800,1.2125,0.102222222,2010-2016,0.2,0.0425,-0.179555556,FALSE,,,,,,,
2013,06/09/2023,5.93,184,10,EURO2,4,1800,1.4825,0.102222222,2010-2016,0.2,0.0965,-0.179555556,FALSE,,,,,,,
2013,11/09/2023,8.1,185,10,EURO2,4,1800,2.025,0.102777778,2010-2016,0.2,0.205,-0.179444444,FALSE,,,,,,,
2010,09/09/2023,4.16,187,13,EURO2,4,1800,1.04,0.103888889,2010-2016,0.2,0.008,-0.179222222,FALSE,,,,,,,
2012,31/08/2023,10.9,188,11,EURO2,4,1800,2.725,0.104444444,2010-2016,0.2,0.345,-0.179111111,FALSE,,,,,,,
2013,07/03/2023,4.69,189,10,EURO2,4,1800,1.1725,0.105,2010-2016,0.2,0.0345,-0.179,FALSE,,,,,,,
2013,07/03/2023,4.69,189,10,EURO2,4,1800,1.1725,0.105,2010-2016,0.2,0.0345,-0.179,FALSE,,,,,,,
2013,14/03/2023,6.62,189,10,EURO2,4,1800,1.655,0.105,2010-2016,0.2,0.131,-0.179,FALSE,,,,,,,
2010,13/11/2023,4.62,190,13,EURO2,4,1800,1.155,0.105555556,2010-2016,0.2,0.031,-0.178888889,FALSE,,,,,,,
2011,29/08/2023,7.06,190,12,EURO2,4,1800,1.765,0.105555556,2010-2016,0.2,0.153,-0.178888889,FALSE,,,,,,,
2013,10/06/2024,7.42,190,11,EURO2,4,1800,1.855,0.105555556,2010-2016,0.2,0.171,-0.178888889,FALSE,,,,,,,
2008,27/10/2023,11.6,234,15,EURO2,5.5,2200,2.109090909,0.106363636,<2010,0.2,0.221818182,-0.178727273,FALSE,,,,,,,
2011,13/09/2023,6.4,193,12,EURO2,4,1800,1.6,0.107222222,2010-2016,0.2,0.12,-0.178555556,FALSE,,,,,,,
2012,19/09/2023,4.28,195,11,EURO2,4,1800,1.07,0.108333333,2010-2016,0.2,0.014,-0.178333333,FALSE,,,,,,,
2010,31/08/2023,6.83,195,13,EURO2,4,1800,1.7075,0.108333333,2010-2016,0.2,0.1415,-0.178333333,FALSE,,,,,,,
2011,10/09/2023,4.03,196,12,EURO2,4,1800,1.0075,0.108888889,2010-2016,0.2,0.0015,-0.178222222,FALSE,,,,,,,
2013,17/07/2024,4.77,197,11,EURO2,4,1800,1.1925,0.109444444,2010-2016,0.2,0.0385,-0.178111111,FALSE,,,,,,,
2013,30/11/2023,4.027,198,10,EURO2,4,1800,1.00675,0.11,2010-2016,0.2,0.00135,-0.178,FALSE,,,,,,,
2013,29/05/2024,6.31,198,11,EURO2,4,1800,1.5775,0.11,2010-2016,0.2,0.1155,-0.178,FALSE,,,,,,,
2013,05/10/2023,9.4,199,10,EURO2,4,1800,2.35,0.110555556,2010-2016,0.2,0.27,-0.177888889,FALSE,,,,,,,
2012,01/09/2023,13.4,199,11,EURO2,4,1800,3.35,0.110555556,2010-2016,0.2,0.47,-0.177888889,FALSE,,,,,,,
2011,06/09/2023,4.67,200,12,EURO2,4,1800,1.1675,0.111111111,2010-2016,0.2,0.0335,-0.177777778,FALSE,,,,,,,
2013,14/09/2023,6.69,200,10,EURO2,4,1800,1.6725,0.111111111,2010-2016,0.2,0.1345,-0.177777778,FALSE,,,,,,,
2012,21/11/2024,7.97,200,12,EURO2,4,1800,1.9925,0.111111111,2010-2016,0.2,0.1985,-0.177777778,FALSE,,,,,,,
2012,24/08/2023,4.57,204,11,EURO2,4,1800,1.1425,0.113333333,2010-2016,0.2,0.0285,-0.177333333,FALSE,,,,,,,
2011,02/11/2023,11.4,205,12,EURO2,4,1800,2.85,0.113888889,2010-2016,0.2,0.37,-0.177222222,FALSE,,,,,,,
2011,26/08/2023,4.49,206,12,EURO2,4,1800,1.1225,0.114444444,2010-2016,0.2,0.0245,-0.177111111,FALSE,,,,,,,
2013,04/09/2023,10.9,208,10,EURO2,4,1800,2.725,0.115555556,2010-2016,0.2,0.345,-0.176888889,FALSE,,,,,,,
2010,18/09/2023,4.4,209,13,EURO2,4,1800,1.1,0.116111111,2010-2016,0.2,0.02,-0.176777778,FALSE,,,,,,,
2013,07/09/2023,4.31,211,10,EURO2,4,1800,1.0775,0.117222222,2010-2016,0.2,0.0155,-0.176555556,FALSE,,,,,,,
2012,11/09/2023,13.8,212,11,EURO2,4,1800,3.45,0.117777778,2010-2016,0.2,0.49,-0.176444444,FALSE,,,,,,,
2013,23/11/2023,6.24,213,10,EURO2,4,1800,1.56,0.118333333,2010-2016,0.2,0.112,-0.176333333,FALSE,,,,,,,
2012,13/10/2023,5.7,215,11,EURO2,4,1800,1.425,0.119444444,2010-2016,0.2,0.085,-0.176111111,FALSE,,,,,,,
2011,09/09/2023,10.4,217,12,EURO2,4,1800,2.6,0.120555556,2010-2016,0.2,0.32,-0.175888889,FALSE,,,,,,,
2010,05/08/2023,4.13,220,13,EURO2,4,1800,1.0325,0.122222222,2010-2016,0.2,0.0065,-0.175555556,FALSE,,,,,,,
2013,21/09/2023,4.72,220,10,EURO2,4,1800,1.18,0.122222222,2010-2016,0.2,0.036,-0.175555556,FALSE,,,,,,,
2012,31/08/2023,6.37,220,11,EURO2,4,1800,1.5925,0.122222222,2010-2016,0.2,0.1185,-0.175555556,FALSE,,,,,,,
2010,02/10/2023,6.33,222,13,EURO2,4,1800,1.5825,0.123333333,2010-2016,0.2,0.1165,-0.175333333,FALSE,,,,,,,
2011,11/10/2023,7.22,224,12,EURO2,4,1800,1.805,0.124444444,2010-2016,0.2,0.161,-0.175111111,FALSE,,,,,,,
2011,29/08/2023,6.7,227,12,EURO2,4,1800,1.675,0.126111111,2010-2016,0.2,0.135,-0.174777778,FALSE,,,,,,,
2012,11/11/2024,7.27,228,12,EURO2,4,1800,1.8175,0.126666667,2010-2016,0.2,0.1635,-0.174666667,FALSE,,,,,,,
2010,08/09/2023,5.57,229,13,EURO2,4,1800,1.3925,0.127222222,2010-2016,0.2,0.0785,-0.174555556,FALSE,,,,,,,
2013,27/08/2024,4.98,230,11,EURO2,4,1800,1.245,0.127777778,2010-2016,0.2,0.049,-0.174444444,FALSE,,,,,,,
2013,29/07/2024,5.03,230,11,EURO2,4,1800,1.2575,0.127777778,2010-2016,0.2,0.0515,-0.174444444,FALSE,,,,,,,
2013,26/10/2023,15.2,231,10,EURO2,4,1800,3.8,0.128333333,2010-2016,0.2,0.56,-0.174333333,FALSE,,,,,,,
2011,08/09/2023,7.11,232,12,EURO2,4,1800,1.7775,0.128888889,2010-2016,0.2,0.1555,-0.174222222,FALSE,,,,,,,
2012,24/08/2023,4.3,234,11,EURO2,4,1800,1.075,0.13,2010-2016,0.2,0.015,-0.174,FALSE,,,,,,,
2010,16/05/2023,4.9,235,13,EURO2,4,1800,1.225,0.130555556,2010-2016,0.2,0.045,-0.173888889,FALSE,,,,,,,
2011,12/06/2024,4.95,235,13,EURO2,4,1800,1.2375,0.130555556,2010-2016,0.2,0.0475,-0.173888889,FALSE,,,,,,,
2010,28/11/2023,6.59,240,13,EURO2,4,1800,1.6475,0.133333333,2010-2016,0.2,0.1295,-0.173333333,FALSE,,,,,,,
2011,05/10/2023,7.96,243,12,EURO2,4,1800,1.99,0.135,2010-2016,0.2,0.198,-0.173,FALSE,,,,,,,
2011,25/11/2024,7.2,244,13,EURO2,4,1800,1.8,0.135555556,2010-2016,0.2,0.16,-0.172888889,FALSE,,,,,,,
2010,20/10/2024,7.63,245,14,EURO2,4,1800,1.9075,0.136111111,2010-2016,0.2,0.1815,-0.172777778,FALSE,,,,,,,
2012,06/06/2024,5.54,248,12,EURO2,4,1800,1.385,0.137777778,2010-2016,0.2,0.077,-0.172444444,FALSE,,,,,,,
2013,30/08/2023,5.45,252,10,EURO2,4,1800,1.3625,0.14,2010-2016,0.2,0.0725,-0.172,FALSE,,,,,,,
2012,12/08/2024,7.03,252,12,EURO2,4,1800,1.7575,0.14,2010-2016,0.2,0.1515,-0.172,FALSE,,,,,,,
2012,31/08/2023,6.62,253,11,EURO2,4,1800,1.655,0.140555556,2010-2016,0.2,0.131,-0.171888889,FALSE,,,,,,,
2011,19/09/2023,7.45,253,12,EURO2,4,1800,1.8625,0.140555556,2010-2016,0.2,0.1725,-0.171888889,FALSE,,,,,,,
2013,25/09/2023,11.4,256,10,EURO2,4,1800,2.85,0.142222222,2010-2016,0.2,0.37,-0.171555556,FALSE,,,,,,,
2012,16/11/2023,5.09,258,11,EURO2,4,1800,1.2725,0.143333333,2010-2016,0.2,0.0545,-0.171333333,FALSE,,,,,,,
2008,07/06/2023,6.24,316,15,EURO2,5.5,2200,1.134545455,0.143636364,<2010,0.2,0.026909091,-0.171272727,FALSE,,,,,,,
2013,23/11/2023,6.088,259,10,EURO2,4,1800,1.522,0.143888889,2010-2016,0.2,0.1044,-0.171222222,FALSE,,,,,,,
2011,10/09/2023,4.6,260,12,EURO2,4,1800,1.15,0.144444444,2010-2016,0.2,0.03,-0.171111111,FALSE,,,,,,,
2010,30/10/2024,4.78,260,14,EURO2,4,1800,1.195,0.144444444,2010-2016,0.2,0.039,-0.171111111,FALSE,,,,,,,
2013,11/05/2023,4.84,260,10,EURO2,4,1800,1.21,0.144444444,2010-2016,0.2,0.042,-0.171111111,FALSE,,,,,,,
2012,29/08/2023,8.33,260,11,EURO2,4,1800,2.0825,0.144444444,2010-2016,0.2,0.2165,-0.171111111,FALSE,,,,,,,
2007,31/08/2023,8.88,319,16,EURO2,5.5,2200,1.614545455,0.145,<2010,0.2,0.122909091,-0.171,FALSE,,,,,,,
2012,08/09/2023,4.43,262,11,EURO2,4,1800,1.1075,0.145555556,2010-2016,0.2,0.0215,-0.170888889,FALSE,,,,,,,
2013,30/08/2023,12.3,262,10,EURO2,4,1800,3.075,0.145555556,2010-2016,0.2,0.415,-0.170888889,FALSE,,,,,,,
2012,30/08/2023,20.7,262,11,EURO2,4,1800,5.175,0.145555556,2010-2016,0.2,0.835,-0.170888889,FALSE,,,,,,,
2011,10/09/2023,9.8,265,12,EURO2,4,1800,2.45,0.147222222,2010-2016,0.2,0.29,-0.170555556,FALSE,,,,,,,
2012,28/08/2023,4.64,269,11,EURO2,4,1800,1.16,0.149444444,2010-2016,0.2,0.032,-0.170111111,FALSE,,,,,,,
2010,05/09/2023,6.33,271,13,EURO2,4,1800,1.5825,0.150555556,2010-2016,0.2,0.1165,-0.169888889,FALSE,,,,,,,
2011,27/09/2023,6.61,271,12,EURO2,4,1800,1.6525,0.150555556,2010-2016,0.2,0.1305,-0.169888889,FALSE,,,,,,,
2013,23/09/2023,5.73,272,10,EURO2,4,1800,1.4325,0.151111111,2010-2016,0.2,0.0865,-0.169777778,FALSE,,,,,,,
2011,29/08/2023,5.68,273,12,EURO2,4,1800,1.42,0.151666667,2010-2016,0.2,0.084,-0.169666667,FALSE,,,,,,,
2011,02/11/2023,10.4,273,12,EURO2,4,1800,2.6,0.151666667,2010-2016,0.2,0.32,-0.169666667,FALSE,,,,,,,
2013,31/08/2023,11.12,273,10,EURO2,4,1800,2.78,0.151666667,2010-2016,0.2,0.356,-0.169666667,FALSE,,,,,,,
2013,02/08/2023,4.9,274,10,EURO2,4,1800,1.225,0.152222222,2010-2016,0.2,0.045,-0.169555556,FALSE,,,,,,,
2012,12/09/2023,4.3,276,11,EURO2,4,1800,1.075,0.153333333,2010-2016,0.2,0.015,-0.169333333,FALSE,,,,,,,
2010,19/09/2023,4.4,277,13,EURO2,4,1800,1.1,0.153888889,2010-2016,0.2,0.02,-0.169222222,FALSE,,,,,,,
2013,25/11/2024,5.05,277,11,EURO2,4,1800,1.2625,0.153888889,2010-2016,0.2,0.0525,-0.169222222,FALSE,,,,,,,
2011,30/08/2023,7.14,278,12,EURO2,4,1800,1.785,0.154444444,2010-2016,0.2,0.157,-0.169111111,FALSE,,,,,,,
2012,17/09/2023,9.3,278,11,EURO2,4,1800,2.325,0.154444444,2010-2016,0.2,0.265,-0.169111111,FALSE,,,,,,,
2010,14/12/2023,5.11,280,13,EURO2,4,1800,1.2775,0.155555556,2010-2016,0.2,0.0555,-0.168888889,FALSE,,,,,,,
2013,04/12/2023,15.6,280,10,EURO2,4,1800,3.9,0.155555556,2010-2016,0.2,0.58,-0.168888889,FALSE,,,,,,,
2012,04/12/2024,4.06,284,12,EURO2,4,1800,1.015,0.157777778,2010-2016,0.2,0.003,-0.168444444,FALSE,,,,,,,
2011,11/09/2023,7.73,286,12,EURO2,4,1800,1.9325,0.158888889,2010-2016,0.2,0.1865,-0.168222222,FALSE,,,,,,,
2013,27/11/2023,4.57,287,10,EURO2,4,1800,1.1425,0.159444444,2010-2016,0.2,0.0285,-0.168111111,FALSE,,,,,,,
2008,07/09/2023,10.2,352,15,EURO2,5.5,2200,1.854545455,0.16,<2010,0.2,0.170909091,-0.168,FALSE,,,,,,,
2013,25/02/2025,4.2,290,12,EURO2,4,1800,1.05,0.161111111,2010-2016,0.2,0.01,-0.167777778,FALSE,,,,,,,
2012,07/09/2023,5.15,290,11,EURO2,4,1800,1.2875,0.161111111,2010-2016,0.2,0.0575,-0.167777778,FALSE,,,,,,,
2008,04/09/2023,8.1,356,15,EURO2,5.5,2200,1.472727273,0.161818182,<2010,0.2,0.094545455,-0.167636364,FALSE,,,,,,,
2011,14/05/2024,4.7,292,13,EURO2,4,1800,1.175,0.162222222,2010-2016,0.2,0.035,-0.167555556,FALSE,,,,,,,
2008,05/09/2023,7.9,358,15,EURO2,5.5,2200,1.436363636,0.162727273,<2010,0.2,0.087272727,-0.167454545,FALSE,,,,,,,
2013,25/10/2023,4.17,293,10,EURO2,4,1800,1.0425,0.162777778,2010-2016,0.2,0.0085,-0.167444444,FALSE,,,,,,,
2010,09/09/2023,8.11,293,13,EURO2,4,1800,2.0275,0.162777778,2010-2016,0.2,0.2055,-0.167444444,FALSE,,,,,,,
2011,25/08/2023,8.72,293,12,EURO2,4,1800,2.18,0.162777778,2010-2016,0.2,0.236,-0.167444444,FALSE,,,,,,,
2013,29/07/2024,5.52,296,11,EURO2,4,1800,1.38,0.164444444,2010-2016,0.2,0.076,-0.167111111,FALSE,,,,,,,
2012,31/08/2023,6.89,296,11,EURO2,4,1800,1.7225,0.164444444,2010-2016,0.2,0.1445,-0.167111111,FALSE,,,,,,,
2011,22/05/2024,4.2,298,13,EURO2,4,1800,1.05,0.165555556,2010-2016,0.2,0.01,-0.166888889,FALSE,,,,,,,
2011,07/09/2023,8.52,299,12,EURO2,4,1800,2.13,0.166111111,2010-2016,0.2,0.226,-0.166777778,FALSE,,,,,,,
2013,12/09/2023,4.15,300,10,EURO2,4,1800,1.0375,0.166666667,2010-2016,0.2,0.0075,-0.166666667,FALSE,,,,,,,
2010,02/09/2023,4.5,300,13,EURO2,4,1800,1.125,0.166666667,2010-2016,0.2,0.025,-0.166666667,FALSE,,,,,,,
2013,29/02/2024,5.65,301,11,EURO2,4,1800,1.4125,0.167222222,2010-2016,0.2,0.0825,-0.166555556,FALSE,,,,,,,
2012,07/09/2023,4.21,304,11,EURO2,4,1800,1.0525,0.168888889,2010-2016,0.2,0.0105,-0.166222222,FALSE,,,,,,,
2013,07/11/2023,13.5,304,10,EURO2,4,1800,3.375,0.168888889,2010-2016,0.2,0.475,-0.166222222,FALSE,,,,,,,
2012,05/08/2023,4.06,308,11,EURO2,4,1800,1.015,0.171111111,2010-2016,0.2,0.003,-0.165777778,FALSE,,,,,,,
2010,10/08/2023,5.18,308,13,EURO2,4,1800,1.295,0.171111111,2010-2016,0.2,0.059,-0.165777778,FALSE,,,,,,,
2012,25/10/2023,4.39,309,11,EURO2,4,1800,1.0975,0.171666667,2010-2016,0.2,0.0195,-0.165666667,FALSE,,,,,,,
2012,11/12/2023,6.45,309,11,EURO2,4,1800,1.6125,0.171666667,2010-2016,0.2,0.1225,-0.165666667,FALSE,,,,,,,
2010,31/08/2023,4.19,310,13,EURO2,4,1800,1.0475,0.172222222,2010-2016,0.2,0.0095,-0.165555556,FALSE,,,,,,,
2012,26/08/2023,5.44,311,11,EURO2,4,1800,1.36,0.172777778,2010-2016,0.2,0.072,-0.165444444,FALSE,,,,,,,
2012,30/08/2023,4.49,313,11,EURO2,4,1800,1.1225,0.173888889,2010-2016,0.2,0.0245,-0.165222222,FALSE,,,,,,,
2010,07/11/2023,5.18,314,13,EURO2,4,1800,1.295,0.174444444,2010-2016,0.2,0.059,-0.165111111,FALSE,,,,,,,
2010,28/09/2023,6.08,314,13,EURO2,4,1800,1.52,0.174444444,2010-2016,0.2,0.104,-0.165111111,FALSE,,,,,,,
2013,27/08/2024,8.48,314,11,EURO2,4,1800,2.12,0.174444444,2010-2016,0.2,0.224,-0.165111111,FALSE,,,,,,,
2011,16/05/2023,10.5,314,12,EURO2,4,1800,2.625,0.174444444,2010-2016,0.2,0.325,-0.165111111,FALSE,,,,,,,
2012,28/08/2023,13.3,316,11,EURO2,4,1800,3.325,0.175555556,2010-2016,0.2,0.465,-0.164888889,FALSE,,,,,,,
2011,09/11/2023,5.84,317,12,EURO2,4,1800,1.46,0.176111111,2010-2016,0.2,0.092,-0.164777778,FALSE,,,,,,,
2013,20/12/2023,4.7,318,10,EURO2,4,1800,1.175,0.176666667,2010-2016,0.2,0.035,-0.164666667,FALSE,,,,,,,
2011,14/11/2023,6.02,319,12,EURO2,4,1800,1.505,0.177222222,2010-2016,0.2,0.101,-0.164555556,FALSE,,,,,,,
2013,23/08/2023,6.69,320,10,EURO2,4,1800,1.6725,0.177777778,2010-2016,0.2,0.1345,-0.164444444,FALSE,,,,,,,
2010,07/11/2023,4.24,321,13,EURO2,4,1800,1.06,0.178333333,2010-2016,0.2,0.012,-0.164333333,FALSE,,,,,,,
2012,07/09/2023,12.5,322,11,EURO2,4,1800,3.125,0.178888889,2010-2016,0.2,0.425,-0.164222222,FALSE,,,,,,,
2013,11/10/2023,8.87,323,10,EURO2,4,1800,2.2175,0.179444444,2010-2016,0.2,0.2435,-0.164111111,FALSE,,,,,,,
2011,27/09/2023,7.01,324,12,EURO2,4,1800,1.7525,0.18,2010-2016,0.2,0.1505,-0.164,FALSE,,,,,,,
2010,25/08/2023,7.04,324,13,EURO2,4,1800,1.76,0.18,2010-2016,0.2,0.152,-0.164,FALSE,,,,,,,
2008,22/10/2023,7.3,397,15,EURO2,5.5,2200,1.327272727,0.180454545,<2010,0.2,0.065454545,-0.163909091,FALSE,,,,,,,
2013,11/10/2023,4.89,327,10,EURO2,4,1800,1.2225,0.181666667,2010-2016,0.2,0.0445,-0.163666667,FALSE,,,,,,,
2013,12/09/2023,5.63,327,10,EURO2,4,1800,1.4075,0.181666667,2010-2016,0.2,0.0815,-0.163666667,FALSE,,,,,,,
2010,22/05/2024,5.95,331,14,EURO2,4,1800,1.4875,0.183888889,2010-2016,0.2,0.0975,-0.163222222,FALSE,,,,,,,
2012,19/10/2023,8.92,332,11,EURO2,4,1800,2.23,0.184444444,2010-2016,0.2,0.246,-0.163111111,FALSE,,,,,,,
2013,06/09/2023,5.6,334,10,EURO2,4,1800,1.4,0.185555556,2010-2016,0.2,0.08,-0.162888889,FALSE,,,,,,,
2013,26/06/2024,6.73,334,11,EURO2,4,1800,1.6825,0.185555556,2010-2016,0.2,0.1365,-0.162888889,FALSE,,,,,,,
2012,04/09/2023,11.8,340,11,EURO2,4,1800,2.95,0.188888889,2010-2016,0.2,0.39,-0.162222222,FALSE,,,,,,,
2013,30/08/2023,13.4,340,10,EURO2,4,1800,3.35,0.188888889,2010-2016,0.2,0.47,-0.162222222,FALSE,,,,,,,
2013,05/09/2023,7.19,341,10,EURO2,4,1800,1.7975,0.189444444,2010-2016,0.2,0.1595,-0.162111111,FALSE,,,,,,,
2011,14/12/2023,6.52,342,12,EURO2,4,1800,1.63,0.19,2010-2016,0.2,0.126,-0.162,FALSE,,,,,,,
2009,06/09/2023,9.38,425,14,EURO2,5.5,2200,1.705454545,0.193181818,<2010,0.2,0.141090909,-0.161363636,FALSE,,,,,,,
2011,08/09/2023,5.39,349,12,EURO2,4,1800,1.3475,0.193888889,2010-2016,0.2,0.0695,-0.161222222,FALSE,,,,,,,
2010,29/07/2024,8.36,349,14,EURO2,4,1800,2.09,0.193888889,2010-2016,0.2,0.218,-0.161222222,FALSE,,,,,,,
2010,02/09/2023,7.51,350,13,EURO2,4,1800,1.8775,0.194444444,2010-2016,0.2,0.1755,-0.161111111,FALSE,,,,,,,
2013,09/09/2023,4.23,351,10,EURO2,4,1800,1.0575,0.195,2010-2016,0.2,0.0115,-0.161,FALSE,,,,,,,
2013,26/10/2023,7.61,352,10,EURO2,4,1800,1.9025,0.195555556,2010-2016,0.2,0.1805,-0.160888889,FALSE,,,,,,,
2013,01/09/2023,5.17,353,10,EURO2,4,1800,1.2925,0.196111111,2010-2016,0.2,0.0585,-0.160777778,FALSE,,,,,,,
2011,07/09/2023,10.8,353,12,EURO2,4,1800,2.7,0.196111111,2010-2016,0.2,0.34,-0.160777778,FALSE,,,,,,,
2012,14/09/2023,7.34,354,11,EURO2,4,1800,1.835,0.196666667,2010-2016,0.2,0.167,-0.160666667,FALSE,,,,,,,
2010,06/09/2023,7.66,355,13,EURO2,4,1800,1.915,0.197222222,2010-2016,0.2,0.183,-0.160555556,FALSE,,,,,,,
2013,27/09/2023,7.92,358,10,EURO2,4,1800,1.98,0.198888889,2010-2016,0.2,0.196,-0.160222222,FALSE,,,,,,,
2013,11/05/2023,4.84,360,10,EURO2,4,1800,1.21,0.2,2010-2016,0.2,0.042,-0.16,FALSE,,,,,,,
2013,23/11/2023,5.39,361,10,EURO2,4,1800,1.3475,0.200555556,2010-2016,0.2,0.0695,-0.159888889,FALSE,,,,,,,
2013,06/09/2023,13.7,361,10,EURO2,4,1800,3.425,0.200555556,2010-2016,0.2,0.485,-0.159888889,FALSE,,,,,,,
2013,23/08/2023,4.04,364,10,EURO2,4,1800,1.01,0.202222222,2010-2016,0.2,0.002,-0.159555556,FALSE,,,,,,,
2013,09/09/2023,13.5,364,10,EURO2,4,1800,3.375,0.202222222,2010-2016,0.2,0.475,-0.159555556,FALSE,,,,,,,
2012,04/09/2023,6,365,11,EURO2,4,1800,1.5,0.202777778,2010-2016,0.2,0.1,-0.159444444,FALSE,,,,,,,
2011,05/09/2023,4.28,369,12,EURO2,4,1800,1.07,0.205,2010-2016,0.2,0.014,-0.159,FALSE,,,,,,,
2013,08/09/2023,6.25,369,10,EURO2,4,1800,1.5625,0.205,2010-2016,0.2,0.1125,-0.159,FALSE,,,,,,,
2010,19/09/2024,6.84,369,14,EURO2,4,1800,1.71,0.205,2010-2016,0.2,0.142,-0.159,FALSE,,,,,,,
2013,15/06/2023,6.54,371,10,EURO2,4,1800,1.635,0.206111111,2010-2016,0.2,0.127,-0.158777778,FALSE,,,,,,,
2011,01/03/2024,7.78,373,13,EURO2,4,1800,1.945,0.207222222,2010-2016,0.2,0.189,-0.158555556,FALSE,,,,,,,
2010,04/09/2023,4.14,374,13,EURO2,4,1800,1.035,0.207777778,2010-2016,0.2,0.007,-0.158444444,FALSE,,,,,,,
2013,10/02/2024,8.96,375,11,EURO2,4,1800,2.24,0.208333333,2010-2016,0.2,0.248,-0.158333333,FALSE,,,,,,,
2010,07/09/2023,4.25,377,13,EURO2,4,1800,1.0625,0.209444444,2010-2016,0.2,0.0125,-0.158111111,FALSE,,,,,,,
2013,05/09/2023,9.5,377,10,EURO2,4,1800,2.375,0.209444444,2010-2016,0.2,0.275,-0.158111111,FALSE,,,,,,,
2012,26/08/2023,4.44,378,11,EURO2,4,1800,1.11,0.21,2010-2016,0.2,0.022,-0.158,FALSE,,,,,,,
2011,22/09/2023,6.51,378,12,EURO2,4,1800,1.6275,0.21,2010-2016,0.2,0.1255,-0.158,FALSE,,,,,,,
2013,22/11/2023,5.8,380,10,EURO2,4,1800,1.45,0.211111111,2010-2016,0.2,0.09,-0.157777778,FALSE,,,,,,,
2011,10/10/2024,8.62,381,13,EURO2,4,1800,2.155,0.211666667,2010-2016,0.2,0.231,-0.157666667,FALSE,,,,,,,
2013,15/09/2023,4.72,382,10,EURO2,4,1800,1.18,0.212222222,2010-2016,0.2,0.036,-0.157555556,FALSE,,,,,,,
2011,12/10/2023,6.78,383,12,EURO2,4,1800,1.695,0.212777778,2010-2016,0.2,0.139,-0.157444444,FALSE,,,,,,,
2013,01/09/2023,8.3,384,10,EURO2,4,1800,2.075,0.213333333,2010-2016,0.2,0.215,-0.157333333,FALSE,,,,,,,
2010,11/04/2023,5.48,385,13,EURO2,4,1800,1.37,0.213888889,2010-2016,0.2,0.074,-0.157222222,FALSE,,,,,,,
2013,05/06/2023,5.43,387,10,EURO2,4,1800,1.3575,0.215,2010-2016,0.2,0.0715,-0.157,FALSE,,,,,,,
2010,05/09/2023,4.4,388,13,EURO2,4,1800,1.1,0.215555556,2010-2016,0.2,0.02,-0.156888889,FALSE,,,,,,,
2011,20/09/2024,5.21,389,13,EURO2,4,1800,1.3025,0.216111111,2010-2016,0.2,0.0605,-0.156777778,FALSE,,,,,,,
2011,04/06/2024,7.23,389,13,EURO2,4,1800,1.8075,0.216111111,2010-2016,0.2,0.1615,-0.156777778,FALSE,,,,,,,
2013,15/05/2024,7.32,390,11,EURO2,4,1800,1.83,0.216666667,2010-2016,0.2,0.166,-0.156666667,FALSE,,,,,,,
2010,14/11/2023,9.5,390,13,EURO2,4,1800,2.375,0.216666667,2010-2016,0.2,0.275,-0.156666667,FALSE,,,,,,,
2013,03/09/2023,11.1,390,10,EURO2,4,1800,2.775,0.216666667,2010-2016,0.2,0.355,-0.156666667,FALSE,,,,,,,
2013,21/09/2023,5.06,391,10,EURO2,4,1800,1.265,0.217222222,2010-2016,0.2,0.053,-0.156555556,FALSE,,,,,,,
2011,10/09/2023,5.54,391,12,EURO2,4,1800,1.385,0.217222222,2010-2016,0.2,0.077,-0.156555556,FALSE,,,,,,,
2011,04/09/2023,6.59,391,12,EURO2,4,1800,1.6475,0.217222222,2010-2016,0.2,0.1295,-0.156555556,FALSE,,,,,,,
2009,13/12/2023,5.91,478,14,EURO2,5.5,2200,1.074545455,0.217272727,<2010,0.2,0.014909091,-0.156545455,FALSE,,,,,,,
2008,14/06/2023,9.3,478,15,EURO2,5.5,2200,1.690909091,0.217272727,<2010,0.2,0.138181818,-0.156545455,FALSE,,,,,,,
2008,22/02/2024,7.29,480,16,EURO2,5.5,2200,1.325454545,0.218181818,<2010,0.2,0.065090909,-0.156363636,FALSE,,,,,,,
2012,28/08/2023,4.45,393,11,EURO2,4,1800,1.1125,0.218333333,2010-2016,0.2,0.0225,-0.156333333,FALSE,,,,,,,
2010,02/09/2023,4.41,394,13,EURO2,4,1800,1.1025,0.218888889,2010-2016,0.2,0.0205,-0.156222222,FALSE,,,,,,,
2012,22/08/2023,5.03,394,11,EURO2,4,1800,1.2575,0.218888889,2010-2016,0.2,0.0515,-0.156222222,FALSE,,,,,,,
2012,05/09/2023,5.78,398,11,EURO2,4,1800,1.445,0.221111111,2010-2016,0.2,0.089,-0.155777778,FALSE,,,,,,,
2013,26/09/2023,7.03,399,10,EURO2,4,1800,1.7575,0.221666667,2010-2016,0.2,0.1515,-0.155666667,FALSE,,,,,,,
2013,31/08/2023,11.3,399,10,EURO2,4,1800,2.825,0.221666667,2010-2016,0.2,0.365,-0.155666667,FALSE,,,,,,,
2008,10/09/2023,6.87,488,15,EURO2,5.5,2200,1.249090909,0.221818182,<2010,0.2,0.049818182,-0.155636364,FALSE,,,,,,,
2012,26/08/2023,6.82,400,11,EURO2,4,1800,1.705,0.222222222,2010-2016,0.2,0.141,-0.155555556,FALSE,,,,,,,
2013,02/09/2023,13.1,401,10,EURO2,4,1800,3.275,0.222777778,2010-2016,0.2,0.455,-0.155444444,FALSE,,,,,,,
2012,03/09/2023,4.25,403,11,EURO2,4,1800,1.0625,0.223888889,2010-2016,0.2,0.0125,-0.155222222,FALSE,,,,,,,
2013,11/09/2024,4.41,403,11,EURO2,4,1800,1.1025,0.223888889,2010-2016,0.2,0.0205,-0.155222222,FALSE,,,,,,,
2012,09/11/2023,5.98,406,11,EURO2,4,1800,1.495,0.225555556,2010-2016,0.2,0.099,-0.154888889,FALSE,,,,,,,
2011,23/10/2023,4.21,407,12,EURO2,4,1800,1.0525,0.226111111,2010-2016,0.2,0.0105,-0.154777778,FALSE,,,,,,,
2010,28/02/2023,4.69,408,13,EURO2,4,1800,1.1725,0.226666667,2010-2016,0.2,0.0345,-0.154666667,FALSE,,,,,,,
2013,16/09/2023,5.9,408,10,EURO2,4,1800,1.475,0.226666667,2010-2016,0.2,0.095,-0.154666667,FALSE,,,,,,,
2007,23/10/2024,5.7,501,17,EURO2,5.5,2200,1.036363636,0.227727273,<2010,0.2,0.007272727,-0.154454545,FALSE,,,,,,,
2013,02/09/2023,4.3,410,10,EURO2,4,1800,1.075,0.227777778,2010-2016,0.2,0.015,-0.154444444,FALSE,,,,,,,
2012,16/02/2023,4.05,411,11,EURO2,4,1800,1.0125,0.228333333,2010-2016,0.2,0.0025,-0.154333333,FALSE,,,,,,,
2012,01/11/2023,6.14,411,11,EURO2,4,1800,1.535,0.228333333,2010-2016,0.2,0.107,-0.154333333,FALSE,,,,,,,
2012,10/07/2024,7.91,414,12,EURO2,4,1800,1.9775,0.23,2010-2016,0.2,0.1955,-0.154,FALSE,,,,,,,
2013,02/09/2023,7.43,416,10,EURO2,4,1800,1.8575,0.231111111,2010-2016,0.2,0.1715,-0.153777778,FALSE,,,,,,,
2013,17/09/2023,7.64,418,10,EURO2,4,1800,1.91,0.232222222,2010-2016,0.2,0.182,-0.153555556,FALSE,,,,,,,
2009,05/09/2023,5.63,511,14,EURO2,5.5,2200,1.023636364,0.232272727,<2010,0.2,0.004727273,-0.153545455,FALSE,,,,,,,
2012,07/09/2023,4.19,419,11,EURO2,4,1800,1.0475,0.232777778,2010-2016,0.2,0.0095,-0.153444444,FALSE,,,,,,,
2013,06/02/2024,4.35,419,11,EURO2,4,1800,1.0875,0.232777778,2010-2016,0.2,0.0175,-0.153444444,FALSE,,,,,,,
2010,02/09/2023,5.54,419,13,EURO2,4,1800,1.385,0.232777778,2010-2016,0.2,0.077,-0.153444444,FALSE,,,,,,,
2013,21/05/2024,5.63,419,11,EURO2,4,1800,1.4075,0.232777778,2010-2016,0.2,0.0815,-0.153444444,FALSE,,,,,,,
2012,31/08/2023,5.44,422,11,EURO2,4,1800,1.36,0.234444444,2010-2016,0.2,0.072,-0.153111111,FALSE,,,,,,,
2011,04/09/2023,4.02,426,12,EURO2,4,1800,1.005,0.236666667,2010-2016,0.2,0.001,-0.152666667,FALSE,,,,,,,
2010,29/11/2023,5.17,429,13,EURO2,4,1800,1.2925,0.238333333,2010-2016,0.2,0.0585,-0.152333333,FALSE,,,,,,,
2010,29/08/2023,6.32,429,13,EURO2,4,1800,1.58,0.238333333,2010-2016,0.2,0.116,-0.152333333,FALSE,,,,,,,
2011,27/06/2023,6.84,429,12,EURO2,4,1800,1.71,0.238333333,2010-2016,0.2,0.142,-0.152333333,FALSE,,,,,,,
2010,20/10/2023,5.8,430,13,EURO2,4,1800,1.45,0.238888889,2010-2016,0.2,0.09,-0.152222222,FALSE,,,,,,,
2007,05/09/2023,8.64,531,16,EURO2,5.5,2200,1.570909091,0.241363636,<2010,0.2,0.114181818,-0.151727273,FALSE,,,,,,,
2011,04/09/2023,5.27,439,12,EURO2,4,1800,1.3175,0.243888889,2010-2016,0.2,0.0635,-0.151222222,FALSE,,,,,,,
2009,08/11/2023,9.53,540,14,EURO2,5.5,2200,1.732727273,0.245454545,<2010,0.2,0.146545455,-0.150909091,FALSE,,,,,,,
2011,27/02/2023,6.63,443,12,EURO2,4,1800,1.6575,0.246111111,2010-2016,0.2,0.1315,-0.150777778,FALSE,,,,,,,
2012,25/08/2023,5.4,444,11,EURO2,4,1800,1.35,0.246666667,2010-2016,0.2,0.07,-0.150666667,FALSE,,,,,,,
2011,01/09/2023,4.28,445,12,EURO2,4,1800,1.07,0.247222222,2010-2016,0.2,0.014,-0.150555556,FALSE,,,,,,,
2013,21/09/2023,9.99,445,10,EURO2,4,1800,2.4975,0.247222222,2010-2016,0.2,0.2995,-0.150555556,FALSE,,,,,,,
2012,27/09/2023,4.51,446,11,EURO2,4,1800,1.1275,0.247777778,2010-2016,0.2,0.0255,-0.150444444,FALSE,,,,,,,
2007,05/09/2023,5.71,546,16,EURO2,5.5,2200,1.038181818,0.248181818,<2010,0.2,0.007636364,-0.150363636,FALSE,,,,,,,
2010,07/09/2023,5.54,447,13,EURO2,4,1800,1.385,0.248333333,2010-2016,0.2,0.077,-0.150333333,FALSE,,,,,,,
2013,07/09/2023,6.42,447,10,EURO2,4,1800,1.605,0.248333333,2010-2016,0.2,0.121,-0.150333333,FALSE,,,,,,,
2011,14/09/2023,8.95,448,12,EURO2,4,1800,2.2375,0.248888889,2010-2016,0.2,0.2475,-0.150222222,FALSE,,,,,,,
2011,25/11/2024,6.97,449,13,EURO2,4,1800,1.7425,0.249444444,2010-2016,0.2,0.1485,-0.150111111,FALSE,,,,,,,
2013,20/10/2023,4.13,452,10,EURO2,4,1800,1.0325,0.251111111,2010-2016,0.2,0.0065,-0.149777778,FALSE,,,,,,,
2013,11/09/2023,10.8,452,10,EURO2,4,1800,2.7,0.251111111,2010-2016,0.2,0.34,-0.149777778,FALSE,,,,,,,
2011,20/10/2023,4.18,453,12,EURO2,4,1800,1.045,0.251666667,2010-2016,0.2,0.009,-0.149666667,FALSE,,,,,,,
2012,10/09/2023,4.8,453,11,EURO2,4,1800,1.2,0.251666667,2010-2016,0.2,0.04,-0.149666667,FALSE,,,,,,,
2012,09/09/2023,4.94,453,11,EURO2,4,1800,1.235,0.251666667,2010-2016,0.2,0.047,-0.149666667,FALSE,,,,,,,
2013,29/01/2023,5.792,453,10,EURO2,4,1800,1.448,0.251666667,2010-2016,0.2,0.0896,-0.149666667,FALSE,,,,,,,
2012,30/08/2023,6.96,454,11,EURO2,4,1800,1.74,0.252222222,2010-2016,0.2,0.148,-0.149555556,FALSE,,,,,,,
2011,25/08/2023,7.14,454,12,EURO2,4,1800,1.785,0.252222222,2010-2016,0.2,0.157,-0.149555556,FALSE,,,,,,,
2008,13/09/2023,6.57,560,15,EURO2,5.5,2200,1.194545455,0.254545455,<2010,0.2,0.038909091,-0.149090909,FALSE,,,,,,,
2013,27/09/2023,5.99,460,10,EURO2,4,1800,1.4975,0.255555556,2010-2016,0.2,0.0995,-0.148888889,FALSE,,,,,,,
2013,08/09/2023,11.4,460,10,EURO2,4,1800,2.85,0.255555556,2010-2016,0.2,0.37,-0.148888889,FALSE,,,,,,,
2012,01/09/2023,5.78,461,11,EURO2,4,1800,1.445,0.256111111,2010-2016,0.2,0.089,-0.148777778,FALSE,,,,,,,
2007,21/11/2023,7.42,566,16,EURO2,5.5,2200,1.349090909,0.257272727,<2010,0.2,0.069818182,-0.148545455,FALSE,,,,,,,
2012,21/11/2023,13.9,464,11,EURO2,4,1800,3.475,0.257777778,2010-2016,0.2,0.495,-0.148444444,FALSE,,,,,,,
2007,21/09/2023,6.91,568,16,EURO2,5.5,2200,1.256363636,0.258181818,<2010,0.2,0.051272727,-0.148363636,FALSE,,,,,,,
2012,03/09/2023,6.03,466,11,EURO2,4,1800,1.5075,0.258888889,2010-2016,0.2,0.1015,-0.148222222,FALSE,,,,,,,
2012,02/09/2023,12.2,466,11,EURO2,4,1800,3.05,0.258888889,2010-2016,0.2,0.41,-0.148222222,FALSE,,,,,,,
2013,09/03/2023,4.69,468,10,EURO2,4,1800,1.1725,0.26,2010-2016,0.2,0.0345,-0.148,FALSE,,,,,,,
2011,08/08/2024,8.61,468,13,EURO2,4,1800,2.1525,0.26,2010-2016,0.2,0.2305,-0.148,FALSE,,,,,,,
2013,09/03/2023,21.8,468,10,EURO2,4,1800,5.45,0.26,2010-2016,0.2,0.89,-0.148,FALSE,,,,,,,
2013,06/09/2023,5.1,470,10,EURO2,4,1800,1.275,0.261111111,2010-2016,0.2,0.055,-0.147777778,FALSE,,,,,,,
2008,31/08/2023,8.13,575,15,EURO2,5.5,2200,1.478181818,0.261363636,<2010,0.2,0.095636364,-0.147727273,FALSE,,,,,,,
2012,31/08/2023,4.21,471,11,EURO2,4,1800,1.0525,0.261666667,2010-2016,0.2,0.0105,-0.147666667,FALSE,,,,,,,
2012,05/09/2023,6.55,471,11,EURO2,4,1800,1.6375,0.261666667,2010-2016,0.2,0.1275,-0.147666667,FALSE,,,,,,,
2012,29/08/2023,13.6,472,11,EURO2,4,1800,3.4,0.262222222,2010-2016,0.2,0.48,-0.147555556,FALSE,,,,,,,
2011,04/07/2023,9.65,474,12,EURO2,4,1800,2.4125,0.263333333,2010-2016,0.2,0.2825,-0.147333333,FALSE,,,,,,,
2009,25/08/2023,7.4,582,14,EURO2,5.5,2200,1.345454545,0.264545455,<2010,0.2,0.069090909,-0.147090909,FALSE,,,,,,,
2012,01/09/2023,6.79,477,11,EURO2,4,1800,1.6975,0.265,2010-2016,0.2,0.1395,-0.147,FALSE,,,,,,,
2013,25/06/2024,6.21,478,11,EURO2,4,1800,1.5525,0.265555556,2010-2016,0.2,0.1105,-0.146888889,FALSE,,,,,,,
2008,01/09/2023,7.2,587,15,EURO2,5.5,2200,1.309090909,0.266818182,<2010,0.2,0.061818182,-0.146636364,FALSE,,,,,,,
2011,05/09/2023,4.34,481,12,EURO2,4,1800,1.085,0.267222222,2010-2016,0.2,0.017,-0.146555556,FALSE,,,,,,,
2011,11/10/2023,6,481,12,EURO2,4,1800,1.5,0.267222222,2010-2016,0.2,0.1,-0.146555556,FALSE,,,,,,,
2011,27/09/2023,6.23,481,12,EURO2,4,1800,1.5575,0.267222222,2010-2016,0.2,0.1115,-0.146555556,FALSE,,,,,,,
2012,04/07/2024,8.01,483,12,EURO2,4,1800,2.0025,0.268333333,2010-2016,0.2,0.2005,-0.146333333,FALSE,,,,,,,
2012,25/05/2023,4.93,488,11,EURO2,4,1800,1.2325,0.271111111,2010-2016,0.2,0.0465,-0.145777778,FALSE,,,,,,,
2013,04/09/2023,4.75,489,10,EURO2,4,1800,1.1875,0.271666667,2010-2016,0.2,0.0375,-0.145666667,FALSE,,,,,,,
2013,04/09/2023,4.75,489,10,EURO2,4,1800,1.1875,0.271666667,2010-2016,0.2,0.0375,-0.145666667,FALSE,,,,,,,
2011,01/09/2023,4.09,491,12,EURO2,4,1800,1.0225,0.272777778,2010-2016,0.2,0.0045,-0.145444444,FALSE,,,,,,,
2013,12/07/2024,6.5,491,11,EURO2,4,1800,1.625,0.272777778,2010-2016,0.2,0.125,-0.145444444,FALSE,,,,,,,
2007,15/11/2023,9.99,601,16,EURO2,5.5,2200,1.816363636,0.273181818,<2010,0.2,0.163272727,-0.145363636,FALSE,,,,,,,
2013,28/08/2023,4.45,492,10,EURO2,4,1800,1.1125,0.273333333,2010-2016,0.2,0.0225,-0.145333333,FALSE,,,,,,,
2011,03/09/2023,4.22,495,12,EURO2,4,1800,1.055,0.275,2010-2016,0.2,0.011,-0.145,FALSE,,,,,,,
2011,07/08/2024,6.32,495,13,EURO2,4,1800,1.58,0.275,2010-2016,0.2,0.116,-0.145,FALSE,,,,,,,
2013,16/05/2023,10.9,495,10,EURO2,4,1800,2.725,0.275,2010-2016,0.2,0.345,-0.145,FALSE,,,,,,,
2012,19/11/2024,4.56,496,12,EURO2,4,1800,1.14,0.275555556,2010-2016,0.2,0.028,-0.144888889,FALSE,,,,,,,
2013,17/09/2023,6.7,497,10,EURO2,4,1800,1.675,0.276111111,2010-2016,0.2,0.135,-0.144777778,FALSE,,,,,,,
2010,31/08/2023,4.3,501,13,EURO2,4,1800,1.075,0.278333333,2010-2016,0.2,0.015,-0.144333333,FALSE,,,,,,,
2012,01/09/2023,7.59,501,11,EURO2,4,1800,1.8975,0.278333333,2010-2016,0.2,0.1795,-0.144333333,FALSE,,,,,,,
2013,02/10/2023,6.39,503,10,EURO2,4,1800,1.5975,0.279444444,2010-2016,0.2,0.1195,-0.144111111,FALSE,,,,,,,
2010,03/09/2023,4.49,510,13,EURO2,4,1800,1.1225,0.283333333,2010-2016,0.2,0.0245,-0.143333333,FALSE,,,,,,,
2011,18/10/2023,6,510,12,EURO2,4,1800,1.5,0.283333333,2010-2016,0.2,0.1,-0.143333333,FALSE,,,,,,,
2013,01/09/2023,6.14,512,10,EURO2,4,1800,1.535,0.284444444,2010-2016,0.2,0.107,-0.143111111,FALSE,,,,,,,
2012,17/10/2023,7.38,513,11,EURO2,4,1800,1.845,0.285,2010-2016,0.2,0.169,-0.143,FALSE,,,,,,,
2009,03/09/2023,10,629,14,EURO2,5.5,2200,1.818181818,0.285909091,<2010,0.2,0.163636364,-0.142818182,FALSE,,,,,,,
2011,10/09/2023,8.5,515,12,EURO2,4,1800,2.125,0.286111111,2010-2016,0.2,0.225,-0.142777778,FALSE,,,,,,,
2010,01/09/2023,8.39,518,13,EURO2,4,1800,2.0975,0.287777778,2010-2016,0.2,0.2195,-0.142444444,FALSE,,,,,,,
2011,26/12/2023,5.15,519,12,EURO2,4,1800,1.2875,0.288333333,2010-2016,0.2,0.0575,-0.142333333,FALSE,,,,,,,
2011,07/08/2024,6.1,522,13,EURO2,4,1800,1.525,0.29,2010-2016,0.2,0.105,-0.142,FALSE,,,,,,,
2010,13/06/2024,9.99,523,14,EURO2,4,1800,2.4975,0.290555556,2010-2016,0.2,0.2995,-0.141888889,FALSE,,,,,,,
2008,05/09/2023,6.12,641,15,EURO2,5.5,2200,1.112727273,0.291363636,<2010,0.2,0.022545455,-0.141727273,FALSE,,,,,,,
2010,26/10/2023,4.01,528,13,EURO2,4,1800,1.0025,0.293333333,2010-2016,0.2,0.0005,-0.141333333,FALSE,,,,,,,
2011,30/08/2023,4.21,528,12,EURO2,4,1800,1.0525,0.293333333,2010-2016,0.2,0.0105,-0.141333333,FALSE,,,,,,,
2013,24/08/2023,7,528,10,EURO2,4,1800,1.75,0.293333333,2010-2016,0.2,0.15,-0.141333333,FALSE,,,,,,,
2012,04/09/2024,7.19,528,12,EURO2,4,1800,1.7975,0.293333333,2010-2016,0.2,0.1595,-0.141333333,FALSE,,,,,,,
2011,02/07/2024,9.7,535,13,EURO2,4,1800,2.425,0.297222222,2010-2016,0.2,0.285,-0.140555556,FALSE,,,,,,,
2007,25/10/2023,11.12,654,16,EURO2,5.5,2200,2.021818182,0.297272727,<2010,0.2,0.204363636,-0.140545455,FALSE,,,,,,,
2010,09/11/2023,5.03,536,13,EURO2,4,1800,1.2575,0.297777778,2010-2016,0.2,0.0515,-0.140444444,FALSE,,,,,,,
2010,06/09/2023,4.5,537,13,EURO2,4,1800,1.125,0.298333333,2010-2016,0.2,0.025,-0.140333333,FALSE,,,,,,,
2013,31/08/2023,4.18,539,10,EURO2,4,1800,1.045,0.299444444,2010-2016,0.2,0.009,-0.140111111,FALSE,,,,,,,
2010,17/09/2023,4.29,539,13,EURO2,4,1800,1.0725,0.299444444,2010-2016,0.2,0.0145,-0.140111111,FALSE,,,,,,,
2010,04/11/2023,4.08,541,13,EURO2,4,1800,1.02,0.300555556,2010-2016,0.2,0.004,-0.139888889,FALSE,,,,,,,
2011,04/11/2023,4.08,541,12,EURO2,4,1800,1.02,0.300555556,2010-2016,0.2,0.004,-0.139888889,FALSE,,,,,,,
2010,12/09/2023,4.49,546,13,EURO2,4,1800,1.1225,0.303333333,2010-2016,0.2,0.0245,-0.139333333,FALSE,,,,,,,
2010,02/09/2023,5.14,546,13,EURO2,4,1800,1.285,0.303333333,2010-2016,0.2,0.057,-0.139333333,FALSE,,,,,,,
2013,13/09/2023,10.5,547,10,EURO2,4,1800,2.625,0.303888889,2010-2016,0.2,0.325,-0.139222222,FALSE,,,,,,,
2012,16/10/2024,8.62,549,12,EURO2,4,1800,2.155,0.305,2010-2016,0.2,0.231,-0.139,FALSE,,,,,,,
2012,10/08/2023,4.12,550,11,EURO2,4,1800,1.03,0.305555556,2010-2016,0.2,0.006,-0.138888889,FALSE,,,,,,,
2011,04/09/2023,4.47,555,12,EURO2,4,1800,1.1175,0.308333333,2010-2016,0.2,0.0235,-0.138333333,FALSE,,,,,,,
2010,17/09/2023,5.72,557,13,EURO2,4,1800,1.43,0.309444444,2010-2016,0.2,0.086,-0.138111111,FALSE,,,,,,,
2007,05/06/2023,6.84,681,16,EURO2,5.5,2200,1.243636364,0.309545455,<2010,0.2,0.048727273,-0.138090909,FALSE,,,,,,,
2011,05/06/2023,4.212,561,12,EURO2,4,1800,1.053,0.311666667,2010-2016,0.2,0.0106,-0.137666667,FALSE,,,,,,,
2012,07/10/2023,8.92,561,11,EURO2,4,1800,2.23,0.311666667,2010-2016,0.2,0.246,-0.137666667,FALSE,,,,,,,
2012,30/08/2023,13.1,564,11,EURO2,4,1800,3.275,0.313333333,2010-2016,0.2,0.455,-0.137333333,FALSE,,,,,,,
2013,21/11/2024,6.25,566,11,EURO2,4,1800,1.5625,0.314444444,2010-2016,0.2,0.1125,-0.137111111,FALSE,,,,,,,
2007,23/08/2023,8.47,694,16,EURO2,5.5,2200,1.54,0.315454545,<2010,0.2,0.108,-0.136909091,FALSE,,,,,,,
2013,02/02/2023,4.43,570,10,EURO2,4,1800,1.1075,0.316666667,2010-2016,0.2,0.0215,-0.136666667,FALSE,,,,,,,
2013,31/08/2023,4.06,571,10,EURO2,4,1800,1.015,0.317222222,2010-2016,0.2,0.003,-0.136555556,FALSE,,,,,,,
2013,07/09/2023,4.35,571,10,EURO2,4,1800,1.0875,0.317222222,2010-2016,0.2,0.0175,-0.136555556,FALSE,,,,,,,
2013,05/09/2023,12.6,572,10,EURO2,4,1800,3.15,0.317777778,2010-2016,0.2,0.43,-0.136444444,FALSE,,,,,,,
2013,29/08/2023,6.37,576,10,EURO2,4,1800,1.5925,0.32,2010-2016,0.2,0.1185,-0.136,FALSE,,,,,,,
2007,13/09/2023,6.02,705,16,EURO2,5.5,2200,1.094545455,0.320454545,<2010,0.2,0.018909091,-0.135909091,FALSE,,,,,,,
2010,07/09/2023,4.45,578,13,EURO2,4,1800,1.1125,0.321111111,2010-2016,0.2,0.0225,-0.135777778,FALSE,,,,,,,
2013,12/11/2023,8.39,578,10,EURO2,4,1800,2.0975,0.321111111,2010-2016,0.2,0.2195,-0.135777778,FALSE,,,,,,,
2007,10/09/2023,5.67,707,16,EURO2,5.5,2200,1.030909091,0.321363636,<2010,0.2,0.006181818,-0.135727273,FALSE,,,,,,,
2013,24/08/2023,7.05,580,10,EURO2,4,1800,1.7625,0.322222222,2010-2016,0.2,0.1525,-0.135555556,FALSE,,,,,,,
2009,05/06/2023,8.24,711,14,EURO2,5.5,2200,1.498181818,0.323181818,<2010,0.2,0.099636364,-0.135363636,FALSE,,,,,,,
2010,22/05/2024,9.87,583,14,EURO2,4,1800,2.4675,0.323888889,2010-2016,0.2,0.2935,-0.135222222,FALSE,,,,,,,
2013,17/09/2023,12.2,583,10,EURO2,4,1800,3.05,0.323888889,2010-2016,0.2,0.41,-0.135222222,FALSE,,,,,,,
2012,10/09/2023,9.8,584,11,EURO2,4,1800,2.45,0.324444444,2010-2016,0.2,0.29,-0.135111111,FALSE,,,,,,,
2010,02/11/2023,6.71,587,13,EURO2,4,1800,1.6775,0.326111111,2010-2016,0.2,0.1355,-0.134777778,FALSE,,,,,,,
2012,30/08/2023,4.23,589,11,EURO2,4,1800,1.0575,0.327222222,2010-2016,0.2,0.0115,-0.134555556,FALSE,,,,,,,
2011,14/03/2023,5.35,590,12,EURO2,4,1800,1.3375,0.327777778,2010-2016,0.2,0.0675,-0.134444444,FALSE,,,,,,,
2007,08/09/2023,5.81,722,16,EURO2,5.5,2200,1.056363636,0.328181818,<2010,0.2,0.011272727,-0.134363636,FALSE,,,,,,,
2013,01/09/2023,7.27,593,10,EURO2,4,1800,1.8175,0.329444444,2010-2016,0.2,0.1635,-0.134111111,FALSE,,,,,,,
2011,02/05/2024,7.4,593,13,EURO2,4,1800,1.85,0.329444444,2010-2016,0.2,0.17,-0.134111111,FALSE,,,,,,,
2011,16/09/2023,11.12,593,12,EURO2,4,1800,2.78,0.329444444,2010-2016,0.2,0.356,-0.134111111,FALSE,,,,,,,
2012,06/08/2024,9.99,595,12,EURO2,4,1800,2.4975,0.330555556,2010-2016,0.2,0.2995,-0.133888889,FALSE,,,,,,,
2011,21/09/2023,5.61,596,12,EURO2,4,1800,1.4025,0.331111111,2010-2016,0.2,0.0805,-0.133777778,FALSE,,,,,,,
2012,12/09/2023,8.3,597,11,EURO2,4,1800,2.075,0.331666667,2010-2016,0.2,0.215,-0.133666667,FALSE,,,,,,,
2009,08/03/2023,8.19,736,14,EURO2,5.5,2200,1.489090909,0.334545455,<2010,0.2,0.097818182,-0.133090909,FALSE,,,,,,,
2012,21/11/2024,6.26,607,12,EURO2,4,1800,1.565,0.337222222,2010-2016,0.2,0.113,-0.132555556,FALSE,,,,,,,
2011,08/09/2023,4.11,611,12,EURO2,4,1800,1.0275,0.339444444,2010-2016,0.2,0.0055,-0.132111111,FALSE,,,,,,,
2010,30/08/2023,7.4,611,13,EURO2,4,1800,1.85,0.339444444,2010-2016,0.2,0.17,-0.132111111,FALSE,,,,,,,
2012,12/09/2023,4.35,615,11,EURO2,4,1800,1.0875,0.341666667,2010-2016,0.2,0.0175,-0.131666667,FALSE,,,,,,,
2010,08/09/2023,4.22,616,13,EURO2,4,1800,1.055,0.342222222,2010-2016,0.2,0.011,-0.131555556,FALSE,,,,,,,
2010,07/03/2023,5.94,617,13,EURO2,4,1800,1.485,0.342777778,2010-2016,0.2,0.097,-0.131444444,FALSE,,,,,,,
2012,16/10/2024,6.43,618,12,EURO2,4,1800,1.6075,0.343333333,2010-2016,0.2,0.1215,-0.131333333,FALSE,,,,,,,
2012,29/08/2023,4.38,622,11,EURO2,4,1800,1.095,0.345555556,2010-2016,0.2,0.019,-0.130888889,FALSE,,,,,,,
2011,05/06/2023,7.2,622,12,EURO2,4,1800,1.8,0.345555556,2010-2016,0.2,0.16,-0.130888889,FALSE,,,,,,,
2011,17/09/2023,5.4,623,12,EURO2,4,1800,1.35,0.346111111,2010-2016,0.2,0.07,-0.130777778,FALSE,,,,,,,
2013,30/08/2023,4.88,624,10,EURO2,4,1800,1.22,0.346666667,2010-2016,0.2,0.044,-0.130666667,FALSE,,,,,,,
2011,10/05/2023,4.35,630,12,EURO2,4,1800,1.0875,0.35,2010-2016,0.2,0.0175,-0.13,FALSE,,,,,,,
2011,24/11/2023,8.2,632,12,EURO2,4,1800,2.05,0.351111111,2010-2016,0.2,0.21,-0.129777778,FALSE,,,,,,,
2013,19/09/2023,6.14,635,10,EURO2,4,1800,1.535,0.352777778,2010-2016,0.2,0.107,-0.129444444,FALSE,,,,,,,
2013,04/09/2023,7.26,635,10,EURO2,4,1800,1.815,0.352777778,2010-2016,0.2,0.163,-0.129444444,FALSE,,,,,,,
2013,28/08/2023,7.26,635,10,EURO2,4,1800,1.815,0.352777778,2010-2016,0.2,0.163,-0.129444444,FALSE,,,,,,,
2012,29/08/2023,4.1,637,11,EURO2,4,1800,1.025,0.353888889,2010-2016,0.2,0.005,-0.129222222,FALSE,,,,,,,
2008,04/09/2023,9.85,781,15,EURO2,5.5,2200,1.790909091,0.355,<2010,0.2,0.158181818,-0.129,FALSE,,,,,,,
2012,31/08/2023,6.09,640,11,EURO2,4,1800,1.5225,0.355555556,2010-2016,0.2,0.1045,-0.128888889,FALSE,,,,,,,
2012,09/07/2024,4.91,653,12,EURO2,4,1800,1.2275,0.362777778,2010-2016,0.2,0.0455,-0.127444444,FALSE,,,,,,,
2013,25/08/2023,5.1,653,10,EURO2,4,1800,1.275,0.362777778,2010-2016,0.2,0.055,-0.127444444,FALSE,,,,,,,
2013,18/07/2023,7.43,655,10,EURO2,4,1800,1.8575,0.363888889,2010-2016,0.2,0.1715,-0.127222222,FALSE,,,,,,,
2012,20/11/2024,5,656,12,EURO2,4,1800,1.25,0.364444444,2010-2016,0.2,0.05,-0.127111111,FALSE,,,,,,,
2013,21/08/2023,8.5,656,10,EURO2,4,1800,2.125,0.364444444,2010-2016,0.2,0.225,-0.127111111,FALSE,,,,,,,
2012,28/02/2024,5.16,662,12,EURO2,4,1800,1.29,0.367777778,2010-2016,0.2,0.058,-0.126444444,FALSE,,,,,,,
2010,31/08/2023,4.44,665,13,EURO2,4,1800,1.11,0.369444444,2010-2016,0.2,0.022,-0.126111111,FALSE,,,,,,,
2013,02/09/2023,4.11,675,10,EURO2,4,1800,1.0275,0.375,2010-2016,0.2,0.0055,-0.125,FALSE,,,,,,,
2012,19/09/2023,6.02,676,11,EURO2,4,1800,1.505,0.375555556,2010-2016,0.2,0.101,-0.124888889,FALSE,,,,,,,
2013,12/06/2024,4.61,677,11,EURO2,4,1800,1.1525,0.376111111,2010-2016,0.2,0.0305,-0.124777778,FALSE,,,,,,,
2012,05/09/2023,5.29,679,11,EURO2,4,1800,1.3225,0.377222222,2010-2016,0.2,0.0645,-0.124555556,FALSE,,,,,,,
2012,09/09/2023,6.58,679,11,EURO2,4,1800,1.645,0.377222222,2010-2016,0.2,0.129,-0.124555556,FALSE,,,,,,,
2010,03/07/2024,9.07,679,14,EURO2,4,1800,2.2675,0.377222222,2010-2016,0.2,0.2535,-0.124555556,FALSE,,,,,,,
2013,28/08/2024,4.41,683,11,EURO2,4,1800,1.1025,0.379444444,2010-2016,0.2,0.0205,-0.124111111,FALSE,,,,,,,
2011,12/09/2023,9.99,683,12,EURO2,4,1800,2.4975,0.379444444,2010-2016,0.2,0.2995,-0.124111111,FALSE,,,,,,,
2013,05/06/2023,4.411,686,10,EURO2,4,1800,1.10275,0.381111111,2010-2016,0.2,0.02055,-0.123777778,FALSE,,,,,,,
2009,12/09/2023,6.4,843,14,EURO2,5.5,2200,1.163636364,0.383181818,<2010,0.2,0.032727273,-0.123363636,FALSE,,,,,,,
2012,30/08/2023,6.72,690,11,EURO2,4,1800,1.68,0.383333333,2010-2016,0.2,0.136,-0.123333333,FALSE,,,,,,,
2011,06/09/2023,8.17,695,12,EURO2,4,1800,2.0425,0.386111111,2010-2016,0.2,0.2085,-0.122777778,FALSE,,,,,,,
2012,14/10/2023,5.29,698,11,EURO2,4,1800,1.3225,0.387777778,2010-2016,0.2,0.0645,-0.122444444,FALSE,,,,,,,
2012,06/11/2023,6.32,699,11,EURO2,4,1800,1.58,0.388333333,2010-2016,0.2,0.116,-0.122333333,FALSE,,,,,,,
2012,07/09/2023,7,702,11,EURO2,4,1800,1.75,0.39,2010-2016,0.2,0.15,-0.122,FALSE,,,,,,,
2010,05/09/2023,4.21,707,13,EURO2,4,1800,1.0525,0.392777778,2010-2016,0.2,0.0105,-0.121444444,FALSE,,,,,,,
2012,26/09/2023,9.16,707,11,EURO2,4,1800,2.29,0.392777778,2010-2016,0.2,0.258,-0.121444444,FALSE,,,,,,,
2010,27/09/2023,7.03,709,13,EURO2,4,1800,1.7575,0.393888889,2010-2016,0.2,0.1515,-0.121222222,FALSE,,,,,,,
2011,02/09/2024,7.9,711,13,EURO2,4,1800,1.975,0.395,2010-2016,0.2,0.195,-0.121,FALSE,,,,,,,
2007,13/11/2023,8.14,870,16,EURO2,5.5,2200,1.48,0.395454545,<2010,0.2,0.096,-0.120909091,FALSE,,,,,,,
2008,23/10/2024,9.03,870,16,EURO2,5.5,2200,1.641818182,0.395454545,<2010,0.2,0.128363636,-0.120909091,FALSE,,,,,,,
2013,22/05/2024,6.25,716,11,EURO2,4,1800,1.5625,0.397777778,2010-2016,0.2,0.1125,-0.120444444,FALSE,,,,,,,
2010,05/09/2023,6.1,719,13,EURO2,4,1800,1.525,0.399444444,2010-2016,0.2,0.105,-0.120111111,FALSE,,,,,,,
2012,30/08/2023,7,719,11,EURO2,4,1800,1.75,0.399444444,2010-2016,0.2,0.15,-0.120111111,FALSE,,,,,,,
2012,02/09/2023,4.14,720,11,EURO2,4,1800,1.035,0.4,2010-2016,0.2,0.007,-0.12,FALSE,,,,,,,
2013,25/11/2024,7.79,723,11,EURO2,4,1800,1.9475,0.401666667,2010-2016,0.2,0.1895,-0.119666667,FALSE,,,,,,,
2013,14/12/2023,4.44,724,10,EURO2,4,1800,1.11,0.402222222,2010-2016,0.2,0.022,-0.119555556,FALSE,,,,,,,
2010,10/09/2023,4.9,729,13,EURO2,4,1800,1.225,0.405,2010-2016,0.2,0.045,-0.119,FALSE,,,,,,,
2011,14/09/2023,7.2,729,12,EURO2,4,1800,1.8,0.405,2010-2016,0.2,0.16,-0.119,FALSE,,,,,,,
2013,05/06/2023,7.79,729,10,EURO2,4,1800,1.9475,0.405,2010-2016,0.2,0.1895,-0.119,FALSE,,,,,,,
2010,28/08/2023,5.53,732,13,EURO2,4,1800,1.3825,0.406666667,2010-2016,0.2,0.0765,-0.118666667,FALSE,,,,,,,
2012,07/09/2024,4.98,733,12,EURO2,4,1800,1.245,0.407222222,2010-2016,0.2,0.049,-0.118555556,FALSE,,,,,,,
2011,17/10/2023,7.58,736,12,EURO2,4,1800,1.895,0.408888889,2010-2016,0.2,0.179,-0.118222222,FALSE,,,,,,,
2011,17/10/2023,7.58,736,12,EURO2,4,1800,1.895,0.408888889,2010-2016,0.2,0.179,-0.118222222,FALSE,,,,,,,
2010,10/09/2023,8,737,13,EURO2,4,1800,2,0.409444444,2010-2016,0.2,0.2,-0.118111111,FALSE,,,,,,,
2012,24/08/2024,6.065,738,12,EURO2,4,1800,1.51625,0.41,2010-2016,0.2,0.10325,-0.118,FALSE,,,,,,,
2011,24/09/2024,8.43,738,13,EURO2,4,1800,2.1075,0.41,2010-2016,0.2,0.2215,-0.118,FALSE,,,,,,,
2010,20/11/2023,8.12,740,13,EURO2,4,1800,2.03,0.411111111,2010-2016,0.2,0.206,-0.117777778,FALSE,,,,,,,
2013,11/09/2023,4.04,741,10,EURO2,4,1800,1.01,0.411666667,2010-2016,0.2,0.002,-0.117666667,FALSE,,,,,,,
2011,28/08/2023,5.04,741,12,EURO2,4,1800,1.26,0.411666667,2010-2016,0.2,0.052,-0.117666667,FALSE,,,,,,,
2013,23/02/2023,8.38,741,10,EURO2,4,1800,2.095,0.411666667,2010-2016,0.2,0.219,-0.117666667,FALSE,,,,,,,
2010,23/05/2023,11.6,741,13,EURO2,4,1800,2.9,0.411666667,2010-2016,0.2,0.38,-0.117666667,FALSE,,,,,,,
2009,09/07/2024,9.85,909,15,EURO2,5.5,2200,1.790909091,0.413181818,<2010,0.2,0.158181818,-0.117363636,FALSE,,,,,,,
2012,25/02/2025,6.73,745,13,EURO2,4,1800,1.6825,0.413888889,2010-2016,0.2,0.1365,-0.117222222,FALSE,,,,,,,
2012,22/08/2023,7.51,745,11,EURO2,4,1800,1.8775,0.413888889,2010-2016,0.2,0.1755,-0.117222222,FALSE,,,,,,,
2010,12/09/2023,7.78,746,13,EURO2,4,1800,1.945,0.414444444,2010-2016,0.2,0.189,-0.117111111,FALSE,,,,,,,
2012,08/09/2023,4.32,750,11,EURO2,4,1800,1.08,0.416666667,2010-2016,0.2,0.016,-0.116666667,FALSE,,,,,,,
2013,29/08/2023,8.77,753,10,EURO2,4,1800,2.1925,0.418333333,2010-2016,0.2,0.2385,-0.116333333,FALSE,,,,,,,
2009,06/09/2023,9.66,922,14,EURO2,5.5,2200,1.756363636,0.419090909,<2010,0.2,0.151272727,-0.116181818,FALSE,,,,,,,
2012,31/08/2023,4.45,757,11,EURO2,4,1800,1.1125,0.420555556,2010-2016,0.2,0.0225,-0.115888889,FALSE,,,,,,,
2012,13/11/2023,7.04,757,11,EURO2,4,1800,1.76,0.420555556,2010-2016,0.2,0.152,-0.115888889,FALSE,,,,,,,
2013,16/05/2023,4.4,760,10,EURO2,4,1800,1.1,0.422222222,2010-2016,0.2,0.02,-0.115555556,FALSE,,,,,,,
2013,31/08/2023,6.73,761,10,EURO2,4,1800,1.6825,0.422777778,2010-2016,0.2,0.1365,-0.115444444,FALSE,,,,,,,
2013,01/09/2023,12.4,765,10,EURO2,4,1800,3.1,0.425,2010-2016,0.2,0.42,-0.115,FALSE,,,,,,,
2013,01/09/2023,12.4,765,10,EURO2,4,1800,3.1,0.425,2010-2016,0.2,0.42,-0.115,FALSE,,,,,,,
2007,08/09/2023,7.17,936,16,EURO2,5.5,2200,1.303636364,0.425454545,<2010,0.2,0.060727273,-0.114909091,FALSE,,,,,,,
2013,12/09/2023,5.9,768,10,EURO2,4,1800,1.475,0.426666667,2010-2016,0.2,0.095,-0.114666667,FALSE,,,,,,,
2013,25/10/2023,7.29,775,10,EURO2,4,1800,1.8225,0.430555556,2010-2016,0.2,0.1645,-0.113888889,FALSE,,,,,,,
2008,05/06/2023,9.38,948,15,EURO2,5.5,2200,1.705454545,0.430909091,<2010,0.2,0.141090909,-0.113818182,FALSE,,,,,,,
2010,07/11/2023,34.32,778,13,EURO2,4,1800,8.58,0.432222222,2010-2016,0.2,1.516,-0.113555556,FALSE,,,,,,,
2013,25/09/2023,11.9,779,10,EURO2,4,1800,2.975,0.432777778,2010-2016,0.2,0.395,-0.113444444,FALSE,,,,,,,
2011,20/06/2023,4.46,780,12,EURO2,4,1800,1.115,0.433333333,2010-2016,0.2,0.023,-0.113333333,FALSE,,,,,,,
2009,26/09/2024,7.32,959,15,EURO2,5.5,2200,1.330909091,0.435909091,<2010,0.2,0.066181818,-0.112818182,FALSE,,,,,,,
2012,21/08/2023,4.04,789,11,EURO2,4,1800,1.01,0.438333333,2010-2016,0.2,0.002,-0.112333333,FALSE,,,,,,,
2010,02/10/2023,6.98,789,13,EURO2,4,1800,1.745,0.438333333,2010-2016,0.2,0.149,-0.112333333,FALSE,,,,,,,
2013,17/09/2023,4.4,791,10,EURO2,4,1800,1.1,0.439444444,2010-2016,0.2,0.02,-0.112111111,FALSE,,,,,,,
2012,06/11/2023,4,792,11,EURO2,4,1800,1,0.44,2010-2016,0.2,0,-0.112,FALSE,,,,,,,
2011,24/08/2024,6.994,794,13,EURO2,4,1800,1.7485,0.441111111,2010-2016,0.2,0.1497,-0.111777778,FALSE,,,,,,,
2010,10/09/2024,7.76,795,14,EURO2,4,1800,1.94,0.441666667,2010-2016,0.2,0.188,-0.111666667,FALSE,,,,,,,
2011,06/09/2023,7.02,802,12,EURO2,4,1800,1.755,0.445555556,2010-2016,0.2,0.151,-0.110888889,FALSE,,,,,,,
2013,11/09/2023,4.33,803,10,EURO2,4,1800,1.0825,0.446111111,2010-2016,0.2,0.0165,-0.110777778,FALSE,,,,,,,
2011,12/10/2023,10,805,12,EURO2,4,1800,2.5,0.447222222,2010-2016,0.2,0.3,-0.110555556,FALSE,,,,,,,
2008,14/09/2023,6.94,990,15,EURO2,5.5,2200,1.261818182,0.45,<2010,0.2,0.052363636,-0.11,FALSE,,,,,,,
2011,11/11/2024,6.45,812,13,EURO2,4,1800,1.6125,0.451111111,2010-2016,0.2,0.1225,-0.109777778,FALSE,,,,,,,
2010,04/09/2023,7.6,815,13,EURO2,4,1800,1.9,0.452777778,2010-2016,0.2,0.18,-0.109444444,FALSE,,,,,,,
2013,27/06/2024,7.88,815,11,EURO2,4,1800,1.97,0.452777778,2010-2016,0.2,0.194,-0.109444444,FALSE,,,,,,,
2012,24/08/2023,8.15,817,11,EURO2,4,1800,2.0375,0.453888889,2010-2016,0.2,0.2075,-0.109222222,FALSE,,,,,,,
2009,23/12/2023,6.52,1000,14,EURO2,5.5,2200,1.185454545,0.454545455,<2010,0.2,0.037090909,-0.109090909,FALSE,,,,,,,
2011,24/08/2023,8.12,822,12,EURO2,4,1800,2.03,0.456666667,2010-2016,0.2,0.206,-0.108666667,FALSE,,,,,,,
2013,31/08/2023,12.4,823,10,EURO2,4,1800,3.1,0.457222222,2010-2016,0.2,0.42,-0.108555556,FALSE,,,,,,,
2013,10/09/2023,4.76,825,10,EURO2,4,1800,1.19,0.458333333,2010-2016,0.2,0.038,-0.108333333,FALSE,,,,,,,
2012,08/09/2023,7,826,11,EURO2,4,1800,1.75,0.458888889,2010-2016,0.2,0.15,-0.108222222,FALSE,,,,,,,
2012,25/08/2023,9.99,826,11,EURO2,4,1800,2.4975,0.458888889,2010-2016,0.2,0.2995,-0.108222222,FALSE,,,,,,,
2013,04/09/2023,4.9,832,10,EURO2,4,1800,1.225,0.462222222,2010-2016,0.2,0.045,-0.107555556,FALSE,,,,,,,
2013,30/08/2023,5.6,832,10,EURO2,4,1800,1.4,0.462222222,2010-2016,0.2,0.08,-0.107555556,FALSE,,,,,,,
2013,20/07/2023,8.52,832,10,EURO2,4,1800,2.13,0.462222222,2010-2016,0.2,0.226,-0.107555556,FALSE,,,,,,,
2013,01/05/2023,4.69,833,10,EURO2,4,1800,1.1725,0.462777778,2010-2016,0.2,0.0345,-0.107444444,FALSE,,,,,,,
2007,29/08/2023,5.75,1024,16,EURO2,5.5,2200,1.045454545,0.465454545,<2010,0.2,0.009090909,-0.106909091,FALSE,,,,,,,
2007,05/10/2023,8.61,1026,16,EURO2,5.5,2200,1.565454545,0.466363636,<2010,0.2,0.113090909,-0.106727273,FALSE,,,,,,,
2012,23/05/2023,11.5,843,11,EURO2,4,1800,2.875,0.468333333,2010-2016,0.2,0.375,-0.106333333,FALSE,,,,,,,
2013,26/10/2023,5,846,10,EURO2,4,1800,1.25,0.47,2010-2016,0.2,0.05,-0.106,FALSE,,,,,,,
2012,06/09/2023,9.08,846,11,EURO2,4,1800,2.27,0.47,2010-2016,0.2,0.254,-0.106,FALSE,,,,,,,
2013,29/08/2023,6.19,848,10,EURO2,4,1800,1.5475,0.471111111,2010-2016,0.2,0.1095,-0.105777778,FALSE,,,,,,,
2011,14/09/2023,8.24,851,12,EURO2,4,1800,2.06,0.472777778,2010-2016,0.2,0.212,-0.105444444,FALSE,,,,,,,
2013,12/09/2023,4.28,854,10,EURO2,4,1800,1.07,0.474444444,2010-2016,0.2,0.014,-0.105111111,FALSE,,,,,,,
2011,20/06/2023,5.71,856,12,EURO2,4,1800,1.4275,0.475555556,2010-2016,0.2,0.0855,-0.104888889,FALSE,,,,,,,
2012,31/08/2023,4.52,858,11,EURO2,4,1800,1.13,0.476666667,2010-2016,0.2,0.026,-0.104666667,FALSE,,,,,,,
2010,03/12/2024,8.34,863,14,EURO2,4,1800,2.085,0.479444444,2010-2016,0.2,0.217,-0.104111111,FALSE,,,,,,,
2013,11/04/2023,5.5,867,10,EURO2,4,1800,1.375,0.481666667,2010-2016,0.2,0.075,-0.103666667,FALSE,,,,,,,
2013,06/09/2023,4.36,870,10,EURO2,4,1800,1.09,0.483333333,2010-2016,0.2,0.018,-0.103333333,FALSE,,,,,,,
2007,12/08/2024,6.42,1067,17,EURO2,5.5,2200,1.167272727,0.485,<2010,0.2,0.033454545,-0.103,FALSE,,,,,,,
2011,30/08/2023,4.43,881,12,EURO2,4,1800,1.1075,0.489444444,2010-2016,0.2,0.0215,-0.102111111,FALSE,,,,,,,
2010,31/08/2023,4.99,885,13,EURO2,4,1800,1.2475,0.491666667,2010-2016,0.2,0.0495,-0.101666667,FALSE,,,,,,,
2012,31/10/2023,6.99,887,11,EURO2,4,1800,1.7475,0.492777778,2010-2016,0.2,0.1495,-0.101444444,FALSE,,,,,,,
2011,01/09/2023,7.39,892,12,EURO2,4,1800,1.8475,0.495555556,2010-2016,0.2,0.1695,-0.100888889,FALSE,,,,,,,
2010,03/11/2023,8.22,893,13,EURO2,4,1800,2.055,0.496111111,2010-2016,0.2,0.211,-0.100777778,FALSE,,,,,,,
2011,29/08/2023,19.8,893,12,EURO2,4,1800,4.95,0.496111111,2010-2016,0.2,0.79,-0.100777778,FALSE,,,,,,,
2013,31/08/2023,6.85,897,10,EURO2,4,1800,1.7125,0.498333333,2010-2016,0.2,0.1425,-0.100333333,FALSE,,,,,,,
2012,07/09/2023,9.53,901,11,EURO2,4,1800,2.3825,0.500555556,2010-2016,0.2,0.2765,-0.099888889,FALSE,,,,,,,
2011,28/02/2024,9.99,902,13,EURO2,4,1800,2.4975,0.501111111,2010-2016,0.2,0.2995,-0.099777778,FALSE,,,,,,,
2013,26/09/2023,8.32,903,10,EURO2,4,1800,2.08,0.501666667,2010-2016,0.2,0.216,-0.099666667,FALSE,,,,,,,
2010,10/09/2023,9.33,903,13,EURO2,4,1800,2.3325,0.501666667,2010-2016,0.2,0.2665,-0.099666667,FALSE,,,,,,,
2012,23/08/2023,4.45,907,11,EURO2,4,1800,1.1125,0.503888889,2010-2016,0.2,0.0225,-0.099222222,FALSE,,,,,,,
2011,10/09/2023,10,911,12,EURO2,4,1800,2.5,0.506111111,2010-2016,0.2,0.3,-0.098777778,FALSE,,,,,,,
2011,29/08/2023,4.36,915,12,EURO2,4,1800,1.09,0.508333333,2010-2016,0.2,0.018,-0.098333333,FALSE,,,,,,,
2009,20/02/2025,6.54,1129,16,EURO2,5.5,2200,1.189090909,0.513181818,<2010,0.2,0.037818182,-0.097363636,FALSE,,,,,,,
2011,20/02/2025,8.16,926,14,EURO2,4,1800,2.04,0.514444444,2010-2016,0.2,0.208,-0.097111111,FALSE,,,,,,,
2010,19/09/2023,9.8,927,13,EURO2,4,1800,2.45,0.515,2010-2016,0.2,0.29,-0.097,FALSE,,,,,,,
2011,31/08/2023,4.35,928,12,EURO2,4,1800,1.0875,0.515555556,2010-2016,0.2,0.0175,-0.096888889,FALSE,,,,,,,
2012,10/09/2023,9.33,934,11,EURO2,4,1800,2.3325,0.518888889,2010-2016,0.2,0.2665,-0.096222222,FALSE,,,,,,,
2011,29/08/2023,10,936,12,EURO2,4,1800,2.5,0.52,2010-2016,0.2,0.3,-0.096,FALSE,,,,,,,
2008,08/11/2023,5.67,1145,15,EURO2,5.5,2200,1.030909091,0.520454545,<2010,0.2,0.006181818,-0.095909091,FALSE,,,,,,,
2009,31/08/2023,5.52,1151,14,EURO2,5.5,2200,1.003636364,0.523181818,<2010,0.2,0.000727273,-0.095363636,FALSE,,,,,,,
2012,07/09/2023,8.79,944,11,EURO2,4,1800,2.1975,0.524444444,2010-2016,0.2,0.2395,-0.095111111,FALSE,,,,,,,
2012,20/07/2023,10,949,11,EURO2,4,1800,2.5,0.527222222,2010-2016,0.2,0.3,-0.094555556,FALSE,,,,,,,
2011,14/02/2023,4,956,12,EURO2,4,1800,1,0.531111111,2010-2016,0.2,0,-0.093777778,FALSE,,,,,,,
2012,31/08/2023,7.11,956,11,EURO2,4,1800,1.7775,0.531111111,2010-2016,0.2,0.1555,-0.093777778,FALSE,,,,,,,
2013,22/08/2023,4.13,958,10,EURO2,4,1800,1.0325,0.532222222,2010-2016,0.2,0.0065,-0.093555556,FALSE,,,,,,,
2013,02/02/2023,4.34,958,10,EURO2,4,1800,1.085,0.532222222,2010-2016,0.2,0.017,-0.093555556,FALSE,,,,,,,
2013,28/11/2023,5.61,958,10,EURO2,4,1800,1.4025,0.532222222,2010-2016,0.2,0.0805,-0.093555556,FALSE,,,,,,,
2009,10/10/2023,9.21,1171,14,EURO2,5.5,2200,1.674545455,0.532272727,<2010,0.2,0.134909091,-0.093545455,FALSE,,,,,,,
2013,15/08/2024,9.34,960,11,EURO2,4,1800,2.335,0.533333333,2010-2016,0.2,0.267,-0.093333333,FALSE,,,,,,,
2010,07/09/2023,4.28,962,13,EURO2,4,1800,1.07,0.534444444,2010-2016,0.2,0.014,-0.093111111,FALSE,,,,,,,
2010,21/09/2023,7.22,962,13,EURO2,4,1800,1.805,0.534444444,2010-2016,0.2,0.161,-0.093111111,FALSE,,,,,,,
2010,23/06/2023,4.04,966,13,EURO2,4,1800,1.01,0.536666667,2010-2016,0.2,0.002,-0.092666667,FALSE,,,,,,,
2012,12/09/2023,5.4,968,11,EURO2,4,1800,1.35,0.537777778,2010-2016,0.2,0.07,-0.092444444,FALSE,,,,,,,
2013,21/03/2023,7.35,973,10,EURO2,4,1800,1.8375,0.540555556,2010-2016,0.2,0.1675,-0.091888889,FALSE,,,,,,,
2013,30/08/2023,12.1,973,10,EURO2,4,1800,3.025,0.540555556,2010-2016,0.2,0.405,-0.091888889,FALSE,,,,,,,
2013,28/08/2023,7.36,974,10,EURO2,4,1800,1.84,0.541111111,2010-2016,0.2,0.168,-0.091777778,FALSE,,,,,,,
2009,16/09/2023,7.65,1198,14,EURO2,5.5,2200,1.390909091,0.544545455,<2010,0.2,0.078181818,-0.091090909,FALSE,,,,,,,
2008,21/02/2024,9.91,1198,16,EURO2,5.5,2200,1.801818182,0.544545455,<2010,0.2,0.160363636,-0.091090909,FALSE,,,,,,,
2012,20/12/2023,5.589,984,11,EURO2,4,1800,1.39725,0.546666667,2010-2016,0.2,0.07945,-0.090666667,FALSE,,,,,,,
2013,04/09/2023,4.44,988,10,EURO2,4,1800,1.11,0.548888889,2010-2016,0.2,0.022,-0.090222222,FALSE,,,,,,,
2012,06/09/2023,4.55,988,11,EURO2,4,1800,1.1375,0.548888889,2010-2016,0.2,0.0275,-0.090222222,FALSE,,,,,,,
2010,10/09/2023,4.41,989,13,EURO2,4,1800,1.1025,0.549444444,2010-2016,0.2,0.0205,-0.090111111,FALSE,,,,,,,
2011,20/06/2023,7.27,991,12,EURO2,4,1800,1.8175,0.550555556,2010-2016,0.2,0.1635,-0.089888889,FALSE,,,,,,,
2012,05/09/2023,4.21,997,11,EURO2,4,1800,1.0525,0.553888889,2010-2016,0.2,0.0105,-0.089222222,FALSE,,,,,,,
2012,07/09/2023,4.5,997,11,EURO2,4,1800,1.125,0.553888889,2010-2016,0.2,0.025,-0.089222222,FALSE,,,,,,,
2010,31/08/2023,7.35,1000,13,EURO2,4,1800,1.8375,0.555555556,2010-2016,0.2,0.1675,-0.088888889,FALSE,,,,,,,
2013,05/09/2023,7.09,1004,10,EURO2,4,1800,1.7725,0.557777778,2010-2016,0.2,0.1545,-0.088444444,FALSE,,,,,,,
2010,07/09/2023,8.01,1004,13,EURO2,4,1800,2.0025,0.557777778,2010-2016,0.2,0.2005,-0.088444444,FALSE,,,,,,,
2012,01/09/2023,5.1,1006,11,EURO2,4,1800,1.275,0.558888889,2010-2016,0.2,0.055,-0.088222222,FALSE,,,,,,,
2010,02/09/2023,4.09,1011,13,EURO2,4,1800,1.0225,0.561666667,2010-2016,0.2,0.0045,-0.087666667,FALSE,,,,,,,
2010,25/11/2024,7.52,1011,14,EURO2,4,1800,1.88,0.561666667,2010-2016,0.2,0.176,-0.087666667,FALSE,,,,,,,
2012,30/08/2023,7.59,1012,11,EURO2,4,1800,1.8975,0.562222222,2010-2016,0.2,0.1795,-0.087555556,FALSE,,,,,,,
2011,23/08/2023,10,1012,12,EURO2,4,1800,2.5,0.562222222,2010-2016,0.2,0.3,-0.087555556,FALSE,,,,,,,
2010,23/12/2024,8.62,1014,14,EURO2,4,1800,2.155,0.563333333,2010-2016,0.2,0.231,-0.087333333,FALSE,,,,,,,
2011,23/09/2023,4.09,1019,12,EURO2,4,1800,1.0225,0.566111111,2010-2016,0.2,0.0045,-0.086777778,FALSE,,,,,,,
2013,04/07/2024,7.21,1021,11,EURO2,4,1800,1.8025,0.567222222,2010-2016,0.2,0.1605,-0.086555556,FALSE,,,,,,,
2013,30/10/2024,8.72,1022,11,EURO2,4,1800,2.18,0.567777778,2010-2016,0.2,0.236,-0.086444444,FALSE,,,,,,,
2012,24/08/2023,7.45,1040,11,EURO2,4,1800,1.8625,0.577777778,2010-2016,0.2,0.1725,-0.084444444,FALSE,,,,,,,
2013,23/08/2023,6.6,1044,10,EURO2,4,1800,1.65,0.58,2010-2016,0.2,0.13,-0.084,FALSE,,,,,,,
2012,02/10/2023,7.87,1045,11,EURO2,4,1800,1.9675,0.580555556,2010-2016,0.2,0.1935,-0.083888889,FALSE,,,,,,,
2013,29/08/2023,12.2,1049,10,EURO2,4,1800,3.05,0.582777778,2010-2016,0.2,0.41,-0.083444444,FALSE,,,,,,,
2012,13/06/2023,9.66,1054,11,EURO2,4,1800,2.415,0.585555556,2010-2016,0.2,0.283,-0.082888889,FALSE,,,,,,,
2010,08/09/2023,4.43,1060,13,EURO2,4,1800,1.1075,0.588888889,2010-2016,0.2,0.0215,-0.082222222,FALSE,,,,,,,
2013,06/06/2024,6.29,1063,11,EURO2,4,1800,1.5725,0.590555556,2010-2016,0.2,0.1145,-0.081888889,FALSE,,,,,,,
2009,14/09/2023,9.18,1313,14,EURO2,5.5,2200,1.669090909,0.596818182,<2010,0.2,0.133818182,-0.080636364,FALSE,,,,,,,
2013,22/02/2023,5.19,1076,10,EURO2,4,1800,1.2975,0.597777778,2010-2016,0.2,0.0595,-0.080444444,FALSE,,,,,,,
2013,25/06/2024,6.53,1077,11,EURO2,4,1800,1.6325,0.598333333,2010-2016,0.2,0.1265,-0.080333333,FALSE,,,,,,,
2012,01/09/2023,7.23,1084,11,EURO2,4,1800,1.8075,0.602222222,2010-2016,0.2,0.1615,-0.079555556,FALSE,,,,,,,
2012,01/09/2023,7.23,1084,11,EURO2,4,1800,1.8075,0.602222222,2010-2016,0.2,0.1615,-0.079555556,FALSE,,,,,,,
2010,02/09/2023,4.58,1086,13,EURO2,4,1800,1.145,0.603333333,2010-2016,0.2,0.029,-0.079333333,FALSE,,,,,,,
2008,29/08/2023,7.03,1345,15,EURO2,5.5,2200,1.278181818,0.611363636,<2010,0.2,0.055636364,-0.077727273,FALSE,,,,,,,
2011,16/02/2023,4.74,1106,12,EURO2,4,1800,1.185,0.614444444,2010-2016,0.2,0.037,-0.077111111,FALSE,,,,,,,
2010,30/01/2024,5.86,1107,14,EURO2,4,1800,1.465,0.615,2010-2016,0.2,0.093,-0.077,FALSE,,,,,,,
2013,17/09/2023,6.4,1110,10,EURO2,4,1800,1.6,0.616666667,2010-2016,0.2,0.12,-0.076666667,FALSE,,,,,,,
2012,13/01/2024,6.34,1111,12,EURO2,4,1800,1.585,0.617222222,2010-2016,0.2,0.117,-0.076555556,FALSE,,,,,,,
2013,27/08/2023,4.4,1112,10,EURO2,4,1800,1.1,0.617777778,2010-2016,0.2,0.02,-0.076444444,FALSE,,,,,,,
2011,15/08/2024,5.55,1120,13,EURO2,4,1800,1.3875,0.622222222,2010-2016,0.2,0.0775,-0.075555556,FALSE,,,,,,,
2011,04/09/2023,8.2,1120,12,EURO2,4,1800,2.05,0.622222222,2010-2016,0.2,0.21,-0.075555556,FALSE,,,,,,,
2013,08/09/2023,4.65,1128,10,EURO2,4,1800,1.1625,0.626666667,2010-2016,0.2,0.0325,-0.074666667,FALSE,,,,,,,
2013,12/09/2023,11.3,1129,10,EURO2,4,1800,2.825,0.627222222,2010-2016,0.2,0.365,-0.074555556,FALSE,,,,,,,
2013,18/09/2023,6.46,1135,10,EURO2,4,1800,1.615,0.630555556,2010-2016,0.2,0.123,-0.073888889,FALSE,,,,,,,
2012,13/08/2024,9.45,1142,12,EURO2,4,1800,2.3625,0.634444444,2010-2016,0.2,0.2725,-0.073111111,FALSE,,,,,,,
2011,05/09/2023,9.99,1142,12,EURO2,4,1800,2.4975,0.634444444,2010-2016,0.2,0.2995,-0.073111111,FALSE,,,,,,,
2011,30/08/2023,6.27,1149,12,EURO2,4,1800,1.5675,0.638333333,2010-2016,0.2,0.1135,-0.072333333,FALSE,,,,,,,
2013,22/11/2023,6.91,1149,10,EURO2,4,1800,1.7275,0.638333333,2010-2016,0.2,0.1455,-0.072333333,FALSE,,,,,,,
2011,12/09/2023,9.15,1153,12,EURO2,4,1800,2.2875,0.640555556,2010-2016,0.2,0.2575,-0.071888889,FALSE,,,,,,,
2012,04/11/2023,5.23,1160,11,EURO2,4,1800,1.3075,0.644444444,2010-2016,0.2,0.0615,-0.071111111,FALSE,,,,,,,
2010,14/11/2023,10,1168,13,EURO2,4,1800,2.5,0.648888889,2010-2016,0.2,0.3,-0.070222222,FALSE,,,,,,,
2010,27/08/2023,4.42,1170,13,EURO2,4,1800,1.105,0.65,2010-2016,0.2,0.021,-0.07,FALSE,,,,,,,
2008,02/10/2024,7.02,1430,16,EURO2,5.5,2200,1.276363636,0.65,<2010,0.2,0.055272727,-0.07,FALSE,,,,,,,
2013,20/02/2025,5.37,1171,12,EURO2,4,1800,1.3425,0.650555556,2010-2016,0.2,0.0685,-0.069888889,FALSE,,,,,,,
2011,22/08/2023,8.91,1172,12,EURO2,4,1800,2.2275,0.651111111,2010-2016,0.2,0.2455,-0.069777778,FALSE,,,,,,,
2013,04/07/2023,4.55,1173,10,EURO2,4,1800,1.1375,0.651666667,2010-2016,0.2,0.0275,-0.069666667,FALSE,,,,,,,
2012,01/11/2023,7.55,1177,11,EURO2,4,1800,1.8875,0.653888889,2010-2016,0.2,0.1775,-0.069222222,FALSE,,,,,,,
2012,04/11/2023,4,1182,11,EURO2,4,1800,1,0.656666667,2010-2016,0.2,0,-0.068666667,FALSE,,,,,,,
2011,29/03/2023,9.01,1184,12,EURO2,4,1800,2.2525,0.657777778,2010-2016,0.2,0.2505,-0.068444444,FALSE,,,,,,,
2013,08/09/2023,4.52,1185,10,EURO2,4,1800,1.13,0.658333333,2010-2016,0.2,0.026,-0.068333333,FALSE,,,,,,,
2013,28/09/2023,4,1196,10,EURO2,4,1800,1,0.664444444,2010-2016,0.2,0,-0.067111111,FALSE,,,,,,,
2013,22/08/2023,4.1,1200,10,EURO2,4,1800,1.025,0.666666667,2010-2016,0.2,0.005,-0.066666667,FALSE,,,,,,,
2012,17/09/2023,11.5,1212,11,EURO2,4,1800,2.875,0.673333333,2010-2016,0.2,0.375,-0.065333333,FALSE,,,,,,,
2013,02/09/2023,7.31,1231,10,EURO2,4,1800,1.8275,0.683888889,2010-2016,0.2,0.1655,-0.063222222,FALSE,,,,,,,
2011,27/09/2023,9.8,1232,12,EURO2,4,1800,2.45,0.684444444,2010-2016,0.2,0.29,-0.063111111,FALSE,,,,,,,
2013,01/08/2024,8.86,1233,11,EURO2,4,1800,2.215,0.685,2010-2016,0.2,0.243,-0.063,FALSE,,,,,,,
2008,20/02/2025,9.55,1511,17,EURO2,5.5,2200,1.736363636,0.686818182,<2010,0.2,0.147272727,-0.062636364,FALSE,,,,,,,
2013,03/09/2023,8.3,1239,10,EURO2,4,1800,2.075,0.688333333,2010-2016,0.2,0.215,-0.062333333,FALSE,,,,,,,
2013,24/08/2023,7.35,1247,10,EURO2,4,1800,1.8375,0.692777778,2010-2016,0.2,0.1675,-0.061444444,FALSE,,,,,,,
2011,31/10/2023,8.85,1249,12,EURO2,4,1800,2.2125,0.693888889,2010-2016,0.2,0.2425,-0.061222222,FALSE,,,,,,,
2013,02/09/2023,4.85,1250,10,EURO2,4,1800,1.2125,0.694444444,2010-2016,0.2,0.0425,-0.061111111,FALSE,,,,,,,
2007,30/08/2023,9.02,1529,16,EURO2,5.5,2200,1.64,0.695,<2010,0.2,0.128,-0.061,FALSE,,,,,,,
2013,07/09/2023,4.39,1254,10,EURO2,4,1800,1.0975,0.696666667,2010-2016,0.2,0.0195,-0.060666667,FALSE,,,,,,,
2013,23/05/2023,11.2,1259,10,EURO2,4,1800,2.8,0.699444444,2010-2016,0.2,0.36,-0.060111111,FALSE,,,,,,,
2013,03/11/2023,4.24,1260,10,EURO2,4,1800,1.06,0.7,2010-2016,0.2,0.012,-0.06,FALSE,,,,,,,
2010,02/11/2023,5.18,1260,13,EURO2,4,1800,1.295,0.7,2010-2016,0.2,0.059,-0.06,FALSE,,,,,,,
2009,24/09/2023,8.47,1542,14,EURO2,5.5,2200,1.54,0.700909091,<2010,0.2,0.108,-0.059818182,FALSE,,,,,,,
2013,09/09/2023,5.91,1264,10,EURO2,4,1800,1.4775,0.702222222,2010-2016,0.2,0.0955,-0.059555556,FALSE,,,,,,,
2010,31/08/2023,4.38,1275,13,EURO2,4,1800,1.095,0.708333333,2010-2016,0.2,0.019,-0.058333333,FALSE,,,,,,,
2012,07/11/2023,4.6,1281,11,EURO2,4,1800,1.15,0.711666667,2010-2016,0.2,0.03,-0.057666667,FALSE,,,,,,,
2013,27/09/2023,7.46,1296,10,EURO2,4,1800,1.865,0.72,2010-2016,0.2,0.173,-0.056,FALSE,,,,,,,
2010,16/09/2023,8.29,1298,13,EURO2,4,1800,2.0725,0.721111111,2010-2016,0.2,0.2145,-0.055777778,FALSE,,,,,,,
2012,12/09/2023,4.56,1299,11,EURO2,4,1800,1.14,0.721666667,2010-2016,0.2,0.028,-0.055666667,FALSE,,,,,,,
2011,22/08/2023,4.1,1300,12,EURO2,4,1800,1.025,0.722222222,2010-2016,0.2,0.005,-0.055555556,FALSE,,,,,,,
2010,04/04/2023,6.01,1308,13,EURO2,4,1800,1.5025,0.726666667,2010-2016,0.2,0.1005,-0.054666667,FALSE,,,,,,,
2013,26/12/2023,6.116,1309,10,EURO2,4,1800,1.529,0.727222222,2010-2016,0.2,0.1058,-0.054555556,FALSE,,,,,,,
2010,29/07/2024,5.74,1327,14,EURO2,4,1800,1.435,0.737222222,2010-2016,0.2,0.087,-0.052555556,FALSE,,,,,,,
2012,29/11/2023,8.23,1332,11,EURO2,4,1800,2.0575,0.74,2010-2016,0.2,0.2115,-0.052,FALSE,,,,,,,
2013,20/07/2023,6.8,1335,10,EURO2,4,1800,1.7,0.741666667,2010-2016,0.2,0.14,-0.051666667,FALSE,,,,,,,
2012,19/09/2023,6.33,1345,11,EURO2,4,1800,1.5825,0.747222222,2010-2016,0.2,0.1165,-0.050555556,FALSE,,,,,,,
2010,16/10/2023,9.44,1349,13,EURO2,4,1800,2.36,0.749444444,2010-2016,0.2,0.272,-0.050111111,FALSE,,,,,,,
2013,08/09/2023,5.24,1363,10,EURO2,4,1800,1.31,0.757222222,2010-2016,0.2,0.062,-0.048555556,FALSE,,,,,,,
2012,08/09/2023,4.79,1371,11,EURO2,4,1800,1.1975,0.761666667,2010-2016,0.2,0.0395,-0.047666667,FALSE,,,,,,,
2013,07/09/2023,5.06,1381,10,EURO2,4,1800,1.265,0.767222222,2010-2016,0.2,0.053,-0.046555556,FALSE,,,,,,,
2012,03/09/2023,7.7,1386,11,EURO2,4,1800,1.925,0.77,2010-2016,0.2,0.185,-0.046,FALSE,,,,,,,
2012,15/09/2023,7.26,1396,11,EURO2,4,1800,1.815,0.775555556,2010-2016,0.2,0.163,-0.044888889,FALSE,,,,,,,
2010,09/11/2023,6.73,1400,13,EURO2,4,1800,1.6825,0.777777778,2010-2016,0.2,0.1365,-0.044444444,FALSE,,,,,,,
2010,06/09/2023,5.39,1401,13,EURO2,4,1800,1.3475,0.778333333,2010-2016,0.2,0.0695,-0.044333333,FALSE,,,,,,,
2013,07/09/2023,9.3,1417,10,EURO2,4,1800,2.325,0.787222222,2010-2016,0.2,0.265,-0.042555556,FALSE,,,,,,,
2011,12/09/2023,4.082,1423,12,EURO2,4,1800,1.0205,0.790555556,2010-2016,0.2,0.0041,-0.041888889,FALSE,,,,,,,
2012,14/09/2023,7.24,1424,11,EURO2,4,1800,1.81,0.791111111,2010-2016,0.2,0.162,-0.041777778,FALSE,,,,,,,
2012,04/09/2023,4.04,1425,11,EURO2,4,1800,1.01,0.791666667,2010-2016,0.2,0.002,-0.041666667,FALSE,,,,,,,
2012,02/09/2023,4.37,1426,11,EURO2,4,1800,1.0925,0.792222222,2010-2016,0.2,0.0185,-0.041555556,FALSE,,,,,,,
2013,17/07/2024,7.21,1427,11,EURO2,4,1800,1.8025,0.792777778,2010-2016,0.2,0.1605,-0.041444444,FALSE,,,,,,,
2012,11/09/2023,4.33,1428,11,EURO2,4,1800,1.0825,0.793333333,2010-2016,0.2,0.0165,-0.041333333,FALSE,,,,,,,
2010,22/09/2023,4.11,1431,13,EURO2,4,1800,1.0275,0.795,2010-2016,0.2,0.0055,-0.041,FALSE,,,,,,,
2010,17/11/2023,5.075,1433,13,EURO2,4,1800,1.26875,0.796111111,2010-2016,0.2,0.05375,-0.040777778,FALSE,,,,,,,
2011,06/10/2023,9.99,1433,12,EURO2,4,1800,2.4975,0.796111111,2010-2016,0.2,0.2995,-0.040777778,FALSE,,,,,,,
2012,09/09/2023,5.13,1441,11,EURO2,4,1800,1.2825,0.800555556,2010-2016,0.2,0.0565,-0.039888889,FALSE,,,,,,,
2012,12/09/2023,5.64,1445,11,EURO2,4,1800,1.41,0.802777778,2010-2016,0.2,0.082,-0.039444444,FALSE,,,,,,,
2012,30/08/2023,4.64,1453,11,EURO2,4,1800,1.16,0.807222222,2010-2016,0.2,0.032,-0.038555556,FALSE,,,,,,,
2013,28/02/2023,6.76,1453,10,EURO2,4,1800,1.69,0.807222222,2010-2016,0.2,0.138,-0.038555556,FALSE,,,,,,,
2013,22/02/2023,5.01,1459,10,EURO2,4,1800,1.2525,0.810555556,2010-2016,0.2,0.0505,-0.037888889,FALSE,,,,,,,
2013,09/07/2024,5.98,1459,11,EURO2,4,1800,1.495,0.810555556,2010-2016,0.2,0.099,-0.037888889,FALSE,,,,,,,
2013,17/09/2023,12.2,1459,10,EURO2,4,1800,3.05,0.810555556,2010-2016,0.2,0.41,-0.037888889,FALSE,,,,,,,
2008,26/09/2023,10,1793,15,EURO2,5.5,2200,1.818181818,0.815,<2010,0.2,0.163636364,-0.037,FALSE,,,,,,,
2011,07/10/2023,9.47,1468,12,EURO2,4,1800,2.3675,0.815555556,2010-2016,0.2,0.2735,-0.036888889,FALSE,,,,,,,
2013,27/06/2023,5.86,1470,10,EURO2,4,1800,1.465,0.816666667,2010-2016,0.2,0.093,-0.036666667,FALSE,,,,,,,
2012,03/11/2023,8.89,1475,11,EURO2,4,1800,2.2225,0.819444444,2010-2016,0.2,0.2445,-0.036111111,FALSE,,,,,,,
2008,20/09/2024,9.35,1824,16,EURO2,5.5,2200,1.7,0.829090909,<2010,0.2,0.14,-0.034181818,FALSE,,,,,,,
2013,30/08/2023,4,1498,10,EURO2,4,1800,1,0.832222222,2010-2016,0.2,0,-0.033555556,FALSE,,,,,,,
2012,02/06/2023,10,1500,11,EURO2,4,1800,2.5,0.833333333,2010-2016,0.2,0.3,-0.033333333,FALSE,,,,,,,
2012,02/06/2023,20,1500,11,EURO2,4,1800,5,0.833333333,2010-2016,0.2,0.8,-0.033333333,FALSE,,,,,,,
2007,10/08/2023,7.26,1839,16,EURO2,5.5,2200,1.32,0.835909091,<2010,0.2,0.064,-0.032818182,FALSE,,,,,,,
2013,12/09/2024,9.58,1511,11,EURO2,4,1800,2.395,0.839444444,2010-2016,0.2,0.279,-0.032111111,FALSE,,,,,,,
2011,28/11/2023,9.54,1512,12,EURO2,4,1800,2.385,0.84,2010-2016,0.2,0.277,-0.032,FALSE,,,,,,,
2012,01/09/2023,4.25,1516,11,EURO2,4,1800,1.0625,0.842222222,2010-2016,0.2,0.0125,-0.031555556,FALSE,,,,,,,
2012,09/09/2023,6.84,1531,11,EURO2,4,1800,1.71,0.850555556,2010-2016,0.2,0.142,-0.029888889,FALSE,,,,,,,
2011,25/09/2023,7.36,1531,12,EURO2,4,1800,1.84,0.850555556,2010-2016,0.2,0.168,-0.029888889,FALSE,,,,,,,
2008,31/08/2023,8.56,1878,15,EURO2,5.5,2200,1.556363636,0.853636364,<2010,0.2,0.111272727,-0.029272727,FALSE,,,,,,,
2011,16/11/2023,9.13,1538,12,EURO2,4,1800,2.2825,0.854444444,2010-2016,0.2,0.2565,-0.029111111,FALSE,,,,,,,
2009,10/09/2024,9.99,1886,15,EURO2,5.5,2200,1.816363636,0.857272727,<2010,0.2,0.163272727,-0.028545455,FALSE,,,,,,,
2011,06/09/2023,4.46,1548,12,EURO2,4,1800,1.115,0.86,2010-2016,0.2,0.023,-0.028,FALSE,,,,,,,
2010,15/11/2023,10,1550,13,EURO2,4,1800,2.5,0.861111111,2010-2016,0.2,0.3,-0.027777778,FALSE,,,,,,,
2012,02/09/2023,6.79,1552,11,EURO2,4,1800,1.6975,0.862222222,2010-2016,0.2,0.1395,-0.027555556,FALSE,,,,,,,
2008,31/08/2023,8.28,1897,15,EURO2,5.5,2200,1.505454545,0.862272727,<2010,0.2,0.101090909,-0.027545455,FALSE,,,,,,,
2013,07/09/2023,5.5,1562,10,EURO2,4,1800,1.375,0.867777778,2010-2016,0.2,0.075,-0.026444444,FALSE,,,,,,,
2013,03/07/2024,4.18,1579,11,EURO2,4,1800,1.045,0.877222222,2010-2016,0.2,0.009,-0.024555556,FALSE,,,,,,,
2013,20/11/2024,5.25,1580,11,EURO2,4,1800,1.3125,0.877777778,2010-2016,0.2,0.0625,-0.024444444,FALSE,,,,,,,
2013,17/09/2023,4.01,1591,10,EURO2,4,1800,1.0025,0.883888889,2010-2016,0.2,0.0005,-0.023222222,FALSE,,,,,,,
2012,20/09/2023,9.84,1622,11,EURO2,4,1800,2.46,0.901111111,2010-2016,0.2,0.292,-0.019777778,FALSE,,,,,,,
2007,21/09/2023,8.35,2010,16,EURO2,5.5,2200,1.518181818,0.913636364,<2010,0.2,0.103636364,-0.017272727,FALSE,,,,,,,
2013,30/08/2023,7.93,1645,10,EURO2,4,1800,1.9825,0.913888889,2010-2016,0.2,0.1965,-0.017222222,FALSE,,,,,,,
2011,22/06/2023,9.91,1662,12,EURO2,4,1800,2.4775,0.923333333,2010-2016,0.2,0.2955,-0.015333333,FALSE,,,,,,,
2008,01/11/2023,5.78,2043,15,EURO2,5.5,2200,1.050909091,0.928636364,<2010,0.2,0.010181818,-0.014272727,FALSE,,,,,,,
2010,02/09/2023,5.9,1673,13,EURO2,4,1800,1.475,0.929444444,2010-2016,0.2,0.095,-0.014111111,FALSE,,,,,,,
2013,06/09/2023,5.12,1677,10,EURO2,4,1800,1.28,0.931666667,2010-2016,0.2,0.056,-0.013666667,FALSE,,,,,,,
2010,05/09/2023,4.39,1681,13,EURO2,4,1800,1.0975,0.933888889,2010-2016,0.2,0.0195,-0.013222222,FALSE,,,,,,,
2013,27/08/2024,6.37,1699,11,EURO2,4,1800,1.5925,0.943888889,2010-2016,0.2,0.1185,-0.011222222,FALSE,,,,,,,
2013,02/09/2023,5.2,1704,10,EURO2,4,1800,1.3,0.946666667,2010-2016,0.2,0.06,-0.010666667,FALSE,,,,,,,
2013,14/10/2023,7.39,1715,10,EURO2,4,1800,1.8475,0.952777778,2010-2016,0.2,0.1695,-0.009444444,FALSE,,,,,,,
2011,21/08/2023,5.94,1723,12,EURO2,4,1800,1.485,0.957222222,2010-2016,0.2,0.097,-0.008555556,FALSE,,,,,,,
2012,21/08/2023,4.77,1743,11,EURO2,4,1800,1.1925,0.968333333,2010-2016,0.2,0.0385,-0.006333333,FALSE,,,,,,,
2013,29/08/2023,6.2,1754,10,EURO2,4,1800,1.55,0.974444444,2010-2016,0.2,0.11,-0.005111111,FALSE,,,,,,,
2011,25/01/2024,4.62,1756,13,EURO2,4,1800,1.155,0.975555556,2010-2016,0.2,0.031,-0.004888889,FALSE,,,,,,,
2013,21/03/2023,9.47,1758,10,EURO2,4,1800,2.3675,0.976666667,2010-2016,0.2,0.2735,-0.004666667,FALSE,,,,,,,
2013,11/06/2024,5.98,1781,11,EURO2,4,1800,1.495,0.989444444,2010-2016,0.2,0.099,-0.002111111,FALSE,,,,,,,
2012,01/11/2023,4,1789,11,EURO2,4,1800,1,0.993888889,2010-2016,0.2,0,-0.001222222,FALSE,,,,,,,
2010,13/09/2023,4.74,1795,13,EURO2,4,1800,1.185,0.997222222,2010-2016,0.2,0.037,-0.000555556,FALSE,,,,,,,
2013,07/09/2023,4.48,1798,10,EURO2,4,1800,1.12,0.998888889,2010-2016,0.2,0.024,-0.000222222,FALSE,,,,,,,
2011,06/09/2023,4.4,1799,12,EURO2,4,1800,1.1,0.999444444,2010-2016,0.2,0.02,-0.000111111,FALSE,,,,,,,
2009,14/10/2023,0.47,2200,14,EURO2,5.5,2200,0.085454545,1,<2010,0.2,-0.182909091,0,FALSE,,,,,,,
2013,20/09/2023,0.26,1803,10,EURO2,4,1800,0.065,1.001666667,2010-2016,0.2,-0.187,0.000333333,FALSE,,,,,,,
2007,23/05/2023,5.55,2432,16,EURO2,5.5,2200,1.009090909,1.105454545,<2010,0.2,0.001818182,0.021090909,FALSE,,,,,,,
2007,31/08/2023,4.44,2210,16,EURO2,5.5,2200,0.807272727,1.004545455,<2010,0.2,-0.038545455,0.000909091,FALSE,,,,,,,
2012,05/06/2023,2.62,1810,11,EURO2,4,1800,0.655,1.005555556,2010-2016,0.2,-0.069,0.001111111,FALSE,,,,,,,
2013,18/09/2023,0,1811,10,EURO2,4,1800,0,1.006111111,2010-2016,0.2,-0.2,0.001222222,FALSE,,,,,,,
2013,31/08/2023,2.12,1819,10,EURO2,4,1800,0.53,1.010555556,2010-2016,0.2,-0.094,0.002111111,FALSE,,,,,,,
2013,31/08/2023,2.6,1820,10,EURO2,4,1800,0.65,1.011111111,2010-2016,0.2,-0.07,0.002222222,FALSE,,,,,,,
2012,28/09/2023,1.65,1821,11,EURO2,4,1800,0.4125,1.011666667,2010-2016,0.2,-0.1175,0.002333333,FALSE,,,,,,,
2012,05/09/2023,4.04,1920,11,EURO2,4,1800,1.01,1.066666667,2010-2016,0.2,0.002,0.013333333,FALSE,,,,,,,
2009,14/09/2023,5.56,2301,14,EURO2,5.5,2200,1.010909091,1.045909091,<2010,0.2,0.002181818,0.009181818,FALSE,,,,,,,
2012,10/05/2023,0.62,1831,11,EURO2,4,1800,0.155,1.017222222,2010-2016,0.2,-0.169,0.003444444,FALSE,,,,,,,
2012,06/09/2023,3.28,1837,11,EURO2,4,1800,0.82,1.020555556,2010-2016,0.2,-0.036,0.004111111,FALSE,,,,,,,
2013,04/09/2023,1.9,1845,10,EURO2,4,1800,0.475,1.025,2010-2016,0.2,-0.105,0.005,FALSE,,,,,,,
2009,10/09/2023,5.59,2207,14,EURO2,5.5,2200,1.016363636,1.003181818,<2010,0.2,0.003272727,0.000636364,FALSE,,,,,,,
2011,06/09/2023,3.84,1848,12,EURO2,4,1800,0.96,1.026666667,2010-2016,0.2,-0.008,0.005333333,FALSE,,,,,,,
2012,30/08/2023,2.2,1850,11,EURO2,4,1800,0.55,1.027777778,2010-2016,0.2,-0.09,0.005555556,FALSE,,,,,,,
2012,05/09/2023,0.24,1854,11,EURO2,4,1800,0.06,1.03,2010-2016,0.2,-0.188,0.006,FALSE,,,,,,,
2010,17/09/2023,4.07,7385,13,EURO2,4,1800,1.0175,4.102777778,2010-2016,0.2,0.0035,0.620555556,FALSE,,,,,,,
2011,05/09/2023,0.13,1859,12,EURO2,4,1800,0.0325,1.032777778,2010-2016,0.2,-0.1935,0.006555556,FALSE,,,,,,,
2010,25/08/2023,4.08,8713,13,EURO2,4,1800,1.02,4.840555556,2010-2016,0.2,0.004,0.768111111,FALSE,,,,,,,
2013,09/09/2023,1.2,1865,10,EURO2,4,1800,0.3,1.036111111,2010-2016,0.2,-0.14,0.007222222,FALSE,,,,,,,
2010,04/09/2023,1.9,1865,13,EURO2,4,1800,0.475,1.036111111,2010-2016,0.2,-0.105,0.007222222,FALSE,,,,,,,
2013,27/08/2024,3.76,1867,11,EURO2,4,1800,0.94,1.037222222,2010-2016,0.2,-0.012,0.007444444,FALSE,,,,,,,
2013,29/08/2023,4.12,1981,10,EURO2,4,1800,1.03,1.100555556,2010-2016,0.2,0.006,0.020111111,FALSE,,,,,,,
2009,06/09/2023,0.64,2291,14,EURO2,5.5,2200,0.116363636,1.041363636,<2010,0.2,-0.176727273,0.008272727,FALSE,,,,,,,
2010,04/09/2023,1.86,1876,13,EURO2,4,1800,0.465,1.042222222,2010-2016,0.2,-0.107,0.008444444,FALSE,,,,,,,
2013,30/08/2023,0.73,1881,10,EURO2,4,1800,0.1825,1.045,2010-2016,0.2,-0.1635,0.009,FALSE,,,,,,,
2009,22/11/2023,5.72,2949,14,EURO2,5.5,2200,1.04,1.340454545,<2010,0.2,0.008,0.068090909,FALSE,,,,,,,
2011,26/09/2023,4.18,1999,12,EURO2,4,1800,1.045,1.110555556,2010-2016,0.2,0.009,0.022111111,FALSE,,,,,,,
2009,31/08/2023,5.75,2842,14,EURO2,5.5,2200,1.045454545,1.291818182,<2010,0.2,0.009090909,0.058363636,FALSE,,,,,,,
2013,05/06/2023,4.19,1970,10,EURO2,4,1800,1.0475,1.094444444,2010-2016,0.2,0.0095,0.018888889,FALSE,,,,,,,
2013,24/08/2023,0.25,1895,10,EURO2,4,1800,0.0625,1.052777778,2010-2016,0.2,-0.1875,0.010555556,FALSE,,,,,,,
2009,01/09/2023,3.26,2320,14,EURO2,5.5,2200,0.592727273,1.054545455,<2010,0.2,-0.081454545,0.010909091,FALSE,,,,,,,
2012,09/09/2023,1.7,1900,11,EURO2,4,1800,0.425,1.055555556,2010-2016,0.2,-0.115,0.011111111,FALSE,,,,,,,
2012,03/09/2023,0.31,1904,11,EURO2,4,1800,0.0775,1.057777778,2010-2016,0.2,-0.1845,0.011555556,FALSE,,,,,,,
2013,31/08/2023,3.1,1905,10,EURO2,4,1800,0.775,1.058333333,2010-2016,0.2,-0.045,0.011666667,FALSE,,,,,,,
2010,29/08/2023,0.71,1908,13,EURO2,4,1800,0.1775,1.06,2010-2016,0.2,-0.1645,0.012,FALSE,,,,,,,
2013,31/08/2023,4.27,1845,10,EURO2,4,1800,1.0675,1.025,2010-2016,0.2,0.0135,0.005,FALSE,,,,,,,
2012,13/09/2023,0.47,1919,11,EURO2,4,1800,0.1175,1.066111111,2010-2016,0.2,-0.1765,0.013222222,FALSE,,,,,,,
2011,06/11/2023,1.42,1919,12,EURO2,4,1800,0.355,1.066111111,2010-2016,0.2,-0.129,0.013222222,FALSE,,,,,,,
2012,21/03/2023,4.28,3592,11,EURO2,4,1800,1.07,1.995555556,2010-2016,0.2,0.014,0.199111111,FALSE,,,,,,,
2012,09/09/2023,0.28,1928,11,EURO2,4,1800,0.07,1.071111111,2010-2016,0.2,-0.186,0.014222222,FALSE,,,,,,,
2011,17/09/2023,4.3,4482,12,EURO2,4,1800,1.075,2.49,2010-2016,0.2,0.015,0.298,FALSE,,,,,,,
2008,08/11/2023,6,3736,15,EURO2,5.5,2200,1.090909091,1.698181818,<2010,0.2,0.018181818,0.139636364,FALSE,,,,,,,
2011,23/08/2023,3.82,1939,12,EURO2,4,1800,0.955,1.077222222,2010-2016,0.2,-0.009,0.015444444,FALSE,,,,,,,
2011,04/09/2023,4.39,3216,12,EURO2,4,1800,1.0975,1.786666667,2010-2016,0.2,0.0195,0.157333333,FALSE,,,,,,,
2012,30/08/2023,4.4,5235,11,EURO2,4,1800,1.1,2.908333333,2010-2016,0.2,0.02,0.381666667,FALSE,,,,,,,
2012,12/09/2023,2.07,1948,11,EURO2,4,1800,0.5175,1.082222222,2010-2016,0.2,-0.0965,0.016444444,FALSE,,,,,,,
2013,02/09/2023,4.42,2000,10,EURO2,4,1800,1.105,1.111111111,2010-2016,0.2,0.021,0.022222222,FALSE,,,,,,,
2012,31/08/2023,2.8,1953,11,EURO2,4,1800,0.7,1.085,2010-2016,0.2,-0.06,0.017,FALSE,,,,,,,
2012,17/09/2023,0.23,1954,11,EURO2,4,1800,0.0575,1.085555556,2010-2016,0.2,-0.1885,0.017111111,FALSE,,,,,,,
2013,20/09/2023,1.4,1954,10,EURO2,4,1800,0.35,1.085555556,2010-2016,0.2,-0.13,0.017111111,FALSE,,,,,,,
2013,04/09/2023,0.44,1957,10,EURO2,4,1800,0.11,1.087222222,2010-2016,0.2,-0.178,0.017444444,FALSE,,,,,,,
2011,06/09/2023,1.49,1958,12,EURO2,4,1800,0.3725,1.087777778,2010-2016,0.2,-0.1255,0.017555556,FALSE,,,,,,,
2012,30/08/2023,0.5,1964,11,EURO2,4,1800,0.125,1.091111111,2010-2016,0.2,-0.175,0.018222222,FALSE,,,,,,,
2011,04/09/2023,1.89,1966,12,EURO2,4,1800,0.4725,1.092222222,2010-2016,0.2,-0.1055,0.018444444,FALSE,,,,,,,
2013,05/06/2023,4.45,2805,10,EURO2,4,1800,1.1125,1.558333333,2010-2016,0.2,0.0225,0.111666667,FALSE,,,,,,,
2012,17/09/2023,4.49,1938,11,EURO2,4,1800,1.1225,1.076666667,2010-2016,0.2,0.0245,0.015333333,FALSE,,,,,,,
2011,22/06/2023,0.11,1978,12,EURO2,4,1800,0.0275,1.098888889,2010-2016,0.2,-0.1945,0.019777778,FALSE,,,,,,,
2010,28/08/2023,0.8,1980,13,EURO2,4,1800,0.2,1.1,2010-2016,0.2,-0.16,0.02,FALSE,,,,,,,
2010,12/09/2023,4.51,3460,13,EURO2,4,1800,1.1275,1.922222222,2010-2016,0.2,0.0255,0.184444444,FALSE,,,,,,,
2011,04/09/2023,4.54,1984,12,EURO2,4,1800,1.135,1.102222222,2010-2016,0.2,0.027,0.020444444,FALSE,,,,,,,
2013,03/09/2023,1.02,1986,10,EURO2,4,1800,0.255,1.103333333,2010-2016,0.2,-0.149,0.020666667,FALSE,,,,,,,
2011,29/08/2023,1.07,1988,12,EURO2,4,1800,0.2675,1.104444444,2010-2016,0.2,-0.1465,0.020888889,FALSE,,,,,,,
2013,09/11/2023,4.6,3252,10,EURO2,4,1800,1.15,1.806666667,2010-2016,0.2,0.03,0.161333333,FALSE,,,,,,,
2009,17/09/2023,6.35,2232,14,EURO2,5.5,2200,1.154545455,1.014545455,<2010,0.2,0.030909091,0.002909091,FALSE,,,,,,,
2012,16/11/2023,4.64,8410,11,EURO2,4,1800,1.16,4.672222222,2010-2016,0.2,0.032,0.734444444,FALSE,,,,,,,
2012,12/09/2023,0.46,1996,11,EURO2,4,1800,0.115,1.108888889,2010-2016,0.2,-0.177,0.021777778,FALSE,,,,,,,
2012,19/09/2023,0.62,1996,11,EURO2,4,1800,0.155,1.108888889,2010-2016,0.2,-0.169,0.021777778,FALSE,,,,,,,
2013,07/09/2023,4.68,1881,10,EURO2,4,1800,1.17,1.045,2010-2016,0.2,0.034,0.009,FALSE,,,,,,,
2013,31/08/2023,4.72,2472,10,EURO2,4,1800,1.18,1.373333333,2010-2016,0.2,0.036,0.074666667,FALSE,,,,,,,
2010,26/08/2023,2.28,1997,13,EURO2,4,1800,0.57,1.109444444,2010-2016,0.2,-0.086,0.021888889,FALSE,,,,,,,
2012,14/03/2023,4.74,2630,11,EURO2,4,1800,1.185,1.461111111,2010-2016,0.2,0.037,0.092222222,FALSE,,,,,,,
2013,10/10/2023,4.77,3225,10,EURO2,4,1800,1.1925,1.791666667,2010-2016,0.2,0.0385,0.158333333,FALSE,,,,,,,
2012,02/11/2023,3.06,2000,11,EURO2,4,1800,0.765,1.111111111,2010-2016,0.2,-0.047,0.022222222,FALSE,,,,,,,
2009,30/08/2023,6.65,3322,14,EURO2,5.5,2200,1.209090909,1.51,<2010,0.2,0.041818182,0.102,FALSE,,,,,,,
2012,26/09/2023,4.9,1870,11,EURO2,4,1800,1.225,1.038888889,2010-2016,0.2,0.045,0.007777778,FALSE,,,,,,,
2012,13/09/2023,0.3,2012,11,EURO2,4,1800,0.075,1.117777778,2010-2016,0.2,-0.185,0.023555556,FALSE,,,,,,,
2012,06/09/2023,4.9,1996,11,EURO2,4,1800,1.225,1.108888889,2010-2016,0.2,0.045,0.021777778,FALSE,,,,,,,
2012,04/07/2023,1.82,2021,11,EURO2,4,1800,0.455,1.122777778,2010-2016,0.2,-0.109,0.024555556,FALSE,,,,,,,
2012,06/09/2023,4.9,1996,11,EURO2,4,1800,1.225,1.108888889,2010-2016,0.2,0.045,0.021777778,FALSE,,,,,,,
2012,09/09/2023,4.9,3216,11,EURO2,4,1800,1.225,1.786666667,2010-2016,0.2,0.045,0.157333333,FALSE,,,,,,,
2009,03/11/2023,0.78,2505,14,EURO2,5.5,2200,0.141818182,1.138636364,<2010,0.2,-0.171636364,0.027727273,FALSE,,,,,,,
2012,09/09/2023,4.9,3216,11,EURO2,4,1800,1.225,1.786666667,2010-2016,0.2,0.045,0.157333333,FALSE,,,,,,,
2011,13/06/2023,4.93,2040,12,EURO2,4,1800,1.2325,1.133333333,2010-2016,0.2,0.0465,0.026666667,FALSE,,,,,,,
2008,10/07/2024,6.8,2523,16,EURO2,5.5,2200,1.236363636,1.146818182,<2010,0.2,0.047272727,0.029363636,FALSE,,,,,,,
2013,10/10/2023,4.99,4206,10,EURO2,4,1800,1.2475,2.336666667,2010-2016,0.2,0.0495,0.267333333,FALSE,,,,,,,
2013,20/09/2023,5.08,2668,10,EURO2,4,1800,1.27,1.482222222,2010-2016,0.2,0.054,0.096444444,FALSE,,,,,,,
2009,02/05/2024,7.06,4440,15,EURO2,5.5,2200,1.283636364,2.018181818,<2010,0.2,0.056727273,0.203636364,FALSE,,,,,,,
2013,30/04/2024,5.18,3120,11,EURO2,4,1800,1.295,1.733333333,2010-2016,0.2,0.059,0.146666667,FALSE,,,,,,,
2011,01/09/2023,2.11,2120,12,EURO2,4,1800,0.5275,1.177777778,2010-2016,0.2,-0.0945,0.035555556,FALSE,,,,,,,
2013,26/05/2024,5.25,1854,11,EURO2,4,1800,1.3125,1.03,2010-2016,0.2,0.0625,0.006,FALSE,,,,,,,
2008,11/11/2023,3.49,2633,15,EURO2,5.5,2200,0.634545455,1.196818182,<2010,0.2,-0.073090909,0.039363636,FALSE,,,,,,,
2012,12/09/2023,5.25,1936,11,EURO2,4,1800,1.3125,1.075555556,2010-2016,0.2,0.0625,0.015111111,FALSE,,,,,,,
2012,06/08/2024,5.29,2410,12,EURO2,4,1800,1.3225,1.338888889,2010-2016,0.2,0.0645,0.067777778,FALSE,,,,,,,
2012,21/02/2023,5.39,3224,11,EURO2,4,1800,1.3475,1.791111111,2010-2016,0.2,0.0695,0.158222222,FALSE,,,,,,,
2011,10/09/2024,2.08,2170,13,EURO2,4,1800,0.52,1.205555556,2010-2016,0.2,-0.096,0.041111111,FALSE,,,,,,,
2012,07/09/2023,0.42,2183,11,EURO2,4,1800,0.105,1.212777778,2010-2016,0.2,-0.179,0.042555556,FALSE,,,,,,,
2011,23/08/2023,5.51,2228,12,EURO2,4,1800,1.3775,1.237777778,2010-2016,0.2,0.0755,0.047555556,FALSE,,,,,,,
2012,01/09/2023,1.04,2207,11,EURO2,4,1800,0.26,1.226111111,2010-2016,0.2,-0.148,0.045222222,FALSE,,,,,,,
2012,25/08/2023,0.69,2210,11,EURO2,4,1800,0.1725,1.227777778,2010-2016,0.2,-0.1655,0.045555556,FALSE,,,,,,,
2013,11/10/2023,5.6,5307,10,EURO2,4,1800,1.4,2.948333333,2010-2016,0.2,0.08,0.389666667,FALSE,,,,,,,
2012,15/06/2023,1.33,2223,11,EURO2,4,1800,0.3325,1.235,2010-2016,0.2,-0.1335,0.047,FALSE,,,,,,,
2008,14/09/2023,7.75,2340,15,EURO2,5.5,2200,1.409090909,1.063636364,<2010,0.2,0.081818182,0.012727273,FALSE,,,,,,,
2010,05/03/2024,5.64,2230,14,EURO2,4,1800,1.41,1.238888889,2010-2016,0.2,0.082,0.047777778,FALSE,,,,,,,
2012,23/08/2023,1.83,2235,11,EURO2,4,1800,0.4575,1.241666667,2010-2016,0.2,-0.1085,0.048333333,FALSE,,,,,,,
2012,25/08/2023,0.44,2246,11,EURO2,4,1800,0.11,1.247777778,2010-2016,0.2,-0.178,0.049555556,FALSE,,,,,,,
2012,25/01/2023,0.23,2250,11,EURO2,4,1800,0.0575,1.25,2010-2016,0.2,-0.1885,0.05,FALSE,,,,,,,
2012,05/06/2023,5.65,3502,11,EURO2,4,1800,1.4125,1.945555556,2010-2016,0.2,0.0825,0.189111111,FALSE,,,,,,,
2012,10/10/2023,5.7,2378,11,EURO2,4,1800,1.425,1.321111111,2010-2016,0.2,0.085,0.064222222,FALSE,,,,,,,
2012,01/09/2023,0,2270,11,EURO2,4,1800,0,1.261111111,2010-2016,0.2,-0.2,0.052222222,FALSE,,,,,,,
2010,07/09/2023,5.74,2768,13,EURO2,4,1800,1.435,1.537777778,2010-2016,0.2,0.087,0.107555556,FALSE,,,,,,,
2013,14/11/2023,5.74,3140,10,EURO2,4,1800,1.435,1.744444444,2010-2016,0.2,0.087,0.148888889,FALSE,,,,,,,
2009,04/09/2023,7.91,3120,14,EURO2,5.5,2200,1.438181818,1.418181818,<2010,0.2,0.087636364,0.083636364,FALSE,,,,,,,
2011,07/11/2023,5.76,4674,12,EURO2,4,1800,1.44,2.596666667,2010-2016,0.2,0.088,0.319333333,FALSE,,,,,,,
2012,01/04/2024,5.91,3550,12,EURO2,4,1800,1.4775,1.972222222,2010-2016,0.2,0.0955,0.194444444,FALSE,,,,,,,
2011,27/10/2023,3.31,2298,12,EURO2,4,1800,0.8275,1.276666667,2010-2016,0.2,-0.0345,0.055333333,FALSE,,,,,,,
2013,10/06/2024,0.94,2307,11,EURO2,4,1800,0.235,1.281666667,2010-2016,0.2,-0.153,0.056333333,FALSE,,,,,,,
2013,30/08/2023,3.68,2307,10,EURO2,4,1800,0.92,1.281666667,2010-2016,0.2,-0.016,0.056333333,FALSE,,,,,,,
2013,21/11/2023,1.85,2320,10,EURO2,4,1800,0.4625,1.288888889,2010-2016,0.2,-0.1075,0.057777778,FALSE,,,,,,,
2013,01/09/2023,5.91,7520,10,EURO2,4,1800,1.4775,4.177777778,2010-2016,0.2,0.0955,0.635555556,FALSE,,,,,,,
2012,21/08/2023,6,4535,11,EURO2,4,1800,1.5,2.519444444,2010-2016,0.2,0.1,0.303888889,FALSE,,,,,,,
2012,25/08/2023,6.04,2162,11,EURO2,4,1800,1.51,1.201111111,2010-2016,0.2,0.102,0.040222222,FALSE,,,,,,,
2013,21/09/2023,6.05,1883,10,EURO2,4,1800,1.5125,1.046111111,2010-2016,0.2,0.1025,0.009222222,FALSE,,,,,,,
2010,24/08/2023,0.51,2350,13,EURO2,4,1800,0.1275,1.305555556,2010-2016,0.2,-0.1745,0.061111111,FALSE,,,,,,,
2010,06/09/2023,6.17,1860,13,EURO2,4,1800,1.5425,1.033333333,2010-2016,0.2,0.1085,0.006666667,FALSE,,,,,,,
2010,08/09/2023,6.19,2276,13,EURO2,4,1800,1.5475,1.264444444,2010-2016,0.2,0.1095,0.052888889,FALSE,,,,,,,
2010,04/09/2023,2.88,2390,13,EURO2,4,1800,0.72,1.327777778,2010-2016,0.2,-0.056,0.065555556,FALSE,,,,,,,
2010,20/07/2023,6.22,3121,13,EURO2,4,1800,1.555,1.733888889,2010-2016,0.2,0.111,0.146777778,FALSE,,,,,,,
2012,29/08/2023,6.24,2100,11,EURO2,4,1800,1.56,1.166666667,2010-2016,0.2,0.112,0.033333333,FALSE,,,,,,,
2008,31/08/2023,4.52,2966,15,EURO2,5.5,2200,0.821818182,1.348181818,<2010,0.2,-0.035636364,0.069636364,FALSE,,,,,,,
2013,09/09/2023,6.24,3690,10,EURO2,4,1800,1.56,2.05,2010-2016,0.2,0.112,0.21,FALSE,,,,,,,
2010,09/09/2023,6.25,2020,13,EURO2,4,1800,1.5625,1.122222222,2010-2016,0.2,0.1125,0.024444444,FALSE,,,,,,,
2012,30/01/2024,6.34,2060,12,EURO2,4,1800,1.585,1.144444444,2010-2016,0.2,0.117,0.028888889,FALSE,,,,,,,
2011,25/08/2023,2.04,2509,12,EURO2,4,1800,0.51,1.393888889,2010-2016,0.2,-0.098,0.078777778,FALSE,,,,,,,
2012,31/08/2023,0,2517,11,EURO2,4,1800,0,1.398333333,2010-2016,0.2,-0.2,0.079666667,FALSE,,,,,,,
2009,06/09/2023,0.41,3080,14,EURO2,5.5,2200,0.074545455,1.4,<2010,0.2,-0.185090909,0.08,FALSE,,,,,,,
2009,06/09/2023,0.41,3080,14,EURO2,5.5,2200,0.074545455,1.4,<2010,0.2,-0.185090909,0.08,FALSE,,,,,,,
2013,10/08/2023,0.18,2547,10,EURO2,4,1800,0.045,1.415,2010-2016,0.2,-0.191,0.083,FALSE,,,,,,,
2013,08/08/2024,6.36,1941,11,EURO2,4,1800,1.59,1.078333333,2010-2016,0.2,0.118,0.015666667,FALSE,,,,,,,
2012,10/09/2023,0.48,2569,11,EURO2,4,1800,0.12,1.427222222,2010-2016,0.2,-0.176,0.085444444,FALSE,,,,,,,
2013,07/09/2023,0.84,2569,10,EURO2,4,1800,0.21,1.427222222,2010-2016,0.2,-0.158,0.085444444,FALSE,,,,,,,
2013,08/09/2023,6.4,1995,10,EURO2,4,1800,1.6,1.108333333,2010-2016,0.2,0.12,0.021666667,FALSE,,,,,,,
2013,11/10/2023,6.45,2070,10,EURO2,4,1800,1.6125,1.15,2010-2016,0.2,0.1225,0.03,FALSE,,,,,,,
2007,01/05/2023,8.94,2370,16,EURO2,5.5,2200,1.625454545,1.077272727,<2010,0.2,0.125090909,0.015454545,FALSE,,,,,,,
2010,21/11/2023,0.58,2610,13,EURO2,4,1800,0.145,1.45,2010-2016,0.2,-0.171,0.09,FALSE,,,,,,,
2012,05/06/2023,6.54,3794,11,EURO2,4,1800,1.635,2.107777778,2010-2016,0.2,0.127,0.221555556,FALSE,,,,,,,
2012,07/09/2023,6.57,3522,11,EURO2,4,1800,1.6425,1.956666667,2010-2016,0.2,0.1285,0.191333333,FALSE,,,,,,,
2013,18/09/2023,3.32,2634,10,EURO2,4,1800,0.83,1.463333333,2010-2016,0.2,-0.034,0.092666667,FALSE,,,,,,,
2013,27/06/2023,0.19,2636,10,EURO2,4,1800,0.0475,1.464444444,2010-2016,0.2,-0.1905,0.092888889,FALSE,,,,,,,
2013,31/08/2023,0,2643,10,EURO2,4,1800,0,1.468333333,2010-2016,0.2,-0.2,0.093666667,FALSE,,,,,,,
2012,24/07/2024,6.7,2340,12,EURO2,4,1800,1.675,1.3,2010-2016,0.2,0.135,0.06,FALSE,,,,,,,
2011,27/06/2024,0.4,2670,13,EURO2,4,1800,0.1,1.483333333,2010-2016,0.2,-0.18,0.096666667,FALSE,,,,,,,
2012,17/09/2023,6.7,2957,11,EURO2,4,1800,1.675,1.642777778,2010-2016,0.2,0.135,0.128555556,FALSE,,,,,,,
2007,20/09/2023,9.22,5060,16,EURO2,5.5,2200,1.676363636,2.3,<2010,0.2,0.135272727,0.26,FALSE,,,,,,,
2013,12/09/2023,6.82,3730,10,EURO2,4,1800,1.705,2.072222222,2010-2016,0.2,0.141,0.214444444,FALSE,,,,,,,
2011,11/09/2024,6.91,2737,13,EURO2,4,1800,1.7275,1.520555556,2010-2016,0.2,0.1455,0.104111111,FALSE,,,,,,,
2011,05/06/2023,6.91,8297,12,EURO2,4,1800,1.7275,4.609444444,2010-2016,0.2,0.1455,0.721888889,FALSE,,,,,,,
2013,20/09/2023,7.08,7340,10,EURO2,4,1800,1.77,4.077777778,2010-2016,0.2,0.154,0.615555556,FALSE,,,,,,,
2011,07/03/2023,7.11,3419,12,EURO2,4,1800,1.7775,1.899444444,2010-2016,0.2,0.1555,0.179888889,FALSE,,,,,,,
2013,19/09/2023,1.68,2789,10,EURO2,4,1800,0.42,1.549444444,2010-2016,0.2,-0.116,0.109888889,FALSE,,,,,,,
2010,23/08/2023,0.06,2800,13,EURO2,4,1800,0.015,1.555555556,2010-2016,0.2,-0.197,0.111111111,FALSE,,,,,,,
2010,14/09/2023,7.13,1950,13,EURO2,4,1800,1.7825,1.083333333,2010-2016,0.2,0.1565,0.016666667,FALSE,,,,,,,
2012,08/05/2024,7.14,2590,12,EURO2,4,1800,1.785,1.438888889,2010-2016,0.2,0.157,0.087777778,FALSE,,,,,,,
2013,14/11/2023,7.16,1892,10,EURO2,4,1800,1.79,1.051111111,2010-2016,0.2,0.158,0.010222222,FALSE,,,,,,,
2013,19/09/2023,7.26,2600,10,EURO2,4,1800,1.815,1.444444444,2010-2016,0.2,0.163,0.088888889,FALSE,,,,,,,
2008,17/10/2023,9.99,2520,15,EURO2,5.5,2200,1.816363636,1.145454545,<2010,0.2,0.163272727,0.029090909,FALSE,,,,,,,
2008,10/09/2023,10,3324,15,EURO2,5.5,2200,1.818181818,1.510909091,<2010,0.2,0.163636364,0.102181818,FALSE,,,,,,,
2013,24/07/2024,7.29,6710,11,EURO2,4,1800,1.8225,3.727777778,2010-2016,0.2,0.1645,0.545555556,FALSE,,,,,,,
2010,08/08/2023,3.51,2987,13,EURO2,4,1800,0.8775,1.659444444,2010-2016,0.2,-0.0245,0.131888889,FALSE,,,,,,,
2011,05/09/2023,0.2,2996,12,EURO2,4,1800,0.05,1.664444444,2010-2016,0.2,-0.19,0.132888889,FALSE,,,,,,,
2012,05/06/2023,3.68,3015,11,EURO2,4,1800,0.92,1.675,2010-2016,0.2,-0.016,0.135,FALSE,,,,,,,
2013,05/06/2024,7.3,5200,11,EURO2,4,1800,1.825,2.888888889,2010-2016,0.2,0.165,0.377777778,FALSE,,,,,,,
2010,13/09/2023,3.83,3080,13,EURO2,4,1800,0.9575,1.711111111,2010-2016,0.2,-0.0085,0.142222222,FALSE,,,,,,,
2012,17/09/2023,3.4,3093,11,EURO2,4,1800,0.85,1.718333333,2010-2016,0.2,-0.03,0.143666667,FALSE,,,,,,,
2010,13/04/2023,7.31,2589,13,EURO2,4,1800,1.8275,1.438333333,2010-2016,0.2,0.1655,0.087666667,FALSE,,,,,,,
2011,30/08/2023,7.49,3470,12,EURO2,4,1800,1.8725,1.927777778,2010-2016,0.2,0.1745,0.185555556,FALSE,,,,,,,
2011,19/09/2023,7.55,3142,12,EURO2,4,1800,1.8875,1.745555556,2010-2016,0.2,0.1775,0.149111111,FALSE,,,,,,,
2011,17/09/2023,7.59,2216,12,EURO2,4,1800,1.8975,1.231111111,2010-2016,0.2,0.1795,0.046222222,FALSE,,,,,,,
2013,05/06/2023,2.98,3148,10,EURO2,4,1800,0.745,1.748888889,2010-2016,0.2,-0.051,0.149777778,FALSE,,,,,,,
2009,10/08/2023,4.34,3878,14,EURO2,5.5,2200,0.789090909,1.762727273,<2010,0.2,-0.042181818,0.152545455,FALSE,,,,,,,
2013,16/09/2023,7.6,1998,10,EURO2,4,1800,1.9,1.11,2010-2016,0.2,0.18,0.022,FALSE,,,,,,,
2010,06/09/2023,7.64,4000,13,EURO2,4,1800,1.91,2.222222222,2010-2016,0.2,0.182,0.244444444,FALSE,,,,,,,
2012,30/10/2024,7.73,2960,12,EURO2,4,1800,1.9325,1.644444444,2010-2016,0.2,0.1865,0.128888889,FALSE,,,,,,,
2011,11/10/2023,7.74,1993,12,EURO2,4,1800,1.935,1.107222222,2010-2016,0.2,0.187,0.021444444,FALSE,,,,,,,
2010,09/09/2023,7.76,2010,13,EURO2,4,1800,1.94,1.116666667,2010-2016,0.2,0.188,0.023333333,FALSE,,,,,,,
2011,30/08/2023,7.78,2330,12,EURO2,4,1800,1.945,1.294444444,2010-2016,0.2,0.189,0.058888889,FALSE,,,,,,,
2012,28/08/2023,7.88,5374,11,EURO2,4,1800,1.97,2.985555556,2010-2016,0.2,0.194,0.397111111,FALSE,,,,,,,
2013,29/08/2023,0.36,3450,10,EURO2,4,1800,0.09,1.916666667,2010-2016,0.2,-0.182,0.183333333,FALSE,,,,,,,
2012,29/08/2023,3.61,3458,11,EURO2,4,1800,0.9025,1.921111111,2010-2016,0.2,-0.0195,0.184222222,FALSE,,,,,,,
2010,08/08/2023,8.02,2283,13,EURO2,4,1800,2.005,1.268333333,2010-2016,0.2,0.201,0.053666667,FALSE,,,,,,,
2011,01/11/2023,3.58,3466,12,EURO2,4,1800,0.895,1.925555556,2010-2016,0.2,-0.021,0.185111111,FALSE,,,,,,,
2013,02/09/2023,8.23,5670,10,EURO2,4,1800,2.0575,3.15,2010-2016,0.2,0.2115,0.43,FALSE,,,,,,,
2012,12/11/2024,8.25,2680,12,EURO2,4,1800,2.0625,1.488888889,2010-2016,0.2,0.2125,0.097777778,FALSE,,,,,,,
2011,17/09/2023,8.37,6705,12,EURO2,4,1800,2.0925,3.725,2010-2016,0.2,0.2185,0.545,FALSE,,,,,,,
2011,19/11/2024,8.43,4900,13,EURO2,4,1800,2.1075,2.722222222,2010-2016,0.2,0.2215,0.344444444,FALSE,,,,,,,
2007,30/08/2023,4.1,4308,16,EURO2,5.5,2200,0.745454545,1.958181818,<2010,0.2,-0.050909091,0.191636364,FALSE,,,,,,,
2013,19/11/2024,8.48,2942,11,EURO2,4,1800,2.12,1.634444444,2010-2016,0.2,0.224,0.126888889,FALSE,,,,,,,
2013,31/08/2023,8.7,2280,10,EURO2,4,1800,2.175,1.266666667,2010-2016,0.2,0.235,0.053333333,FALSE,,,,,,,
2013,29/08/2023,8.77,2340,10,EURO2,4,1800,2.1925,1.3,2010-2016,0.2,0.2385,0.06,FALSE,,,,,,,
2012,09/07/2024,1.94,3630,12,EURO2,4,1800,0.485,2.016666667,2010-2016,0.2,-0.103,0.203333333,FALSE,,,,,,,
2010,12/11/2024,8.93,2950,14,EURO2,4,1800,2.2325,1.638888889,2010-2016,0.2,0.2465,0.127777778,FALSE,,,,,,,
2012,05/06/2023,9.03,3710,11,EURO2,4,1800,2.2575,2.061111111,2010-2016,0.2,0.2515,0.212222222,FALSE,,,,,,,
2013,01/08/2024,9.04,2676,11,EURO2,4,1800,2.26,1.486666667,2010-2016,0.2,0.252,0.097333333,FALSE,,,,,,,
2012,10/09/2023,1.61,3710,11,EURO2,4,1800,0.4025,2.061111111,2010-2016,0.2,-0.1195,0.212222222,FALSE,,,,,,,
2011,27/09/2023,9.06,2136,12,EURO2,4,1800,2.265,1.186666667,2010-2016,0.2,0.253,0.037333333,FALSE,,,,,,,
2013,16/10/2024,9.08,3550,11,EURO2,4,1800,2.27,1.972222222,2010-2016,0.2,0.254,0.194444444,FALSE,,,,,,,
2012,27/07/2023,9.09,2620,11,EURO2,4,1800,2.2725,1.455555556,2010-2016,0.2,0.2545,0.091111111,FALSE,,,,,,,
2013,14/09/2023,9.15,2840,10,EURO2,4,1800,2.2875,1.577777778,2010-2016,0.2,0.2575,0.115555556,FALSE,,,,,,,
2013,14/11/2023,9.2,5110,10,EURO2,4,1800,2.3,2.838888889,2010-2016,0.2,0.26,0.367777778,FALSE,,,,,,,
2013,07/09/2023,9.25,3740,10,EURO2,4,1800,2.3125,2.077777778,2010-2016,0.2,0.2625,0.215555556,FALSE,,,,,,,
2013,05/09/2023,2.15,3889,10,EURO2,4,1800,0.5375,2.160555556,2010-2016,0.2,-0.0925,0.232111111,FALSE,,,,,,,
2012,11/09/2023,0.17,3977,11,EURO2,4,1800,0.0425,2.209444444,2010-2016,0.2,-0.1915,0.241888889,FALSE,,,,,,,
2010,22/08/2023,9.25,5150,13,EURO2,4,1800,2.3125,2.861111111,2010-2016,0.2,0.2625,0.372222222,FALSE,,,,,,,
2009,09/10/2023,4.18,4904,14,EURO2,5.5,2200,0.76,2.229090909,<2010,0.2,-0.048,0.245818182,FALSE,,,,,,,
2012,05/10/2023,9.29,2470,11,EURO2,4,1800,2.3225,1.372222222,2010-2016,0.2,0.2645,0.074444444,FALSE,,,,,,,
2012,08/03/2023,3.82,4130,11,EURO2,4,1800,0.955,2.294444444,2010-2016,0.2,-0.009,0.258888889,FALSE,,,,,,,
2011,12/09/2024,9.6,3850,13,EURO2,4,1800,2.4,2.138888889,2010-2016,0.2,0.28,0.227777778,FALSE,,,,,,,
2011,04/09/2023,3.47,4144,12,EURO2,4,1800,0.8675,2.302222222,2010-2016,0.2,-0.0265,0.260444444,FALSE,,,,,,,
2013,01/09/2023,9.7,2290,10,EURO2,4,1800,2.425,1.272222222,2010-2016,0.2,0.285,0.054444444,FALSE,,,,,,,
2013,02/11/2023,0.23,4284,10,EURO2,4,1800,0.0575,2.38,2010-2016,0.2,-0.1885,0.276,FALSE,,,,,,,
2012,27/11/2023,9.76,2114,11,EURO2,4,1800,2.44,1.174444444,2010-2016,0.2,0.288,0.034888889,FALSE,,,,,,,
2011,16/11/2023,9.76,2500,12,EURO2,4,1800,2.44,1.388888889,2010-2016,0.2,0.288,0.077777778,FALSE,,,,,,,
2012,19/09/2023,9.77,7290,11,EURO2,4,1800,2.4425,4.05,2010-2016,0.2,0.2885,0.61,FALSE,,,,,,,
2010,04/09/2023,2.63,4534,13,EURO2,4,1800,0.6575,2.518888889,2010-2016,0.2,-0.0685,0.303777778,FALSE,,,,,,,
2013,09/09/2023,9.8,2167,10,EURO2,4,1800,2.45,1.203888889,2010-2016,0.2,0.29,0.040777778,FALSE,,,,,,,
2013,12/07/2023,9.8,4570,10,EURO2,4,1800,2.45,2.538888889,2010-2016,0.2,0.29,0.307777778,FALSE,,,,,,,
2012,10/08/2024,9.82,5743,12,EURO2,4,1800,2.455,3.190555556,2010-2016,0.2,0.291,0.438111111,FALSE,,,,,,,
2011,19/09/2023,0.21,4780,12,EURO2,4,1800,0.0525,2.655555556,2010-2016,0.2,-0.1895,0.331111111,FALSE,,,,,,,
2011,30/08/2023,9.87,1828,12,EURO2,4,1800,2.4675,1.015555556,2010-2016,0.2,0.2935,0.003111111,FALSE,,,,,,,
2013,02/10/2024,9.89,5030,11,EURO2,4,1800,2.4725,2.794444444,2010-2016,0.2,0.2945,0.358888889,FALSE,,,,,,,
2012,02/09/2024,9.9,2183,12,EURO2,4,1800,2.475,1.212777778,2010-2016,0.2,0.295,0.042555556,FALSE,,,,,,,
2012,14/09/2023,9.99,1977,11,EURO2,4,1800,2.4975,1.098333333,2010-2016,0.2,0.2995,0.019666667,FALSE,,,,,,,
2011,26/02/2025,9.99,2080,14,EURO2,4,1800,2.4975,1.155555556,2010-2016,0.2,0.2995,0.031111111,FALSE,,,,,,,
2011,16/11/2023,9.99,2159,12,EURO2,4,1800,2.4975,1.199444444,2010-2016,0.2,0.2995,0.039888889,FALSE,,,,,,,
2012,17/11/2023,9.99,2250,11,EURO2,4,1800,2.4975,1.25,2010-2016,0.2,0.2995,0.05,FALSE,,,,,,,
2011,20/02/2025,9.99,2279,14,EURO2,4,1800,2.4975,1.266111111,2010-2016,0.2,0.2995,0.053222222,FALSE,,,,,,,
2007,02/07/2024,3.91,6610,17,EURO2,5.5,2200,0.710909091,3.004545455,<2010,0.2,-0.057818182,0.400909091,FALSE,,,,,,,
2011,28/07/2023,0.01,5616,12,EURO2,4,1800,0.0025,3.12,2010-2016,0.2,-0.1995,0.424,FALSE,,,,,,,
2013,27/02/2025,9.99,2355,12,EURO2,4,1800,2.4975,1.308333333,2010-2016,0.2,0.2995,0.061666667,FALSE,,,,,,,
2010,04/07/2024,9.99,2750,14,EURO2,4,1800,2.4975,1.527777778,2010-2016,0.2,0.2995,0.105555556,FALSE,,,,,,,
2012,02/08/2023,9.99,3635,11,EURO2,4,1800,2.4975,2.019444444,2010-2016,0.2,0.2995,0.203888889,FALSE,,,,,,,
2013,29/09/2023,3.53,6338,10,EURO2,4,1800,0.8825,3.521111111,2010-2016,0.2,-0.0235,0.504222222,FALSE,,,,,,,
2011,05/06/2023,9.99,3770,12,EURO2,4,1800,2.4975,2.094444444,2010-2016,0.2,0.2995,0.218888889,FALSE,,,,,,,
2010,29/08/2023,9.99,4100,13,EURO2,4,1800,2.4975,2.277777778,2010-2016,0.2,0.2995,0.255555556,FALSE,,,,,,,
2013,31/08/2023,9.99,4510,10,EURO2,4,1800,2.4975,2.505555556,2010-2016,0.2,0.2995,0.301111111,FALSE,,,,,,,
2013,28/08/2023,3.42,6787,10,EURO2,4,1800,0.855,3.770555556,2010-2016,0.2,-0.029,0.554111111,FALSE,,,,,,,
2008,25/10/2023,3,8346,15,EURO2,5.5,2200,0.545454545,3.793636364,<2010,0.2,-0.090909091,0.558727273,FALSE,,,,,,,
2013,29/08/2023,9.99,5860,10,EURO2,4,1800,2.4975,3.255555556,2010-2016,0.2,0.2995,0.451111111,FALSE,,,,,,,
2010,30/08/2023,9.99,6370,13,EURO2,4,1800,2.4975,3.538888889,2010-2016,0.2,0.2995,0.507777778,FALSE,,,,,,,
2013,06/03/2024,9.99,7810,11,EURO2,4,1800,2.4975,4.338888889,2010-2016,0.2,0.2995,0.667777778,FALSE,,,,,,,
2012,27/11/2023,10,3491,11,EURO2,4,1800,2.5,1.939444444,2010-2016,0.2,0.3,0.187888889,FALSE,,,,,,,
2011,11/09/2023,10,4394,12,EURO2,4,1800,2.5,2.441111111,2010-2016,0.2,0.3,0.288222222,FALSE,,,,,,,
2013,30/08/2023,10.6,2250,10,EURO2,4,1800,2.65,1.25,2010-2016,0.2,0.33,0.05,FALSE,,,,,,,
2010,28/08/2023,12.4,2031,13,EURO2,4,1800,3.1,1.128333333,2010-2016,0.2,0.42,0.025666667,FALSE,,,,,,,
2010,23/08/2023,34.07,2834,13,EURO2,4,1800,8.5175,1.574444444,2010-2016,0.2,1.5035,0.114888889,FALSE,,,,,,,
2011,14/09/2023,3.33,9999,12,EURO2,4,1800,0.8325,5.555,2010-2016,0.2,-0.0335,0.911,FALSE,,,,,,,
2013,04/11/2023,3.68,9999,10,EURO2,4,1800,0.92,5.555,2010-2016,0.2,-0.016,0.911,FALSE,,,,,,,
2014,02/11/2023,13.4,184,9,EURO3,4,1800,3.35,0.102222222,2010-2016,0.2,0.47,-0.179555556,FALSE,,,,,,,
2014,16/11/2023,4.55,194,9,EURO3,4,1800,1.1375,0.107777778,2010-2016,0.2,0.0275,-0.178444444,FALSE,,,,,,,
2014,09/09/2023,8.83,485,9,EURO3,4,1800,2.2075,0.269444444,2010-2016,0.2,0.2415,-0.146111111,FALSE,,,,,,,
2014,14/09/2023,4.1,479,9,EURO3,4,1800,1.025,0.266111111,2010-2016,0.2,0.005,-0.146777778,FALSE,,,,,,,
2014,16/11/2023,9.99,233,9,EURO3,4,1800,2.4975,0.129444444,2010-2016,0.2,0.2995,-0.174111111,FALSE,,,,,,,
2014,07/09/2023,5.4,1767,9,EURO3,4,1800,1.35,0.981666667,2010-2016,0.2,0.07,-0.003666667,FALSE,,,,,,,
2014,22/08/2023,1.89,2033,9,EURO3,4,1800,0.4725,1.129444444,2010-2016,0.2,-0.1055,0.025888889,FALSE,,,,,,,
2014,26/04/2024,5.46,192,10,EURO3,4,1800,1.365,0.106666667,2010-2016,0.2,0.073,-0.178666667,FALSE,,,,,,,
2014,14/11/2023,6.18,164,9,EURO3,4,1800,1.545,0.091111111,2010-2016,0.2,0.109,-0.181777778,FALSE,,,,,,,
2014,12/09/2023,5.29,386,9,EURO3,4,1800,1.3225,0.214444444,2010-2016,0.2,0.0645,-0.157111111,FALSE,,,,,,,
2014,31/08/2023,9.99,277,9,EURO3,4,1800,2.4975,0.153888889,2010-2016,0.2,0.2995,-0.169222222,FALSE,,,,,,,
2014,31/08/2023,4.24,497,9,EURO3,4,1800,1.06,0.276111111,2010-2016,0.2,0.012,-0.144777778,FALSE,,,,,,,
2014,16/05/2023,11,41,9,EURO3,4,1800,2.75,0.022777778,2010-2016,0.2,0.35,-0.195444444,FALSE,,,,,,,
2014,03/09/2023,9.48,1080,9,EURO3,4,1800,2.37,0.6,2010-2016,0.2,0.274,-0.08,FALSE,,,,,,,
2014,24/08/2023,98,465,9,EURO3,4,1800,24.5,0.258333333,2010-2016,0.2,4.7,-0.148333333,FALSE,,,,,,,
2014,17/12/2024,6.37,1580,10,EURO3,4,1800,1.5925,0.877777778,2010-2016,0.2,0.1185,-0.024444444,FALSE,,,,,,,
2014,17/09/2023,4.4,2000,9,EURO3,4,1800,1.1,1.111111111,2010-2016,0.2,0.02,0.022222222,FALSE,,,,,,,
2014,10/09/2023,4.12,833,9,EURO3,4,1800,1.03,0.462777778,2010-2016,0.2,0.006,-0.107444444,FALSE,,,,,,,
2014,26/01/2023,4.17,77,9,EURO3,4,1800,1.0425,0.042777778,2010-2016,0.2,0.0085,-0.191444444,FALSE,,,,,,,
2014,04/09/2023,4.28,1230,9,EURO3,4,1800,1.07,0.683333333,2010-2016,0.2,0.014,-0.063333333,FALSE,,,,,,,
2014,06/09/2023,7.7,818,9,EURO3,4,1800,1.925,0.454444444,2010-2016,0.2,0.185,-0.109111111,FALSE,,,,,,,
2014,10/06/2024,4.62,526,10,EURO3,4,1800,1.155,0.292222222,2010-2016,0.2,0.031,-0.141555556,FALSE,,,,,,,
2014,08/10/2024,6.96,225,10,EURO3,4,1800,1.74,0.125,2010-2016,0.2,0.148,-0.175,FALSE,,,,,,,
2014,28/10/2023,4.56,856,9,EURO3,4,1800,1.14,0.475555556,2010-2016,0.2,0.028,-0.104888889,FALSE,,,,,,,
2014,05/09/2023,4.98,101,9,EURO3,4,1800,1.245,0.056111111,2010-2016,0.2,0.049,-0.188777778,FALSE,,,,,,,
2014,16/11/2023,6.55,557,9,EURO3,4,1800,1.6375,0.309444444,2010-2016,0.2,0.1275,-0.138111111,FALSE,,,,,,,
2014,04/09/2023,10.2,308,9,EURO3,4,1800,2.55,0.171111111,2010-2016,0.2,0.31,-0.165777778,FALSE,,,,,,,
2014,25/06/2024,7.91,575,10,EURO3,4,1800,1.9775,0.319444444,2010-2016,0.2,0.1955,-0.136111111,FALSE,,,,,,,
2014,08/08/2024,7.88,1419,10,EURO3,4,1800,1.97,0.788333333,2010-2016,0.2,0.194,-0.042333333,FALSE,,,,,,,
2014,09/09/2023,10.2,2099,9,EURO3,4,1800,2.55,1.166111111,2010-2016,0.2,0.31,0.033222222,FALSE,,,,,,,
2014,21/02/2024,6.03,404,10,EURO3,4,1800,1.5075,0.224444444,2010-2016,0.2,0.1015,-0.155111111,FALSE,,,,,,,
2014,27/07/2023,5.93,8.23,9,EURO3,4,1800,1.4825,0.004572222,2010-2016,0.2,0.0965,-0.199085556,FALSE,,,,,,,
2014,12/07/2023,5.9,914,9,EURO3,4,1800,1.475,0.507777778,2010-2016,0.2,0.095,-0.098444444,FALSE,,,,,,,
2014,30/08/2023,4.48,541,9,EURO3,4,1800,1.12,0.300555556,2010-2016,0.2,0.024,-0.139888889,FALSE,,,,,,,
2014,01/03/2023,5.33,1249,9,EURO3,4,1800,1.3325,0.693888889,2010-2016,0.2,0.0665,-0.061222222,FALSE,,,,,,,
2014,17/07/2024,1.91,2180,10,EURO3,4,1800,0.4775,1.211111111,2010-2016,0.2,-0.1045,0.042222222,FALSE,,,,,,,
2014,17/11/2023,7.85,681,9,EURO3,4,1800,1.9625,0.378333333,2010-2016,0.2,0.1925,-0.124333333,FALSE,,,,,,,
2014,25/08/2023,3.8,1987,9,EURO3,4,1800,0.95,1.103888889,2010-2016,0.2,-0.01,0.020777778,FALSE,,,,,,,
2014,09/10/2023,13,666,9,EURO3,4,1800,3.25,0.37,2010-2016,0.2,0.45,-0.126,FALSE,,,,,,,
2014,26/09/2023,4.34,323,9,EURO3,4,1800,1.085,0.179444444,2010-2016,0.2,0.017,-0.164111111,FALSE,,,,,,,
2014,31/05/2023,6.95,2690,9,EURO3,4,1800,1.7375,1.494444444,2010-2016,0.2,0.1475,0.098888889,FALSE,,,,,,,
2014,12/02/2025,0.44,2070,11,EURO3,4,1800,0.11,1.15,2010-2016,0.2,-0.178,0.03,FALSE,,,,,,,
2014,25/07/2024,6.22,2040,10,EURO3,4,1800,1.555,1.133333333,2010-2016,0.2,0.111,0.026666667,FALSE,,,,,,,
2014,13/04/2023,4.4,255,9,EURO3,4,1800,1.1,0.141666667,2010-2016,0.2,0.02,-0.171666667,FALSE,,,,,,,
2014,10/11/2023,8.92,293,9,EURO3,4,1800,2.23,0.162777778,2010-2016,0.2,0.246,-0.167444444,FALSE,,,,,,,
2014,29/09/2023,5.75,992,9,EURO3,4,1800,1.4375,0.551111111,2010-2016,0.2,0.0875,-0.089777778,FALSE,,,,,,,
2014,18/07/2024,4.12,458,10,EURO3,4,1800,1.03,0.254444444,2010-2016,0.2,0.006,-0.149111111,FALSE,,,,,,,
2014,17/09/2023,12.2,677,9,EURO3,4,1800,3.05,0.376111111,2010-2016,0.2,0.41,-0.124777778,FALSE,,,,,,,
2014,09/09/2023,11.1,152,9,EURO3,4,1800,2.775,0.084444444,2010-2016,0.2,0.355,-0.183111111,FALSE,,,,,,,
2014,08/09/2023,4.98,727,9,EURO3,4,1800,1.245,0.403888889,2010-2016,0.2,0.049,-0.119222222,FALSE,,,,,,,
2014,30/10/2024,3.08,2460,10,EURO3,4,1800,0.77,1.366666667,2010-2016,0.2,-0.046,0.073333333,FALSE,,,,,,,
2014,30/01/2024,5.45,389,10,EURO3,4,1800,1.3625,0.216111111,2010-2016,0.2,0.0725,-0.156777778,FALSE,,,,,,,
2014,05/09/2023,11.3,308,9,EURO3,4,1800,2.825,0.171111111,2010-2016,0.2,0.365,-0.165777778,FALSE,,,,,,,
2014,03/09/2023,13,235,9,EURO3,4,1800,3.25,0.130555556,2010-2016,0.2,0.45,-0.173888889,FALSE,,,,,,,
2014,28/07/2023,5.41,421,9,EURO3,4,1800,1.3525,0.233888889,2010-2016,0.2,0.0705,-0.153222222,FALSE,,,,,,,
2014,12/09/2023,8.01,1128,9,EURO3,4,1800,2.0025,0.626666667,2010-2016,0.2,0.2005,-0.074666667,FALSE,,,,,,,
2014,13/09/2023,4.7,248,9,EURO3,4,1800,1.175,0.137777778,2010-2016,0.2,0.035,-0.172444444,FALSE,,,,,,,
2014,07/10/2023,8.32,2050,9,EURO3,4,1800,2.08,1.138888889,2010-2016,0.2,0.216,0.027777778,FALSE,,,,,,,
2014,22/09/2023,7.6,317,9,EURO3,4,1800,1.9,0.176111111,2010-2016,0.2,0.18,-0.164777778,FALSE,,,,,,,
2014,11/09/2023,4.34,1.233,9,EURO3,4,1800,1.085,0.000685,2010-2016,0.2,0.017,-0.199863,FALSE,,,,,,,
2014,27/06/2023,4.36,373,9,EURO3,4,1800,1.09,0.207222222,2010-2016,0.2,0.018,-0.158555556,FALSE,,,,,,,
2014,09/09/2023,12.2,415,9,EURO3,4,1800,3.05,0.230555556,2010-2016,0.2,0.41,-0.153888889,FALSE,,,,,,,
2014,01/11/2023,4.14,129,9,EURO3,4,1800,1.035,0.071666667,2010-2016,0.2,0.007,-0.185666667,FALSE,,,,,,,
2014,30/08/2023,7.17,628,9,EURO3,4,1800,1.7925,0.348888889,2010-2016,0.2,0.1585,-0.130222222,FALSE,,,,,,,
2014,25/09/2023,5.48,88,9,EURO3,4,1800,1.37,0.048888889,2010-2016,0.2,0.074,-0.190222222,FALSE,,,,,,,
2014,28/07/2023,4.43,588,9,EURO3,4,1800,1.1075,0.326666667,2010-2016,0.2,0.0215,-0.134666667,FALSE,,,,,,,
2014,03/12/2024,4.06,318,10,EURO3,4,1800,1.015,0.176666667,2010-2016,0.2,0.003,-0.164666667,FALSE,,,,,,,
2014,28/08/2023,14,339,9,EURO3,4,1800,3.5,0.188333333,2010-2016,0.2,0.5,-0.162333333,FALSE,,,,,,,
2014,10/09/2023,2.65,1818,9,EURO3,4,1800,0.6625,1.01,2010-2016,0.2,-0.0675,0.002,FALSE,,,,,,,
2014,29/09/2023,13.7,308,9,EURO3,4,1800,3.425,0.171111111,2010-2016,0.2,0.485,-0.165777778,FALSE,,,,,,,
2014,07/11/2023,4.64,701,9,EURO3,4,1800,1.16,0.389444444,2010-2016,0.2,0.032,-0.122111111,FALSE,,,,,,,
2014,01/09/2023,11.9,516,9,EURO3,4,1800,2.975,0.286666667,2010-2016,0.2,0.395,-0.142666667,FALSE,,,,,,,
2014,28/11/2023,8.27,594,9,EURO3,4,1800,2.0675,0.33,2010-2016,0.2,0.2135,-0.134,FALSE,,,,,,,
2014,20/09/2023,6.19,568,9,EURO3,4,1800,1.5475,0.315555556,2010-2016,0.2,0.1095,-0.136888889,FALSE,,,,,,,
2014,04/09/2023,7.3,96,9,EURO3,4,1800,1.825,0.053333333,2010-2016,0.2,0.165,-0.189333333,FALSE,,,,,,,
2014,11/09/2023,11.9,220,9,EURO3,4,1800,2.975,0.122222222,2010-2016,0.2,0.395,-0.175555556,FALSE,,,,,,,
2014,25/01/2023,7.33,10.14,9,EURO3,4,1800,1.8325,0.005633333,2010-2016,0.2,0.1665,-0.198873333,FALSE,,,,,,,
2014,31/08/2023,7.55,280,9,EURO3,4,1800,1.8875,0.155555556,2010-2016,0.2,0.1775,-0.168888889,FALSE,,,,,,,
2014,03/10/2023,4.38,229,9,EURO3,4,1800,1.095,0.127222222,2010-2016,0.2,0.019,-0.174555556,FALSE,,,,,,,
2014,29/08/2023,13,1096,9,EURO3,4,1800,3.25,0.608888889,2010-2016,0.2,0.45,-0.078222222,FALSE,,,,,,,
2014,11/11/2024,8.97,2120,10,EURO3,4,1800,2.2425,1.177777778,2010-2016,0.2,0.2485,0.035555556,FALSE,,,,,,,
2014,02/09/2023,8.7,169,9,EURO3,4,1800,2.175,0.093888889,2010-2016,0.2,0.235,-0.181222222,FALSE,,,,,,,
2014,02/09/2023,9.6,44,9,EURO3,4,1800,2.4,0.024444444,2010-2016,0.2,0.28,-0.195111111,FALSE,,,,,,,
2014,10/09/2023,4.64,2721,9,EURO3,4,1800,1.16,1.511666667,2010-2016,0.2,0.032,0.102333333,FALSE,,,,,,,
2014,31/08/2023,12.3,349,9,EURO3,4,1800,3.075,0.193888889,2010-2016,0.2,0.415,-0.161222222,FALSE,,,,,,,
2014,23/09/2023,12.5,352,9,EURO3,4,1800,3.125,0.195555556,2010-2016,0.2,0.425,-0.160888889,FALSE,,,,,,,
2014,06/09/2023,8.9,1033,9,EURO3,4,1800,2.225,0.573888889,2010-2016,0.2,0.245,-0.085222222,FALSE,,,,,,,
2014,03/09/2023,4.34,769,9,EURO3,4,1800,1.085,0.427222222,2010-2016,0.2,0.017,-0.114555556,FALSE,,,,,,,
2014,13/09/2023,5.6,6543,9,EURO3,4,1800,1.4,3.635,2010-2016,0.2,0.08,0.527,FALSE,,,,,,,
2014,02/09/2023,8.1,3532,9,EURO3,4,1800,2.025,1.962222222,2010-2016,0.2,0.205,0.192444444,FALSE,,,,,,,
2014,30/08/2023,5.04,1661,9,EURO3,4,1800,1.26,0.922777778,2010-2016,0.2,0.052,-0.015444444,FALSE,,,,,,,
2014,04/09/2023,4.28,1230,9,EURO3,4,1800,1.07,0.683333333,2010-2016,0.2,0.014,-0.063333333,FALSE,,,,,,,
2014,31/08/2023,6.05,778,9,EURO3,4,1800,1.5125,0.432222222,2010-2016,0.2,0.1025,-0.113555556,FALSE,,,,,,,
2014,11/09/2023,13.7,0,9,EURO3,4,1800,3.425,0,2010-2016,0.2,0.485,-0.2,FALSE,,,,,,,
2014,02/09/2023,5.95,757,9,EURO3,4,1800,1.4875,0.420555556,2010-2016,0.2,0.0975,-0.115888889,FALSE,,,,,,,
2014,06/05/2024,6.4,1212,10,EURO3,4,1800,1.6,0.673333333,2010-2016,0.2,0.12,-0.065333333,FALSE,,,,,,,
2014,02/12/2023,6.08,3.75,9,EURO3,4,1800,1.52,0.002083333,2010-2016,0.2,0.104,-0.199583333,FALSE,,,,,,,
2014,08/09/2023,11.8,1478,9,EURO3,4,1800,2.95,0.821111111,2010-2016,0.2,0.39,-0.035777778,FALSE,,,,,,,
2014,25/01/2023,5.92,364,9,EURO3,4,1800,1.48,0.202222222,2010-2016,0.2,0.096,-0.159555556,FALSE,,,,,,,
2014,09/10/2023,12.1,186,9,EURO3,4,1800,3.025,0.103333333,2010-2016,0.2,0.405,-0.179333333,FALSE,,,,,,,
2014,04/11/2023,12.4,91,9,EURO3,4,1800,3.1,0.050555556,2010-2016,0.2,0.42,-0.189888889,FALSE,,,,,,,
2014,06/09/2023,1.83,1891,9,EURO3,4,1800,0.4575,1.050555556,2010-2016,0.2,-0.1085,0.010111111,FALSE,,,,,,,
2014,04/09/2023,12.6,392,9,EURO3,4,1800,3.15,0.217777778,2010-2016,0.2,0.43,-0.156444444,FALSE,,,,,,,
2014,12/11/2024,2.25,3170,10,EURO3,4,1800,0.5625,1.761111111,2010-2016,0.2,-0.0875,0.152222222,FALSE,,,,,,,
2014,04/09/2023,10.7,480,9,EURO3,4,1800,2.675,0.266666667,2010-2016,0.2,0.335,-0.146666667,FALSE,,,,,,,
2014,05/11/2023,16.9,30,9,EURO3,4,1800,4.225,0.016666667,2010-2016,0.2,0.645,-0.196666667,FALSE,,,,,,,
2014,10/09/2023,4.87,719,9,EURO3,4,1800,1.2175,0.399444444,2010-2016,0.2,0.0435,-0.120111111,FALSE,,,,,,,
2014,04/09/2023,4.27,991,9,EURO3,4,1800,1.0675,0.550555556,2010-2016,0.2,0.0135,-0.089888889,FALSE,,,,,,,
2014,17/09/2023,13.1,298,9,EURO3,4,1800,3.275,0.165555556,2010-2016,0.2,0.455,-0.166888889,FALSE,,,,,,,
2014,10/10/2023,6.53,8351,9,EURO3,4,1800,1.6325,4.639444444,2010-2016,0.2,0.1265,0.727888889,FALSE,,,,,,,
2014,22/08/2023,4.76,444,9,EURO3,4,1800,1.19,0.246666667,2010-2016,0.2,0.038,-0.150666667,FALSE,,,,,,,
2014,28/08/2023,4.3,609,9,EURO3,4,1800,1.075,0.338333333,2010-2016,0.2,0.015,-0.132333333,FALSE,,,,,,,
2014,08/09/2023,5.55,1737,9,EURO3,4,1800,1.3875,0.965,2010-2016,0.2,0.0775,-0.007,FALSE,,,,,,,
2014,06/09/2023,13.7,208,9,EURO3,4,1800,3.425,0.115555556,2010-2016,0.2,0.485,-0.176888889,FALSE,,,,,,,
2014,29/07/2024,4.47,328,10,EURO3,4,1800,1.1175,0.182222222,2010-2016,0.2,0.0235,-0.163555556,FALSE,,,,,,,
2015,07/02/2024,5.63,463,9,EURO3,4,1800,1.4075,0.257222222,2010-2016,0.2,0.0815,-0.148555556,FALSE,,,,,,,
2015,06/11/2023,44,1525,8,EURO3,4,1800,11,0.847222222,2010-2016,0.2,2,-0.030555556,FALSE,,,,,,,
2015,13/11/2023,5.37,1480,8,EURO3,4,1800,1.3425,0.822222222,2010-2016,0.2,0.0685,-0.035555556,FALSE,,,,,,,
2015,11/09/2024,8.06,468,9,EURO3,4,1800,2.015,0.26,2010-2016,0.2,0.203,-0.148,FALSE,,,,,,,
2015,05/06/2023,1.82,3645,8,EURO3,4,1800,0.455,2.025,2010-2016,0.2,-0.109,0.205,FALSE,,,,,,,
2015,25/01/2023,5.81,214,8,EURO3,4,1800,1.4525,0.118888889,2010-2016,0.2,0.0905,-0.176222222,FALSE,,,,,,,
2015,05/09/2023,0,2016,8,EURO3,4,1800,0,1.12,2010-2016,0.2,-0.2,0.024,FALSE,,,,,,,
2015,29/09/2023,4.44,529,8,EURO3,4,1800,1.11,0.293888889,2010-2016,0.2,0.022,-0.141222222,FALSE,,,,,,,
2015,09/10/2023,6,164,8,EURO3,4,1800,1.5,0.091111111,2010-2016,0.2,0.1,-0.181777778,FALSE,,,,,,,
2015,01/09/2023,4.25,1200,8,EURO3,4,1800,1.0625,0.666666667,2010-2016,0.2,0.0125,-0.066666667,FALSE,,,,,,,
2015,20/09/2023,7.25,429,8,EURO3,4,1800,1.8125,0.238333333,2010-2016,0.2,0.1625,-0.152333333,FALSE,,,,,,,
2015,27/09/2023,4.21,262,8,EURO3,4,1800,1.0525,0.145555556,2010-2016,0.2,0.0105,-0.170888889,FALSE,,,,,,,
2015,21/11/2023,4.92,206,8,EURO3,4,1800,1.23,0.114444444,2010-2016,0.2,0.046,-0.177111111,FALSE,,,,,,,
2015,22/11/2023,8.7,250,8,EURO3,4,1800,2.175,0.138888889,2010-2016,0.2,0.235,-0.172222222,FALSE,,,,,,,
2015,04/09/2023,4.15,192,8,EURO3,4,1800,1.0375,0.106666667,2010-2016,0.2,0.0075,-0.178666667,FALSE,,,,,,,
2015,11/05/2023,7.82,2700,8,EURO3,4,1800,1.955,1.5,2010-2016,0.2,0.191,0.1,FALSE,,,,,,,
2015,31/08/2023,10.9,191,8,EURO3,4,1800,2.725,0.106111111,2010-2016,0.2,0.345,-0.178777778,FALSE,,,,,,,
2015,03/09/2023,4.8,1998,8,EURO3,4,1800,1.2,1.11,2010-2016,0.2,0.04,0.022,FALSE,,,,,,,
2015,29/08/2023,4.16,1473,8,EURO3,4,1800,1.04,0.818333333,2010-2016,0.2,0.008,-0.036333333,FALSE,,,,,,,
2015,04/09/2023,3.7,4354,8,EURO3,4,1800,0.925,2.418888889,2010-2016,0.2,-0.015,0.283777778,FALSE,,,,,,,
2015,05/09/2023,9,131,8,EURO3,4,1800,2.25,0.072777778,2010-2016,0.2,0.25,-0.185444444,FALSE,,,,,,,
2015,15/01/2025,5.42,349,10,EURO3,4,1800,1.355,0.193888889,2010-2016,0.2,0.071,-0.161222222,FALSE,,,,,,,
2015,30/08/2023,5.2,268,8,EURO3,4,1800,1.3,0.148888889,2010-2016,0.2,0.06,-0.170222222,FALSE,,,,,,,
2015,23/10/2024,5.01,350,9,EURO3,4,1800,1.2525,0.194444444,2010-2016,0.2,0.0505,-0.161111111,FALSE,,,,,,,
2015,31/08/2023,13.4,131,8,EURO3,4,1800,3.35,0.072777778,2010-2016,0.2,0.47,-0.185444444,FALSE,,,,,,,
2015,06/11/2023,2.76,4726,8,EURO3,4,1800,0.69,2.625555556,2010-2016,0.2,-0.062,0.325111111,FALSE,,,,,,,
2015,04/09/2023,3.28,5647,8,EURO3,4,1800,0.82,3.137222222,2010-2016,0.2,-0.036,0.427444444,FALSE,,,,,,,
2015,05/11/2024,62,194,9,EURO3,4,1800,15.5,0.107777778,2010-2016,0.2,2.9,-0.178444444,FALSE,,,,,,,
2015,24/11/2023,4.38,444,8,EURO3,4,1800,1.095,0.246666667,2010-2016,0.2,0.019,-0.150666667,FALSE,,,,,,,
2015,10/09/2023,4.2,1548,8,EURO3,4,1800,1.05,0.86,2010-2016,0.2,0.01,-0.028,FALSE,,,,,,,
2015,06/09/2023,4.6,107,8,EURO3,4,1800,1.15,0.059444444,2010-2016,0.2,0.03,-0.188111111,FALSE,,,,,,,
2015,26/09/2023,6.96,1486,8,EURO3,4,1800,1.74,0.825555556,2010-2016,0.2,0.148,-0.034888889,FALSE,,,,,,,
2015,04/10/2023,10,545,8,EURO3,4,1800,2.5,0.302777778,2010-2016,0.2,0.3,-0.139444444,FALSE,,,,,,,
2015,12/09/2023,7.16,1298,8,EURO3,4,1800,1.79,0.721111111,2010-2016,0.2,0.158,-0.055777778,FALSE,,,,,,,
2015,16/11/2023,6.05,350,8,EURO3,4,1800,1.5125,0.194444444,2010-2016,0.2,0.1025,-0.161111111,FALSE,,,,,,,
2015,03/09/2023,7.9,214,8,EURO3,4,1800,1.975,0.118888889,2010-2016,0.2,0.195,-0.176222222,FALSE,,,,,,,
2015,09/02/2023,1.25,1921,8,EURO3,4,1800,0.3125,1.067222222,2010-2016,0.2,-0.1375,0.013444444,FALSE,,,,,,,
2015,05/09/2023,9.8,30,8,EURO3,4,1800,2.45,0.016666667,2010-2016,0.2,0.29,-0.196666667,FALSE,,,,,,,
2015,22/10/2023,8.7,274,8,EURO3,4,1800,2.175,0.152222222,2010-2016,0.2,0.235,-0.169555556,FALSE,,,,,,,
2015,09/09/2023,9.4,2084,8,EURO3,4,1800,2.35,1.157777778,2010-2016,0.2,0.27,0.031555556,FALSE,,,,,,,
2015,09/09/2023,7.44,844,8,EURO3,4,1800,1.86,0.468888889,2010-2016,0.2,0.172,-0.106222222,FALSE,,,,,,,
2015,23/02/2025,7.02,872,10,EURO3,4,1800,1.755,0.484444444,2010-2016,0.2,0.151,-0.103111111,FALSE,,,,,,,
2015,21/05/2024,8.26,734,9,EURO3,4,1800,2.065,0.407777778,2010-2016,0.2,0.213,-0.118444444,FALSE,,,,,,,
2015,04/09/2023,4.32,1313,8,EURO3,4,1800,1.08,0.729444444,2010-2016,0.2,0.016,-0.054111111,FALSE,,,,,,,
2015,21/08/2023,8.58,2500,8,EURO3,4,1800,2.145,1.388888889,2010-2016,0.2,0.229,0.077777778,FALSE,,,,,,,
2015,29/08/2023,7.81,10950,8,EURO3,4,1800,1.9525,6.083333333,2010-2016,0.2,0.1905,1.016666667,FALSE,,,,,,,
2015,28/08/2023,19.3,3205,8,EURO3,4,1800,4.825,1.780555556,2010-2016,0.2,0.765,0.156111111,FALSE,,,,,,,
2015,05/10/2023,14,126,8,EURO3,4,1800,3.5,0.07,2010-2016,0.2,0.5,-0.186,FALSE,,,,,,,
2015,13/04/2023,5.79,481,8,EURO3,4,1800,1.4475,0.267222222,2010-2016,0.2,0.0895,-0.146555556,FALSE,,,,,,,
2015,10/09/2023,13.9,984,8,EURO3,4,1800,3.475,0.546666667,2010-2016,0.2,0.495,-0.090666667,FALSE,,,,,,,
2015,04/09/2023,1.98,1867,8,EURO3,4,1800,0.495,1.037222222,2010-2016,0.2,-0.101,0.007444444,FALSE,,,,,,,
2015,29/08/2023,4.67,81,8,EURO3,4,1800,1.1675,0.045,2010-2016,0.2,0.0335,-0.191,FALSE,,,,,,,
2015,22/08/2023,6.11,521,8,EURO3,4,1800,1.5275,0.289444444,2010-2016,0.2,0.1055,-0.142111111,FALSE,,,,,,,
2015,25/07/2023,9.92,13010,8,EURO3,4,1800,2.48,7.227777778,2010-2016,0.2,0.296,1.245555556,FALSE,,,,,,,
2015,23/10/2023,14.3,128,8,EURO3,4,1800,3.575,0.071111111,2010-2016,0.2,0.515,-0.185777778,FALSE,,,,,,,
2015,01/09/2023,1.81,2246,8,EURO3,4,1800,0.4525,1.247777778,2010-2016,0.2,-0.1095,0.049555556,FALSE,,,,,,,
2015,16/02/2023,2.89,3480,8,EURO3,4,1800,0.7225,1.933333333,2010-2016,0.2,-0.0555,0.186666667,FALSE,,,,,,,
2015,02/09/2023,4.9,1998,8,EURO3,4,1800,1.225,1.11,2010-2016,0.2,0.045,0.022,FALSE,,,,,,,
2015,04/09/2023,12.1,571,8,EURO3,4,1800,3.025,0.317222222,2010-2016,0.2,0.405,-0.136555556,FALSE,,,,,,,
2015,20/09/2023,7.11,108,8,EURO3,4,1800,1.7775,0.06,2010-2016,0.2,0.1555,-0.188,FALSE,,,,,,,
2015,12/02/2025,4.19,290,10,EURO3,4,1800,1.0475,0.161111111,2010-2016,0.2,0.0095,-0.167777778,FALSE,,,,,,,
2015,29/08/2023,4.3,716,8,EURO3,4,1800,1.075,0.397777778,2010-2016,0.2,0.015,-0.120444444,FALSE,,,,,,,
2015,02/09/2023,9.6,146,8,EURO3,4,1800,2.4,0.081111111,2010-2016,0.2,0.28,-0.183777778,FALSE,,,,,,,
2015,27/09/2023,0.14,2686,8,EURO3,4,1800,0.035,1.492222222,2010-2016,0.2,-0.193,0.098444444,FALSE,,,,,,,
2015,07/06/2023,9.39,1017,8,EURO3,4,1800,2.3475,0.565,2010-2016,0.2,0.2695,-0.087,FALSE,,,,,,,
2015,21/10/2023,15,101,8,EURO3,4,1800,3.75,0.056111111,2010-2016,0.2,0.55,-0.188777778,FALSE,,,,,,,
2015,04/09/2023,4.09,468,8,EURO3,4,1800,1.0225,0.26,2010-2016,0.2,0.0045,-0.148,FALSE,,,,,,,
2015,08/09/2023,6.26,136,8,EURO3,4,1800,1.565,0.075555556,2010-2016,0.2,0.113,-0.184888889,FALSE,,,,,,,
2015,28/08/2023,5.52,499,8,EURO3,4,1800,1.38,0.277222222,2010-2016,0.2,0.076,-0.144555556,FALSE,,,,,,,
2015,20/02/2025,6.21,258,10,EURO3,4,1800,1.5525,0.143333333,2010-2016,0.2,0.1105,-0.171333333,FALSE,,,,,,,
2015,17/09/2023,10.4,183,8,EURO3,4,1800,2.6,0.101666667,2010-2016,0.2,0.32,-0.179666667,FALSE,,,,,,,
2015,13/06/2024,9.1,2200,9,EURO3,4,1800,2.275,1.222222222,2010-2016,0.2,0.255,0.044444444,FALSE,,,,,,,
2015,27/09/2023,4.76,2487,8,EURO3,4,1800,1.19,1.381666667,2010-2016,0.2,0.038,0.076333333,FALSE,,,,,,,
2015,23/08/2023,5.62,834,8,EURO3,4,1800,1.405,0.463333333,2010-2016,0.2,0.081,-0.107333333,FALSE,,,,,,,
2015,04/09/2023,7.5,191,8,EURO3,4,1800,1.875,0.106111111,2010-2016,0.2,0.175,-0.178777778,FALSE,,,,,,,
2015,12/09/2023,7.73,4830,8,EURO3,4,1800,1.9325,2.683333333,2010-2016,0.2,0.1865,0.336666667,FALSE,,,,,,,
2015,01/11/2023,6.95,664,8,EURO3,4,1800,1.7375,0.368888889,2010-2016,0.2,0.1475,-0.126222222,FALSE,,,,,,,
2015,31/08/2023,9.36,3200,8,EURO3,4,1800,2.34,1.777777778,2010-2016,0.2,0.268,0.155555556,FALSE,,,,,,,
2015,02/11/2023,4.12,1220,8,EURO3,4,1800,1.03,0.677777778,2010-2016,0.2,0.006,-0.064444444,FALSE,,,,,,,
2015,12/09/2024,4.85,717,9,EURO3,4,1800,1.2125,0.398333333,2010-2016,0.2,0.0425,-0.120333333,FALSE,,,,,,,
2015,22/09/2023,2.8,1979,8,EURO3,4,1800,0.7,1.099444444,2010-2016,0.2,-0.06,0.019888889,FALSE,,,,,,,
2015,07/10/2023,10.6,1033,8,EURO3,4,1800,2.65,0.573888889,2010-2016,0.2,0.33,-0.085222222,FALSE,,,,,,,
2015,15/09/2023,4.32,316,8,EURO3,4,1800,1.08,0.175555556,2010-2016,0.2,0.016,-0.164888889,FALSE,,,,,,,
2015,05/07/2024,9.09,997,9,EURO3,4,1800,2.2725,0.553888889,2010-2016,0.2,0.2545,-0.089222222,FALSE,,,,,,,
2015,30/08/2023,7.73,2390,8,EURO3,4,1800,1.9325,1.327777778,2010-2016,0.2,0.1865,0.065555556,FALSE,,,,,,,
2015,27/09/2023,5.87,1273,8,EURO3,4,1800,1.4675,0.707222222,2010-2016,0.2,0.0935,-0.058555556,FALSE,,,,,,,
2015,28/11/2023,5.261,2970,8,EURO3,4,1800,1.31525,1.65,2010-2016,0.2,0.06305,0.13,FALSE,,,,,,,
2015,19/09/2023,4.17,1983,8,EURO3,4,1800,1.0425,1.101666667,2010-2016,0.2,0.0085,0.020333333,FALSE,,,,,,,
2015,04/11/2023,9.5,708,8,EURO3,4,1800,2.375,0.393333333,2010-2016,0.2,0.275,-0.121333333,FALSE,,,,,,,
2015,17/07/2024,9.04,609,9,EURO3,4,1800,2.26,0.338333333,2010-2016,0.2,0.252,-0.132333333,FALSE,,,,,,,
2015,16/05/2023,4.35,997,8,EURO3,4,1800,1.0875,0.553888889,2010-2016,0.2,0.0175,-0.089222222,FALSE,,,,,,,
2015,15/10/2024,6.89,1875,9,EURO3,4,1800,1.7225,1.041666667,2010-2016,0.2,0.1445,0.008333333,FALSE,,,,,,,
2015,30/08/2023,10.5,105,8,EURO3,4,1800,2.625,0.058333333,2010-2016,0.2,0.325,-0.188333333,FALSE,,,,,,,
2015,22/09/2023,7.19,1082,8,EURO3,4,1800,1.7975,0.601111111,2010-2016,0.2,0.1595,-0.079777778,FALSE,,,,,,,
2015,23/11/2023,4.11,148,8,EURO3,4,1800,1.0275,0.082222222,2010-2016,0.2,0.0055,-0.183555556,FALSE,,,,,,,
2015,20/09/2023,14.7,134,8,EURO3,4,1800,3.675,0.074444444,2010-2016,0.2,0.535,-0.185111111,FALSE,,,,,,,
2015,31/08/2023,14.1,162,8,EURO3,4,1800,3.525,0.09,2010-2016,0.2,0.505,-0.182,FALSE,,,,,,,
2015,19/09/2023,7.4,4796,8,EURO3,4,1800,1.85,2.664444444,2010-2016,0.2,0.17,0.332888889,FALSE,,,,,,,
2015,29/08/2023,6.51,756,8,EURO3,4,1800,1.6275,0.42,2010-2016,0.2,0.1255,-0.116,FALSE,,,,,,,
2015,04/09/2023,4.56,401,8,EURO3,4,1800,1.14,0.222777778,2010-2016,0.2,0.028,-0.155444444,FALSE,,,,,,,
2015,27/07/2023,2.77,2213,8,EURO3,4,1800,0.6925,1.229444444,2010-2016,0.2,-0.0615,0.045888889,FALSE,,,,,,,
2015,04/09/2023,11.6,234,8,EURO3,4,1800,2.9,0.13,2010-2016,0.2,0.38,-0.174,FALSE,,,,,,,
2015,07/09/2023,4.46,579,8,EURO3,4,1800,1.115,0.321666667,2010-2016,0.2,0.023,-0.135666667,FALSE,,,,,,,
2015,17/09/2023,4.64,467,8,EURO3,4,1800,1.16,0.259444444,2010-2016,0.2,0.032,-0.148111111,FALSE,,,,,,,
2015,31/08/2023,4.77,1653,8,EURO3,4,1800,1.1925,0.918333333,2010-2016,0.2,0.0385,-0.016333333,FALSE,,,,,,,
2015,29/08/2023,10,235,8,EURO3,4,1800,2.5,0.130555556,2010-2016,0.2,0.3,-0.173888889,FALSE,,,,,,,
2015,03/09/2023,1.86,1874,8,EURO3,4,1800,0.465,1.041111111,2010-2016,0.2,-0.107,0.008222222,FALSE,,,,,,,
2015,20/03/2024,4,320,9,EURO3,4,1800,1,0.177777778,2010-2016,0.2,0,-0.164444444,FALSE,,,,,,,
2015,04/09/2023,8.2,64,8,EURO3,4,1800,2.05,0.035555556,2010-2016,0.2,0.21,-0.192888889,FALSE,,,,,,,
2015,30/11/2023,5.89,514,8,EURO3,4,1800,1.4725,0.285555556,2010-2016,0.2,0.0945,-0.142888889,FALSE,,,,,,,
2015,02/09/2023,4.91,849,8,EURO3,4,1800,1.2275,0.471666667,2010-2016,0.2,0.0455,-0.105666667,FALSE,,,,,,,
2015,27/10/2023,3.1,4824,8,EURO3,4,1800,0.775,2.68,2010-2016,0.2,-0.045,0.336,FALSE,,,,,,,
2015,27/09/2023,5.82,685,8,EURO3,4,1800,1.455,0.380555556,2010-2016,0.2,0.091,-0.123888889,FALSE,,,,,,,
2015,04/09/2023,8.33,1025,8,EURO3,4,1800,2.0825,0.569444444,2010-2016,0.2,0.2165,-0.086111111,FALSE,,,,,,,
2015,08/09/2023,1.48,1919,8,EURO3,4,1800,0.37,1.066111111,2010-2016,0.2,-0.126,0.013222222,FALSE,,,,,,,
2015,27/03/2024,4.29,24,9,EURO3,4,1800,1.0725,0.013333333,2010-2016,0.2,0.0145,-0.197333333,FALSE,,,,,,,
2015,02/10/2023,7.08,102,8,EURO3,4,1800,1.77,0.056666667,2010-2016,0.2,0.154,-0.188666667,FALSE,,,,,,,
2015,27/09/2023,5.12,735,8,EURO3,4,1800,1.28,0.408333333,2010-2016,0.2,0.056,-0.118333333,FALSE,,,,,,,
2015,08/09/2023,3.3,1827,8,EURO3,4,1800,0.825,1.015,2010-2016,0.2,-0.035,0.003,FALSE,,,,,,,
2015,02/09/2023,7.05,4270,8,EURO3,4,1800,1.7625,2.372222222,2010-2016,0.2,0.1525,0.274444444,FALSE,,,,,,,
2015,25/09/2023,7.1,1357,8,EURO3,4,1800,1.775,0.753888889,2010-2016,0.2,0.155,-0.049222222,FALSE,,,,,,,
2015,11/02/2025,5.2,2463,10,EURO3,4,1800,1.3,1.368333333,2010-2016,0.2,0.06,0.073666667,FALSE,,,,,,,
2015,07/09/2023,13.8,94,8,EURO3,4,1800,3.45,0.052222222,2010-2016,0.2,0.49,-0.189555556,FALSE,,,,,,,
2015,29/08/2023,5.63,430,8,EURO3,4,1800,1.4075,0.238888889,2010-2016,0.2,0.0815,-0.152222222,FALSE,,,,,,,
2015,20/02/2025,6.4,521,10,EURO3,4,1800,1.6,0.289444444,2010-2016,0.2,0.12,-0.142111111,FALSE,,,,,,,
2015,17/09/2023,10.2,160,8,EURO3,4,1800,2.55,0.088888889,2010-2016,0.2,0.31,-0.182222222,FALSE,,,,,,,
2015,25/04/2024,5.9,496,9,EURO3,4,1800,1.475,0.275555556,2010-2016,0.2,0.095,-0.144888889,FALSE,,,,,,,
2015,31/08/2023,11.1,299,8,EURO3,4,1800,2.775,0.166111111,2010-2016,0.2,0.355,-0.166777778,FALSE,,,,,,,
2015,22/08/2023,4.1,1200,8,EURO3,4,1800,1.025,0.666666667,2010-2016,0.2,0.005,-0.066666667,FALSE,,,,,,,
2015,21/03/2023,5.54,759,8,EURO3,4,1800,1.385,0.421666667,2010-2016,0.2,0.077,-0.115666667,FALSE,,,,,,,
2015,30/08/2023,9.9,1007,8,EURO3,4,1800,2.475,0.559444444,2010-2016,0.2,0.295,-0.088111111,FALSE,,,,,,,
2015,24/08/2023,4.94,1067,8,EURO3,4,1800,1.235,0.592777778,2010-2016,0.2,0.047,-0.081444444,FALSE,,,,,,,
2015,31/08/2023,4.55,466,8,EURO3,4,1800,1.1375,0.258888889,2010-2016,0.2,0.0275,-0.148222222,FALSE,,,,,,,
2015,11/09/2023,6.28,267,8,EURO3,4,1800,1.57,0.148333333,2010-2016,0.2,0.114,-0.170333333,FALSE,,,,,,,
2015,07/11/2023,15,141,8,EURO3,4,1800,3.75,0.078333333,2010-2016,0.2,0.55,-0.184333333,FALSE,,,,,,,
2015,01/11/2023,9.26,1650,8,EURO3,4,1800,2.315,0.916666667,2010-2016,0.2,0.263,-0.016666667,FALSE,,,,,,,
2015,01/09/2023,8.6,463,8,EURO3,4,1800,2.15,0.257222222,2010-2016,0.2,0.23,-0.148555556,FALSE,,,,,,,
2015,19/09/2023,2.31,1819,8,EURO3,4,1800,0.5775,1.010555556,2010-2016,0.2,-0.0845,0.002111111,FALSE,,,,,,,
2015,02/11/2023,4.07,1343,8,EURO3,4,1800,1.0175,0.746111111,2010-2016,0.2,0.0035,-0.050777778,FALSE,,,,,,,
2015,17/09/2023,9.3,2588,8,EURO3,4,1800,2.325,1.437777778,2010-2016,0.2,0.265,0.087555556,FALSE,,,,,,,
2015,30/08/2023,6.65,568,8,EURO3,4,1800,1.6625,0.315555556,2010-2016,0.2,0.1325,-0.136888889,FALSE,,,,,,,
2015,30/04/2024,8.33,234,9,EURO3,4,1800,2.0825,0.13,2010-2016,0.2,0.2165,-0.174,FALSE,,,,,,,
2015,07/08/2023,4.09,1236,8,EURO3,4,1800,1.0225,0.686666667,2010-2016,0.2,0.0045,-0.062666667,FALSE,,,,,,,
2015,29/08/2023,89,109,8,EURO3,4,1800,22.25,0.060555556,2010-2016,0.2,4.25,-0.187888889,FALSE,,,,,,,
2015,31/08/2023,2.7,2907,8,EURO3,4,1800,0.675,1.615,2010-2016,0.2,-0.065,0.123,FALSE,,,,,,,
2015,20/09/2023,5.54,4060,8,EURO3,4,1800,1.385,2.255555556,2010-2016,0.2,0.077,0.251111111,FALSE,,,,,,,
2015,03/11/2023,4.66,349,8,EURO3,4,1800,1.165,0.193888889,2010-2016,0.2,0.033,-0.161222222,FALSE,,,,,,,
2015,30/08/2023,7.03,1133,8,EURO3,4,1800,1.7575,0.629444444,2010-2016,0.2,0.1515,-0.074111111,FALSE,,,,,,,
2015,01/09/2023,11.7,795,8,EURO3,4,1800,2.925,0.441666667,2010-2016,0.2,0.385,-0.111666667,FALSE,,,,,,,
2015,13/09/2023,4.24,712,8,EURO3,4,1800,1.06,0.395555556,2010-2016,0.2,0.012,-0.120888889,FALSE,,,,,,,
2015,21/03/2023,4.69,438,8,EURO3,4,1800,1.1725,0.243333333,2010-2016,0.2,0.0345,-0.151333333,FALSE,,,,,,,
2015,20/02/2025,6.21,258,10,EURO3,4,1800,1.5525,0.143333333,2010-2016,0.2,0.1105,-0.171333333,FALSE,,,,,,,
2015,16/03/2023,0.52,3070,8,EURO3,4,1800,0.13,1.705555556,2010-2016,0.2,-0.174,0.141111111,FALSE,,,,,,,
2015,09/09/2023,13.3,351,8,EURO3,4,1800,3.325,0.195,2010-2016,0.2,0.465,-0.161,FALSE,,,,,,,
2015,25/11/2024,5.6,1274,9,EURO3,4,1800,1.4,0.707777778,2010-2016,0.2,0.08,-0.058444444,FALSE,,,,,,,
2015,01/08/2024,6.52,437,9,EURO3,4,1800,1.63,0.242777778,2010-2016,0.2,0.126,-0.151444444,FALSE,,,,,,,
2015,02/11/2023,5.24,912,8,EURO3,4,1800,1.31,0.506666667,2010-2016,0.2,0.062,-0.098666667,FALSE,,,,,,,
2015,30/08/2023,13.4,295,8,EURO3,4,1800,3.35,0.163888889,2010-2016,0.2,0.47,-0.167222222,FALSE,,,,,,,
2015,01/09/2023,2.78,2212,8,EURO3,4,1800,0.695,1.228888889,2010-2016,0.2,-0.061,0.045777778,FALSE,,,,,,,
2015,01/09/2023,12.7,353,8,EURO3,4,1800,3.175,0.196111111,2010-2016,0.2,0.435,-0.160777778,FALSE,,,,,,,
2015,05/11/2024,7.76,177,9,EURO3,4,1800,1.94,0.098333333,2010-2016,0.2,0.188,-0.180333333,FALSE,,,,,,,
2015,29/08/2023,0.53,1964,8,EURO3,4,1800,0.1325,1.091111111,2010-2016,0.2,-0.1735,0.018222222,FALSE,,,,,,,
2015,05/09/2023,11.7,1417,8,EURO3,4,1800,2.925,0.787222222,2010-2016,0.2,0.385,-0.042555556,FALSE,,,,,,,
2015,02/11/2023,4.7,349,8,EURO3,4,1800,1.175,0.193888889,2010-2016,0.2,0.035,-0.161222222,FALSE,,,,,,,
2015,01/08/2023,9.99,5040,8,EURO3,4,1800,2.4975,2.8,2010-2016,0.2,0.2995,0.36,FALSE,,,,,,,
2015,01/09/2023,7.02,1233,8,EURO3,4,1800,1.755,0.685,2010-2016,0.2,0.151,-0.063,FALSE,,,,,,,
2015,07/09/2023,0.05,1987,8,EURO3,4,1800,0.0125,1.103888889,2010-2016,0.2,-0.1975,0.020777778,FALSE,,,,,,,
2015,07/09/2023,7.5,148,8,EURO3,4,1800,1.875,0.082222222,2010-2016,0.2,0.175,-0.183555556,FALSE,,,,,,,
2015,07/09/2023,1.88,2000,8,EURO3,4,1800,0.47,1.111111111,2010-2016,0.2,-0.106,0.022222222,FALSE,,,,,,,
2015,13/09/2023,8.15,750,8,EURO3,4,1800,2.0375,0.416666667,2010-2016,0.2,0.2075,-0.116666667,FALSE,,,,,,,
2015,14/08/2024,7.02,170,9,EURO3,4,1800,1.755,0.094444444,2010-2016,0.2,0.151,-0.181111111,FALSE,,,,,,,
2015,25/11/2024,9.28,796,9,EURO3,4,1800,2.32,0.442222222,2010-2016,0.2,0.264,-0.111555556,FALSE,,,,,,,
2015,01/09/2023,12,1690,8,EURO3,4,1800,3,0.938888889,2010-2016,0.2,0.4,-0.012222222,FALSE,,,,,,,
2015,28/08/2023,13.9,338,8,EURO3,4,1800,3.475,0.187777778,2010-2016,0.2,0.495,-0.162444444,FALSE,,,,,,,
2015,21/11/2023,5.42,3700,8,EURO3,4,1800,1.355,2.055555556,2010-2016,0.2,0.071,0.211111111,FALSE,,,,,,,
2015,28/10/2023,12.6,102,8,EURO3,4,1800,3.15,0.056666667,2010-2016,0.2,0.43,-0.188666667,FALSE,,,,,,,
2015,16/09/2023,14.2,457,8,EURO3,4,1800,3.55,0.253888889,2010-2016,0.2,0.51,-0.149222222,FALSE,,,,,,,
2015,13/09/2023,12.3,332,8,EURO3,4,1800,3.075,0.184444444,2010-2016,0.2,0.415,-0.163111111,FALSE,,,,,,,
2015,26/08/2023,5.06,1120,8,EURO3,4,1800,1.265,0.622222222,2010-2016,0.2,0.053,-0.075555556,FALSE,,,,,,,
2015,27/07/2023,4.07,280,8,EURO3,4,1800,1.0175,0.155555556,2010-2016,0.2,0.0035,-0.168888889,FALSE,,,,,,,
2015,31/08/2023,4.2,1459,8,EURO3,4,1800,1.05,0.810555556,2010-2016,0.2,0.01,-0.037888889,FALSE,,,,,,,
2015,30/08/2023,13.9,47,8,EURO3,4,1800,3.475,0.026111111,2010-2016,0.2,0.495,-0.194777778,FALSE,,,,,,,
2015,12/07/2023,9.99,7070,8,EURO3,4,1800,2.4975,3.927777778,2010-2016,0.2,0.2995,0.585555556,FALSE,,,,,,,
2015,06/09/2023,7.34,727,8,EURO3,4,1800,1.835,0.403888889,2010-2016,0.2,0.167,-0.119222222,FALSE,,,,,,,
2016,02/12/2023,5.14,758,7,EURO3,4,1800,1.285,0.421111111,2010-2016,0.2,0.057,-0.115777778,FALSE,,,,,,,
2016,10/09/2023,4.51,1363,7,EURO3,4,1800,1.1275,0.757222222,2010-2016,0.2,0.0255,-0.048555556,FALSE,,,,,,,
2016,18/07/2024,5.84,164,8,EURO3,4,1800,1.46,0.091111111,2010-2016,0.2,0.092,-0.181777778,FALSE,,,,,,,
2016,07/09/2023,5.03,98,7,EURO3,4,1800,1.2575,0.054444444,2010-2016,0.2,0.0515,-0.189111111,FALSE,,,,,,,
2016,01/09/2023,10.9,529,7,EURO3,4,1800,2.725,0.293888889,2010-2016,0.2,0.345,-0.141222222,FALSE,,,,,,,
2016,22/08/2023,10.07,348,7,EURO3,4,1800,2.5175,0.193333333,2010-2016,0.2,0.3035,-0.161333333,FALSE,,,,,,,
2016,12/09/2023,7.39,3210,7,EURO3,4,1800,1.8475,1.783333333,2010-2016,0.2,0.1695,0.156666667,FALSE,,,,,,,
2016,30/08/2023,6.57,507,7,EURO3,4,1800,1.6425,0.281666667,2010-2016,0.2,0.1285,-0.143666667,FALSE,,,,,,,
2016,18/09/2023,2.27,1875,7,EURO3,4,1800,0.5675,1.041666667,2010-2016,0.2,-0.0865,0.008333333,FALSE,,,,,,,
2016,11/09/2023,6.35,348,7,EURO3,4,1800,1.5875,0.193333333,2010-2016,0.2,0.1175,-0.161333333,FALSE,,,,,,,
2016,17/09/2023,4.03,504,7,EURO3,4,1800,1.0075,0.28,2010-2016,0.2,0.0015,-0.144,FALSE,,,,,,,
2016,30/08/2023,0.99,2021,7,EURO3,4,1800,0.2475,1.122777778,2010-2016,0.2,-0.1505,0.024555556,FALSE,,,,,,,
2016,12/09/2023,8.13,449,7,EURO3,4,1800,2.0325,0.249444444,2010-2016,0.2,0.2065,-0.150111111,FALSE,,,,,,,
2016,07/09/2023,7.91,909,7,EURO3,4,1800,1.9775,0.505,2010-2016,0.2,0.1955,-0.099,FALSE,,,,,,,
2016,06/09/2023,4.01,108,7,EURO3,4,1800,1.0025,0.06,2010-2016,0.2,0.0005,-0.188,FALSE,,,,,,,
2016,11/09/2023,7.43,838,7,EURO3,4,1800,1.8575,0.465555556,2010-2016,0.2,0.1715,-0.106888889,FALSE,,,,,,,
2016,02/02/2023,5.35,878,7,EURO3,4,1800,1.3375,0.487777778,2010-2016,0.2,0.0675,-0.102444444,FALSE,,,,,,,
2016,27/09/2023,5.32,348,7,EURO3,4,1800,1.33,0.193333333,2010-2016,0.2,0.066,-0.161333333,FALSE,,,,,,,
2016,06/09/2023,6.32,153,7,EURO3,4,1800,1.58,0.085,2010-2016,0.2,0.116,-0.183,FALSE,,,,,,,
2016,13/10/2023,4,1327,7,EURO3,4,1800,1,0.737222222,2010-2016,0.2,0,-0.052555556,FALSE,,,,,,,
2016,30/08/2023,6.23,526,7,EURO3,4,1800,1.5575,0.292222222,2010-2016,0.2,0.1115,-0.141555556,FALSE,,,,,,,
2016,10/11/2023,14.5,167,7,EURO3,4,1800,3.625,0.092777778,2010-2016,0.2,0.525,-0.181444444,FALSE,,,,,,,
2016,18/09/2023,11.9,300,7,EURO3,4,1800,2.975,0.166666667,2010-2016,0.2,0.395,-0.166666667,FALSE,,,,,,,
2016,13/09/2023,4.09,498,7,EURO3,4,1800,1.0225,0.276666667,2010-2016,0.2,0.0045,-0.144666667,FALSE,,,,,,,
2016,28/02/2024,4.29,121,8,EURO3,4,1800,1.0725,0.067222222,2010-2016,0.2,0.0145,-0.186555556,FALSE,,,,,,,
2016,08/09/2023,3.9,2745,7,EURO3,4,1800,0.975,1.525,2010-2016,0.2,-0.005,0.105,FALSE,,,,,,,
2016,31/08/2023,7.25,1588,7,EURO3,4,1800,1.8125,0.882222222,2010-2016,0.2,0.1625,-0.023555556,FALSE,,,,,,,
2016,27/09/2023,8.11,807,7,EURO3,4,1800,2.0275,0.448333333,2010-2016,0.2,0.2055,-0.110333333,FALSE,,,,,,,
2016,04/09/2023,4.46,495,7,EURO3,4,1800,1.115,0.275,2010-2016,0.2,0.023,-0.145,FALSE,,,,,,,
2016,21/11/2023,6.53,2960,7,EURO3,4,1800,1.6325,1.644444444,2010-2016,0.2,0.1265,0.128888889,FALSE,,,,,,,
2016,21/09/2023,5.2,55,7,EURO3,4,1800,1.3,0.030555556,2010-2016,0.2,0.06,-0.193888889,FALSE,,,,,,,
2016,17/01/2024,6.53,1221,8,EURO3,4,1800,1.6325,0.678333333,2010-2016,0.2,0.1265,-0.064333333,FALSE,,,,,,,
2016,21/09/2023,4.33,305,7,EURO3,4,1800,1.0825,0.169444444,2010-2016,0.2,0.0165,-0.166111111,FALSE,,,,,,,
2016,02/10/2023,6,1042,7,EURO3,4,1800,1.5,0.578888889,2010-2016,0.2,0.1,-0.084222222,FALSE,,,,,,,
2016,09/11/2023,7.06,1864,7,EURO3,4,1800,1.765,1.035555556,2010-2016,0.2,0.153,0.007111111,FALSE,,,,,,,
2016,06/09/2023,5.67,1094,7,EURO3,4,1800,1.4175,0.607777778,2010-2016,0.2,0.0835,-0.078444444,FALSE,,,,,,,
2016,05/09/2023,12.2,340,7,EURO3,4,1800,3.05,0.188888889,2010-2016,0.2,0.41,-0.162222222,FALSE,,,,,,,
2016,12/08/2024,9.04,2840,8,EURO3,4,1800,2.26,1.577777778,2010-2016,0.2,0.252,0.115555556,FALSE,,,,,,,
2016,20/09/2023,6.28,2520,7,EURO3,4,1800,1.57,1.4,2010-2016,0.2,0.114,0.08,FALSE,,,,,,,
2016,23/08/2023,7.41,3531,7,EURO3,4,1800,1.8525,1.961666667,2010-2016,0.2,0.1705,0.192333333,FALSE,,,,,,,
2016,08/09/2023,4.3,889,7,EURO3,4,1800,1.075,0.493888889,2010-2016,0.2,0.015,-0.101222222,FALSE,,,,,,,
2016,11/06/2024,5.09,726,8,EURO3,4,1800,1.2725,0.403333333,2010-2016,0.2,0.0545,-0.119333333,FALSE,,,,,,,
2016,05/10/2023,4.04,178,7,EURO3,4,1800,1.01,0.098888889,2010-2016,0.2,0.002,-0.180222222,FALSE,,,,,,,
2016,21/08/2023,1.5,1868,7,EURO3,4,1800,0.375,1.037777778,2010-2016,0.2,-0.125,0.007555556,FALSE,,,,,,,
2016,05/06/2023,6.44,1829,7,EURO3,4,1800,1.61,1.016111111,2010-2016,0.2,0.122,0.003222222,FALSE,,,,,,,
2016,01/11/2023,3.96,4789,7,EURO3,4,1800,0.99,2.660555556,2010-2016,0.2,-0.002,0.332111111,FALSE,,,,,,,
2016,02/09/2023,5.7,154,7,EURO3,4,1800,1.425,0.085555556,2010-2016,0.2,0.085,-0.182888889,FALSE,,,,,,,
2016,25/02/2025,6.39,448,9,EURO3,4,1800,1.5975,0.248888889,2010-2016,0.2,0.1195,-0.150222222,FALSE,,,,,,,
2016,08/09/2023,4.45,865,7,EURO3,4,1800,1.1125,0.480555556,2010-2016,0.2,0.0225,-0.103888889,FALSE,,,,,,,
2016,26/09/2024,9.99,6540,8,EURO3,4,1800,2.4975,3.633333333,2010-2016,0.2,0.2995,0.526666667,FALSE,,,,,,,
2016,10/09/2023,9.7,322,7,EURO3,4,1800,2.425,0.178888889,2010-2016,0.2,0.285,-0.164222222,FALSE,,,,,,,
2016,25/11/2024,7.26,908,8,EURO3,4,1800,1.815,0.504444444,2010-2016,0.2,0.163,-0.099111111,FALSE,,,,,,,
2016,25/08/2023,4.34,1230,7,EURO3,4,1800,1.085,0.683333333,2010-2016,0.2,0.017,-0.063333333,FALSE,,,,,,,
2016,31/08/2023,11.4,111,7,EURO3,4,1800,2.85,0.061666667,2010-2016,0.2,0.37,-0.187666667,FALSE,,,,,,,
2016,02/09/2023,5.71,440,7,EURO3,4,1800,1.4275,0.244444444,2010-2016,0.2,0.0855,-0.151111111,FALSE,,,,,,,
2016,23/11/2023,6.86,462,7,EURO3,4,1800,1.715,0.256666667,2010-2016,0.2,0.143,-0.148666667,FALSE,,,,,,,
2016,01/09/2023,8.8,265,7,EURO3,4,1800,2.2,0.147222222,2010-2016,0.2,0.24,-0.170555556,FALSE,,,,,,,
2016,09/09/2023,4.4,761,7,EURO3,4,1800,1.1,0.422777778,2010-2016,0.2,0.02,-0.115444444,FALSE,,,,,,,
2016,20/02/2025,8.54,2250,9,EURO3,4,1800,2.135,1.25,2010-2016,0.2,0.227,0.05,FALSE,,,,,,,
2016,07/11/2024,4.54,141,8,EURO3,4,1800,1.135,0.078333333,2010-2016,0.2,0.027,-0.184333333,FALSE,,,,,,,
2016,20/07/2023,5.24,481,7,EURO3,4,1800,1.31,0.267222222,2010-2016,0.2,0.062,-0.146555556,FALSE,,,,,,,
2016,05/09/2023,7.6,136,7,EURO3,4,1800,1.9,0.075555556,2010-2016,0.2,0.18,-0.184888889,FALSE,,,,,,,
2016,17/09/2023,4.1,1987,7,EURO3,4,1800,1.025,1.103888889,2010-2016,0.2,0.005,0.020777778,FALSE,,,,,,,
2016,01/09/2023,4.66,754,7,EURO3,4,1800,1.165,0.418888889,2010-2016,0.2,0.033,-0.116222222,FALSE,,,,,,,
2016,29/10/2023,7.96,2366,7,EURO3,4,1800,1.99,1.314444444,2010-2016,0.2,0.198,0.062888889,FALSE,,,,,,,
2016,10/09/2023,0.88,2946,7,EURO3,4,1800,0.22,1.636666667,2010-2016,0.2,-0.156,0.127333333,FALSE,,,,,,,
2016,04/07/2024,5.41,481,8,EURO3,4,1800,1.3525,0.267222222,2010-2016,0.2,0.0705,-0.146555556,FALSE,,,,,,,
2016,27/09/2023,5.78,451,7,EURO3,4,1800,1.445,0.250555556,2010-2016,0.2,0.089,-0.149888889,FALSE,,,,,,,
2016,30/08/2023,13.3,483,7,EURO3,4,1800,3.325,0.268333333,2010-2016,0.2,0.465,-0.146333333,FALSE,,,,,,,
2016,25/10/2023,8.92,375,7,EURO3,4,1800,2.23,0.208333333,2010-2016,0.2,0.246,-0.158333333,FALSE,,,,,,,
2016,28/11/2023,4.95,757,7,EURO3,4,1800,1.2375,0.420555556,2010-2016,0.2,0.0475,-0.115888889,FALSE,,,,,,,
2016,06/09/2023,5.93,441,7,EURO3,4,1800,1.4825,0.245,2010-2016,0.2,0.0965,-0.151,FALSE,,,,,,,
2016,21/11/2023,5.29,406,7,EURO3,4,1800,1.3225,0.225555556,2010-2016,0.2,0.0645,-0.154888889,FALSE,,,,,,,
2016,12/09/2024,2.55,1832,8,EURO3,4,1800,0.6375,1.017777778,2010-2016,0.2,-0.0725,0.003555556,FALSE,,,,,,,
2016,24/08/2023,5.86,811,7,EURO3,4,1800,1.465,0.450555556,2010-2016,0.2,0.093,-0.109888889,FALSE,,,,,,,
2016,01/09/2023,1.91,1818,7,EURO3,4,1800,0.4775,1.01,2010-2016,0.2,-0.1045,0.002,FALSE,,,,,,,
2016,16/05/2023,12.3,280,7,EURO3,4,1800,3.075,0.155555556,2010-2016,0.2,0.415,-0.168888889,FALSE,,,,,,,
2016,25/09/2023,4.43,50,7,EURO3,4,1800,1.1075,0.027777778,2010-2016,0.2,0.0215,-0.194444444,FALSE,,,,,,,
2016,17/05/2023,11.3,114,7,EURO3,4,1800,2.825,0.063333333,2010-2016,0.2,0.365,-0.187333333,FALSE,,,,,,,
2016,15/11/2023,5.13,1028,7,EURO3,4,1800,1.2825,0.571111111,2010-2016,0.2,0.0565,-0.085777778,FALSE,,,,,,,
2016,15/01/2025,4.26,834,9,EURO3,4,1800,1.065,0.463333333,2010-2016,0.2,0.013,-0.107333333,FALSE,,,,,,,
2016,31/10/2023,11.6,127,7,EURO3,4,1800,2.9,0.070555556,2010-2016,0.2,0.38,-0.185888889,FALSE,,,,,,,
2016,15/02/2023,5.36,577,7,EURO3,4,1800,1.34,0.320555556,2010-2016,0.2,0.068,-0.135888889,FALSE,,,,,,,
2016,30/08/2023,13.2,58,7,EURO3,4,1800,3.3,0.032222222,2010-2016,0.2,0.46,-0.193555556,FALSE,,,,,,,
2016,07/09/2023,12.8,486,7,EURO3,4,1800,3.2,0.27,2010-2016,0.2,0.44,-0.146,FALSE,,,,,,,
2016,30/04/2024,5.06,387,8,EURO3,4,1800,1.265,0.215,2010-2016,0.2,0.053,-0.157,FALSE,,,,,,,
2016,02/09/2023,4.7,94,7,EURO3,4,1800,1.175,0.052222222,2010-2016,0.2,0.035,-0.189555556,FALSE,,,,,,,
2016,06/09/2023,4.95,677,7,EURO3,4,1800,1.2375,0.376111111,2010-2016,0.2,0.0475,-0.124777778,FALSE,,,,,,,
2016,15/09/2023,9.1,1009,7,EURO3,4,1800,2.275,0.560555556,2010-2016,0.2,0.255,-0.087888889,FALSE,,,,,,,
2016,12/07/2023,8.51,2930,7,EURO3,4,1800,2.1275,1.627777778,2010-2016,0.2,0.2255,0.125555556,FALSE,,,,,,,
2016,10/09/2023,2.29,1806,7,EURO3,4,1800,0.5725,1.003333333,2010-2016,0.2,-0.0855,0.000666667,FALSE,,,,,,,
2016,01/03/2023,6.15,1203,7,EURO3,4,1800,1.5375,0.668333333,2010-2016,0.2,0.1075,-0.066333333,FALSE,,,,,,,
2016,24/08/2023,4.33,1075,7,EURO3,4,1800,1.0825,0.597222222,2010-2016,0.2,0.0165,-0.080555556,FALSE,,,,,,,
2016,26/06/2024,4.04,286,8,EURO3,4,1800,1.01,0.158888889,2010-2016,0.2,0.002,-0.168222222,FALSE,,,,,,,
2016,14/09/2023,7.59,509,7,EURO3,4,1800,1.8975,0.282777778,2010-2016,0.2,0.1795,-0.143444444,FALSE,,,,,,,
2016,14/09/2023,8.16,508,7,EURO3,4,1800,2.04,0.282222222,2010-2016,0.2,0.208,-0.143555556,FALSE,,,,,,,
2016,22/08/2023,6.36,2420,7,EURO3,4,1800,1.59,1.344444444,2010-2016,0.2,0.118,0.068888889,FALSE,,,,,,,
2016,09/09/2023,5.08,1163,7,EURO3,4,1800,1.27,0.646111111,2010-2016,0.2,0.054,-0.070777778,FALSE,,,,,,,
2016,04/09/2023,6.84,500,7,EURO3,4,1800,1.71,0.277777778,2010-2016,0.2,0.142,-0.144444444,FALSE,,,,,,,
2016,09/09/2023,10.4,663,7,EURO3,4,1800,2.6,0.368333333,2010-2016,0.2,0.32,-0.126333333,FALSE,,,,,,,
2016,07/09/2023,4.06,1556,7,EURO3,4,1800,1.015,0.864444444,2010-2016,0.2,0.003,-0.027111111,FALSE,,,,,,,
2016,31/08/2023,4.13,493,7,EURO3,4,1800,1.0325,0.273888889,2010-2016,0.2,0.0065,-0.145222222,FALSE,,,,,,,
2016,05/09/2023,10.28,670,7,EURO3,4,1800,2.57,0.372222222,2010-2016,0.2,0.314,-0.125555556,FALSE,,,,,,,
2016,07/09/2023,4.07,370,7,EURO3,4,1800,1.0175,0.205555556,2010-2016,0.2,0.0035,-0.158888889,FALSE,,,,,,,
2016,10/09/2023,6.68,1320,7,EURO3,4,1800,1.67,0.733333333,2010-2016,0.2,0.134,-0.053333333,FALSE,,,,,,,
2016,18/07/2023,4.13,693,7,EURO3,4,1800,1.0325,0.385,2010-2016,0.2,0.0065,-0.123,FALSE,,,,,,,
2016,13/09/2023,4.62,768,7,EURO3,4,1800,1.155,0.426666667,2010-2016,0.2,0.031,-0.114666667,FALSE,,,,,,,
2016,12/09/2024,4.23,1650,8,EURO3,4,1800,1.0575,0.916666667,2010-2016,0.2,0.0115,-0.016666667,FALSE,,,,,,,
2016,05/09/2023,6.31,195,7,EURO3,4,1800,1.5775,0.108333333,2010-2016,0.2,0.1155,-0.178333333,FALSE,,,,,,,
2016,05/09/2023,11.5,147,7,EURO3,4,1800,2.875,0.081666667,2010-2016,0.2,0.375,-0.183666667,FALSE,,,,,,,
2016,06/10/2023,4.58,2488,7,EURO3,4,1800,1.145,1.382222222,2010-2016,0.2,0.029,0.076444444,FALSE,,,,,,,
2016,19/10/2023,4.47,438,7,EURO3,4,1800,1.1175,0.243333333,2010-2016,0.2,0.0235,-0.151333333,FALSE,,,,,,,
2016,24/09/2024,5.12,359,8,EURO3,4,1800,1.28,0.199444444,2010-2016,0.2,0.056,-0.160111111,FALSE,,,,,,,
2016,30/08/2023,6.98,951,7,EURO3,4,1800,1.745,0.528333333,2010-2016,0.2,0.149,-0.094333333,FALSE,,,,,,,
2016,19/09/2023,4.95,292,7,EURO3,4,1800,1.2375,0.162222222,2010-2016,0.2,0.0475,-0.167555556,FALSE,,,,,,,
2016,28/08/2023,4.17,487,7,EURO3,4,1800,1.0425,0.270555556,2010-2016,0.2,0.0085,-0.145888889,FALSE,,,,,,,
2016,23/05/2023,7.2,754,7,EURO3,4,1800,1.8,0.418888889,2010-2016,0.2,0.16,-0.116222222,FALSE,,,,,,,
2016,09/09/2023,11.4,207,7,EURO3,4,1800,2.85,0.115,2010-2016,0.2,0.37,-0.177,FALSE,,,,,,,
2016,27/09/2023,5.31,211,7,EURO3,4,1800,1.3275,0.117222222,2010-2016,0.2,0.0655,-0.176555556,FALSE,,,,,,,
2016,31/10/2023,7.01,357,7,EURO3,4,1800,1.7525,0.198333333,2010-2016,0.2,0.1505,-0.160333333,FALSE,,,,,,,
2016,11/09/2023,7.67,638,7,EURO3,4,1800,1.9175,0.354444444,2010-2016,0.2,0.1835,-0.129111111,FALSE,,,,,,,
2016,08/09/2023,6.86,5493,7,EURO3,4,1800,1.715,3.051666667,2010-2016,0.2,0.143,0.410333333,FALSE,,,,,,,
2016,05/06/2023,8.73,1052,7,EURO3,4,1800,2.1825,0.584444444,2010-2016,0.2,0.2365,-0.083111111,FALSE,,,,,,,
2016,17/09/2023,7.67,451,7,EURO3,4,1800,1.9175,0.250555556,2010-2016,0.2,0.1835,-0.149888889,FALSE,,,,,,,
2016,27/10/2023,5.02,358,7,EURO3,4,1800,1.255,0.198888889,2010-2016,0.2,0.051,-0.160222222,FALSE,,,,,,,
2016,30/08/2023,0.18,2032,7,EURO3,4,1800,0.045,1.128888889,2010-2016,0.2,-0.191,0.025777778,FALSE,,,,,,,
2016,08/08/2024,4.47,148,8,EURO3,4,1800,1.1175,0.082222222,2010-2016,0.2,0.0235,-0.183555556,FALSE,,,,,,,
2016,08/09/2023,12.5,144,7,EURO3,4,1800,3.125,0.08,2010-2016,0.2,0.425,-0.184,FALSE,,,,,,,
2016,30/08/2023,6.83,1846,7,EURO3,4,1800,1.7075,1.025555556,2010-2016,0.2,0.1415,0.005111111,FALSE,,,,,,,
2016,31/08/2023,5.45,379,7,EURO3,4,1800,1.3625,0.210555556,2010-2016,0.2,0.0725,-0.157888889,FALSE,,,,,,,
2016,07/08/2023,3.09,3169,7,EURO3,4,1800,0.7725,1.760555556,2010-2016,0.2,-0.0455,0.152111111,FALSE,,,,,,,
2016,03/07/2023,5.08,1005,7,EURO3,4,1800,1.27,0.558333333,2010-2016,0.2,0.054,-0.088333333,FALSE,,,,,,,
2016,17/05/2023,10.9,239,7,EURO3,4,1800,2.725,0.132777778,2010-2016,0.2,0.345,-0.173444444,FALSE,,,,,,,
2016,28/11/2023,5.8,554,7,EURO3,4,1800,1.45,0.307777778,2010-2016,0.2,0.09,-0.138444444,FALSE,,,,,,,
2016,07/09/2023,8.01,1642,7,EURO3,4,1800,2.0025,0.912222222,2010-2016,0.2,0.2005,-0.017555556,FALSE,,,,,,,
2016,06/02/2024,1.81,2200,8,EURO3,4,1800,0.4525,1.222222222,2010-2016,0.2,-0.1095,0.044444444,FALSE,,,,,,,
2016,25/10/2023,4.57,1.609,7,EURO3,4,1800,1.1425,0.000893889,2010-2016,0.2,0.0285,-0.199821222,FALSE,,,,,,,
2016,05/09/2023,7.36,634,7,EURO3,4,1800,1.84,0.352222222,2010-2016,0.2,0.168,-0.129555556,FALSE,,,,,,,
2016,14/06/2023,5.03,1866,7,EURO3,4,1800,1.2575,1.036666667,2010-2016,0.2,0.0515,0.007333333,FALSE,,,,,,,
2016,03/09/2023,13.2,156,7,EURO3,4,1800,3.3,0.086666667,2010-2016,0.2,0.46,-0.182666667,FALSE,,,,,,,
2016,11/09/2024,4.13,831,8,EURO3,4,1800,1.0325,0.461666667,2010-2016,0.2,0.0065,-0.107666667,FALSE,,,,,,,
2016,07/09/2023,4.5,284,7,EURO3,4,1800,1.125,0.157777778,2010-2016,0.2,0.025,-0.168444444,FALSE,,,,,,,
2016,06/02/2024,8.18,821,8,EURO3,4,1800,2.045,0.456111111,2010-2016,0.2,0.209,-0.108777778,FALSE,,,,,,,
2016,25/08/2023,4.09,489,7,EURO3,4,1800,1.0225,0.271666667,2010-2016,0.2,0.0045,-0.145666667,FALSE,,,,,,,
2016,20/08/2023,4.03,745,7,EURO3,4,1800,1.0075,0.413888889,2010-2016,0.2,0.0015,-0.117222222,FALSE,,,,,,,
2016,05/02/2023,8.22,559,7,EURO3,4,1800,2.055,0.310555556,2010-2016,0.2,0.211,-0.137888889,FALSE,,,,,,,
2016,09/09/2023,12.8,178,7,EURO3,4,1800,3.2,0.098888889,2010-2016,0.2,0.44,-0.180222222,FALSE,,,,,,,
2016,25/08/2023,7.37,850,7,EURO3,4,1800,1.8425,0.472222222,2010-2016,0.2,0.1685,-0.105555556,FALSE,,,,,,,
2016,05/06/2023,9.78,2920,7,EURO3,4,1800,2.445,1.622222222,2010-2016,0.2,0.289,0.124444444,FALSE,,,,,,,
2016,16/02/2023,6.54,585,7,EURO3,4,1800,1.635,0.325,2010-2016,0.2,0.127,-0.135,FALSE,,,,,,,
2016,07/09/2023,10.8,168,7,EURO3,4,1800,2.7,0.093333333,2010-2016,0.2,0.34,-0.181333333,FALSE,,,,,,,
2017,31/08/2023,2.72,1028,6,EURO3,3,1000,0.906666667,1.028,>2016,0.2,-0.018666667,0.0056,FALSE,,,,,,,
2017,08/05/2024,4.15,633,7,EURO3,3,1000,1.383333333,0.633,>2016,0.2,0.076666667,-0.0734,FALSE,,,,,,,
2017,02/09/2023,1.79,1600,6,EURO3,3,1000,0.596666667,1.6,>2016,0.2,-0.080666667,0.12,FALSE,,,,,,,
2017,30/07/2024,4.12,685,7,EURO3,3,1000,1.373333333,0.685,>2016,0.2,0.074666667,-0.063,FALSE,,,,,,,
2017,21/02/2024,8.43,1177,7,EURO3,3,1000,2.81,1.177,>2016,0.2,0.362,0.0354,FALSE,,,,,,,
2017,25/11/2024,3.65,397,7,EURO3,3,1000,1.216666667,0.397,>2016,0.2,0.043333333,-0.1206,FALSE,,,,,,,
2017,04/09/2023,12.1,276,6,EURO3,3,1000,4.033333333,0.276,>2016,0.2,0.606666667,-0.1448,FALSE,,,,,,,
2017,10/09/2023,11.7,242,6,EURO3,3,1000,3.9,0.242,>2016,0.2,0.58,-0.1516,FALSE,,,,,,,
2017,31/08/2023,3.82,1608,6,EURO3,3,1000,1.273333333,1.608,>2016,0.2,0.054666667,0.1216,FALSE,,,,,,,
2017,11/09/2023,10.9,387,6,EURO3,3,1000,3.633333333,0.387,>2016,0.2,0.526666667,-0.1226,FALSE,,,,,,,
2017,02/09/2023,9.5,116,6,EURO3,3,1000,3.166666667,0.116,>2016,0.2,0.433333333,-0.1768,FALSE,,,,,,,
2017,22/05/2024,3.85,271,7,EURO3,3,1000,1.283333333,0.271,>2016,0.2,0.056666667,-0.1458,FALSE,,,,,,,
2017,01/09/2023,4.06,657,6,EURO3,3,1000,1.353333333,0.657,>2016,0.2,0.070666667,-0.0686,FALSE,,,,,,,
2017,14/09/2023,4.26,386,6,EURO3,3,1000,1.42,0.386,>2016,0.2,0.084,-0.1228,FALSE,,,,,,,
2017,20/09/2023,1.93,1196,6,EURO3,3,1000,0.643333333,1.196,>2016,0.2,-0.071333333,0.0392,FALSE,,,,,,,
2017,20/02/2025,9.01,287,8,EURO3,3,1000,3.003333333,0.287,>2016,0.2,0.400666667,-0.1426,FALSE,,,,,,,
2017,09/08/2023,6.8,844,6,EURO3,3,1000,2.266666667,0.844,>2016,0.2,0.253333333,-0.0312,FALSE,,,,,,,
2017,13/09/2023,3.96,862,6,EURO3,3,1000,1.32,0.862,>2016,0.2,0.064,-0.0276,FALSE,,,,,,,
2017,28/08/2023,11.7,2002,6,EURO3,3,1000,3.9,2.002,>2016,0.2,0.58,0.2004,FALSE,,,,,,,
2017,04/09/2023,6.15,370,6,EURO3,3,1000,2.05,0.37,>2016,0.2,0.21,-0.126,FALSE,,,,,,,
2017,05/09/2023,11.4,699,6,EURO3,3,1000,3.8,0.699,>2016,0.2,0.56,-0.0602,FALSE,,,,,,,
2017,25/11/2023,1.54,2699,6,EURO3,3,1000,0.513333333,2.699,>2016,0.2,-0.097333333,0.3398,FALSE,,,,,,,
2017,04/11/2023,11.4,116,6,EURO3,3,1000,3.8,0.116,>2016,0.2,0.56,-0.1768,FALSE,,,,,,,
2017,09/03/2023,1.42,1368,6,EURO3,3,1000,0.473333333,1.368,>2016,0.2,-0.105333333,0.0736,FALSE,,,,,,,
2017,05/10/2023,3.99,517,6,EURO3,3,1000,1.33,0.517,>2016,0.2,0.066,-0.0966,FALSE,,,,,,,
2017,26/09/2023,4.03,759,6,EURO3,3,1000,1.343333333,0.759,>2016,0.2,0.068666667,-0.0482,FALSE,,,,,,,
2017,16/05/2023,9.3,460,6,EURO3,3,1000,3.1,0.46,>2016,0.2,0.42,-0.108,FALSE,,,,,,,
2017,05/03/2024,4.27,2932,7,EURO3,3,1000,1.423333333,2.932,>2016,0.2,0.084666667,0.3864,FALSE,,,,,,,
2017,17/02/2025,4.77,42,8,EURO3,3,1000,1.59,0.042,>2016,0.2,0.118,-0.1916,FALSE,,,,,,,
2017,01/09/2023,5.93,409,6,EURO3,3,1000,1.976666667,0.409,>2016,0.2,0.195333333,-0.1182,FALSE,,,,,,,
2017,05/06/2023,6.7,2040,6,EURO3,3,1000,2.233333333,2.04,>2016,0.2,0.246666667,0.208,FALSE,,,,,,,
2017,12/09/2023,9.88,6610,6,EURO3,3,1000,3.293333333,6.61,>2016,0.2,0.458666667,1.122,FALSE,,,,,,,
2017,26/09/2023,8.4,38,6,EURO3,3,1000,2.8,0.038,>2016,0.2,0.36,-0.1924,FALSE,,,,,,,
2017,08/09/2023,4.79,4420,6,EURO3,3,1000,1.596666667,4.42,>2016,0.2,0.119333333,0.684,FALSE,,,,,,,
2017,17/09/2023,4.25,329,6,EURO3,3,1000,1.416666667,0.329,>2016,0.2,0.083333333,-0.1342,FALSE,,,,,,,
2017,30/08/2023,13.1,420,6,EURO3,3,1000,4.366666667,0.42,>2016,0.2,0.673333333,-0.116,FALSE,,,,,,,
2017,17/09/2023,3.34,802,6,EURO3,3,1000,1.113333333,0.802,>2016,0.2,0.022666667,-0.0396,FALSE,,,,,,,
2017,08/09/2023,12.7,198,6,EURO3,3,1000,4.233333333,0.198,>2016,0.2,0.646666667,-0.1604,FALSE,,,,,,,
2017,11/07/2023,3.17,0,6,EURO3,3,1000,1.056666667,0,>2016,0.2,0.011333333,-0.2,FALSE,,,,,,,
2017,12/10/2023,6.96,2738,6,EURO3,3,1000,2.32,2.738,>2016,0.2,0.264,0.3476,FALSE,,,,,,,
2017,05/09/2023,6.57,451,6,EURO3,3,1000,2.19,0.451,>2016,0.2,0.238,-0.1098,FALSE,,,,,,,
2017,30/08/2023,8.11,3707,6,EURO3,3,1000,2.703333333,3.707,>2016,0.2,0.340666667,0.5414,FALSE,,,,,,,
2017,10/09/2023,3.88,904,6,EURO3,3,1000,1.293333333,0.904,>2016,0.2,0.058666667,-0.0192,FALSE,,,,,,,
2017,02/09/2023,4.28,1480,6,EURO3,3,1000,1.426666667,1.48,>2016,0.2,0.085333333,0.096,FALSE,,,,,,,
2017,30/08/2023,4.05,445,6,EURO3,3,1000,1.35,0.445,>2016,0.2,0.07,-0.111,FALSE,,,,,,,
2017,13/09/2023,7.71,2555,6,EURO3,3,1000,2.57,2.555,>2016,0.2,0.314,0.311,FALSE,,,,,,,
2017,21/08/2023,3.3,2529,6,EURO3,3,1000,1.1,2.529,>2016,0.2,0.02,0.3058,FALSE,,,,,,,
2017,21/09/2023,3.85,431,6,EURO3,3,1000,1.283333333,0.431,>2016,0.2,0.056666667,-0.1138,FALSE,,,,,,,
2017,21/11/2023,0.65,1326,6,EURO3,3,1000,0.216666667,1.326,>2016,0.2,-0.156666667,0.0652,FALSE,,,,,,,
2017,28/06/2024,3.45,268,7,EURO3,3,1000,1.15,0.268,>2016,0.2,0.03,-0.1464,FALSE,,,,,,,
2017,07/11/2024,9.29,1818,7,EURO3,3,1000,3.096666667,1.818,>2016,0.2,0.419333333,0.1636,FALSE,,,,,,,
2017,30/04/2024,3.1,125,7,EURO3,3,1000,1.033333333,0.125,>2016,0.2,0.006666667,-0.175,FALSE,,,,,,,
2017,18/09/2023,5.6,316,6,EURO3,3,1000,1.866666667,0.316,>2016,0.2,0.173333333,-0.1368,FALSE,,,,,,,
2017,16/02/2023,7.51,846,6,EURO3,3,1000,2.503333333,0.846,>2016,0.2,0.300666667,-0.0308,FALSE,,,,,,,
2017,31/08/2023,4.03,315,6,EURO3,3,1000,1.343333333,0.315,>2016,0.2,0.068666667,-0.137,FALSE,,,,,,,
2017,22/09/2023,9,1175,6,EURO3,3,1000,3,1.175,>2016,0.2,0.4,0.035,FALSE,,,,,,,
2017,05/11/2024,7.92,416,7,EURO3,3,1000,2.64,0.416,>2016,0.2,0.328,-0.1168,FALSE,,,,,,,
2017,22/09/2023,2.18,1455,6,EURO3,3,1000,0.726666667,1.455,>2016,0.2,-0.054666667,0.091,FALSE,,,,,,,
2017,06/09/2023,0.84,1655,6,EURO3,3,1000,0.28,1.655,>2016,0.2,-0.144,0.131,FALSE,,,,,,,
2017,04/09/2023,3.03,1370,6,EURO3,3,1000,1.01,1.37,>2016,0.2,0.002,0.074,FALSE,,,,,,,
2017,09/09/2023,9.6,1042,6,EURO3,3,1000,3.2,1.042,>2016,0.2,0.44,0.0084,FALSE,,,,,,,
2017,04/09/2023,4.1,511,6,EURO3,3,1000,1.366666667,0.511,>2016,0.2,0.073333333,-0.0978,FALSE,,,,,,,
2017,11/09/2023,3.49,329,6,EURO3,3,1000,1.163333333,0.329,>2016,0.2,0.032666667,-0.1342,FALSE,,,,,,,
2017,02/09/2024,7.2,947,7,EURO3,3,1000,2.4,0.947,>2016,0.2,0.28,-0.0106,FALSE,,,,,,,
2017,05/09/2023,8.21,926,6,EURO3,3,1000,2.736666667,0.926,>2016,0.2,0.347333333,-0.0148,FALSE,,,,,,,
2017,06/09/2023,3.99,2.28,6,EURO3,3,1000,1.33,0.00228,>2016,0.2,0.066,-0.199544,FALSE,,,,,,,
2017,01/09/2023,13.1,257,6,EURO3,3,1000,4.366666667,0.257,>2016,0.2,0.673333333,-0.1486,FALSE,,,,,,,
2017,10/09/2023,1.13,1261,6,EURO3,3,1000,0.376666667,1.261,>2016,0.2,-0.124666667,0.0522,FALSE,,,,,,,
2017,29/08/2023,3.73,359,6,EURO3,3,1000,1.243333333,0.359,>2016,0.2,0.048666667,-0.1282,FALSE,,,,,,,
2017,04/11/2023,5.63,2470,6,EURO3,3,1000,1.876666667,2.47,>2016,0.2,0.175333333,0.294,FALSE,,,,,,,
2017,30/05/2023,3.89,426,6,EURO3,3,1000,1.296666667,0.426,>2016,0.2,0.059333333,-0.1148,FALSE,,,,,,,
2017,10/11/2023,3.17,256,6,EURO3,3,1000,1.056666667,0.256,>2016,0.2,0.011333333,-0.1488,FALSE,,,,,,,
2017,05/09/2023,6.5,930,6,EURO3,3,1000,2.166666667,0.93,>2016,0.2,0.233333333,-0.014,FALSE,,,,,,,
2017,31/08/2023,0.8,1162,6,EURO3,3,1000,0.266666667,1.162,>2016,0.2,-0.146666667,0.0324,FALSE,,,,,,,
2017,14/10/2023,1.71,1000,6,EURO3,3,1000,0.57,1,>2016,0.2,-0.086,0,FALSE,,,,,,,
2017,09/09/2023,13.8,264,6,EURO3,3,1000,4.6,0.264,>2016,0.2,0.72,-0.1472,FALSE,,,,,,,
2017,12/12/2023,0.66,1310,6,EURO3,3,1000,0.22,1.31,>2016,0.2,-0.156,0.062,FALSE,,,,,,,
2017,30/10/2023,3.53,1087,6,EURO3,3,1000,1.176666667,1.087,>2016,0.2,0.035333333,0.0174,FALSE,,,,,,,
2017,21/08/2023,3.44,485,6,EURO3,3,1000,1.146666667,0.485,>2016,0.2,0.029333333,-0.103,FALSE,,,,,,,
2017,20/09/2023,3.15,5.99,6,EURO3,3,1000,1.05,0.00599,>2016,0.2,0.01,-0.198802,FALSE,,,,,,,
2017,09/10/2023,7.7,421,6,EURO3,3,1000,2.566666667,0.421,>2016,0.2,0.313333333,-0.1158,FALSE,,,,,,,
2017,11/09/2023,3.33,645,6,EURO3,3,1000,1.11,0.645,>2016,0.2,0.022,-0.071,FALSE,,,,,,,
2017,28/02/2025,6.21,1323,8,EURO3,3,1000,2.07,1.323,>2016,0.2,0.214,0.0646,FALSE,,,,,,,
2017,27/09/2023,3.8,287,6,EURO3,3,1000,1.266666667,0.287,>2016,0.2,0.053333333,-0.1426,FALSE,,,,,,,
2017,12/09/2023,4.04,776,6,EURO3,3,1000,1.346666667,0.776,>2016,0.2,0.069333333,-0.0448,FALSE,,,,,,,
2017,31/08/2023,4.26,676,6,EURO3,3,1000,1.42,0.676,>2016,0.2,0.084,-0.0648,FALSE,,,,,,,
2017,15/11/2023,5.277,532,6,EURO3,3,1000,1.759,0.532,>2016,0.2,0.1518,-0.0936,FALSE,,,,,,,
2017,02/09/2023,3.26,569,6,EURO3,3,1000,1.086666667,0.569,>2016,0.2,0.017333333,-0.0862,FALSE,,,,,,,
2017,13/04/2023,6.21,681,6,EURO3,3,1000,2.07,0.681,>2016,0.2,0.214,-0.0638,FALSE,,,,,,,
2017,19/09/2023,12.1,78,6,EURO3,3,1000,4.033333333,0.078,>2016,0.2,0.606666667,-0.1844,FALSE,,,,,,,
2017,17/09/2023,12.2,269,6,EURO3,3,1000,4.066666667,0.269,>2016,0.2,0.613333333,-0.1462,FALSE,,,,,,,
2017,08/09/2023,4.43,502,6,EURO3,3,1000,1.476666667,0.502,>2016,0.2,0.095333333,-0.0996,FALSE,,,,,,,
2017,05/09/2023,3.5,134,6,EURO3,3,1000,1.166666667,0.134,>2016,0.2,0.033333333,-0.1732,FALSE,,,,,,,
2017,26/09/2023,3,323,6,EURO3,3,1000,1,0.323,>2016,0.2,0,-0.1354,FALSE,,,,,,,
2017,31/08/2023,4.39,577,6,EURO3,3,1000,1.463333333,0.577,>2016,0.2,0.092666667,-0.0846,FALSE,,,,,,,
2017,27/03/2023,3.24,289,6,EURO3,3,1000,1.08,0.289,>2016,0.2,0.016,-0.1422,FALSE,,,,,,,
2017,13/11/2023,7.63,5265,6,EURO3,3,1000,2.543333333,5.265,>2016,0.2,0.308666667,0.853,FALSE,,,,,,,
2017,02/09/2023,3.41,373,6,EURO3,3,1000,1.136666667,0.373,>2016,0.2,0.027333333,-0.1254,FALSE,,,,,,,
2017,26/02/2025,3.3,2462,8,EURO3,3,1000,1.1,2.462,>2016,0.2,0.02,0.2924,FALSE,,,,,,,
2017,19/09/2023,1.14,1198,6,EURO3,3,1000,0.38,1.198,>2016,0.2,-0.124,0.0396,FALSE,,,,,,,
2017,05/09/2023,12,199,6,EURO3,3,1000,4,0.199,>2016,0.2,0.6,-0.1602,FALSE,,,,,,,
2017,29/08/2023,13.7,491,6,EURO3,3,1000,4.566666667,0.491,>2016,0.2,0.713333333,-0.1018,FALSE,,,,,,,
2017,28/07/2023,3,359,6,EURO3,3,1000,1,0.359,>2016,0.2,0,-0.1282,FALSE,,,,,,,
2017,01/09/2023,4.69,408,6,EURO3,3,1000,1.563333333,0.408,>2016,0.2,0.112666667,-0.1184,FALSE,,,,,,,
2017,23/10/2023,3.95,543,6,EURO3,3,1000,1.316666667,0.543,>2016,0.2,0.063333333,-0.0914,FALSE,,,,,,,
2017,24/08/2023,6.07,498,6,EURO3,3,1000,2.023333333,0.498,>2016,0.2,0.204666667,-0.1004,FALSE,,,,,,,
2017,04/09/2023,8.1,4348,6,EURO3,3,1000,2.7,4.348,>2016,0.2,0.34,0.6696,FALSE,,,,,,,
2017,17/09/2023,7.1,1224,6,EURO3,3,1000,2.366666667,1.224,>2016,0.2,0.273333333,0.0448,FALSE,,,,,,,
2017,20/10/2023,12,244,6,EURO3,3,1000,4,0.244,>2016,0.2,0.6,-0.1512,FALSE,,,,,,,
2017,06/10/2023,4.53,272,6,EURO3,3,1000,1.51,0.272,>2016,0.2,0.102,-0.1456,FALSE,,,,,,,
2017,07/09/2023,3.6,759,6,EURO3,3,1000,1.2,0.759,>2016,0.2,0.04,-0.0482,FALSE,,,,,,,
2017,30/10/2023,1.27,1000,6,EURO3,3,1000,0.423333333,1,>2016,0.2,-0.115333333,0,FALSE,,,,,,,
2017,05/09/2023,4.49,546,6,EURO3,3,1000,1.496666667,0.546,>2016,0.2,0.099333333,-0.0908,FALSE,,,,,,,
2017,02/10/2023,3.76,735,6,EURO3,3,1000,1.253333333,0.735,>2016,0.2,0.050666667,-0.053,FALSE,,,,,,,
2017,13/09/2023,3.18,551,6,EURO3,3,1000,1.06,0.551,>2016,0.2,0.012,-0.0898,FALSE,,,,,,,
2017,06/09/2023,1.95,1028,6,EURO3,3,1000,0.65,1.028,>2016,0.2,-0.07,0.0056,FALSE,,,,,,,
2017,30/08/2023,3.11,388,6,EURO3,3,1000,1.036666667,0.388,>2016,0.2,0.007333333,-0.1224,FALSE,,,,,,,
2017,23/10/2024,4.47,371,7,EURO3,3,1000,1.49,0.371,>2016,0.2,0.098,-0.1258,FALSE,,,,,,,
2017,05/09/2023,25,42,6,EURO3,3,1000,8.333333333,0.042,>2016,0.2,1.466666667,-0.1916,FALSE,,,,,,,
2017,27/08/2024,7.38,947,7,EURO3,3,1000,2.46,0.947,>2016,0.2,0.292,-0.0106,FALSE,,,,,,,
2017,12/09/2023,6.5,3254,6,EURO3,3,1000,2.166666667,3.254,>2016,0.2,0.233333333,0.4508,FALSE,,,,,,,
2017,02/11/2023,9.2,276,6,EURO3,3,1000,3.066666667,0.276,>2016,0.2,0.413333333,-0.1448,FALSE,,,,,,,
2017,05/09/2023,4.95,163,6,EURO3,3,1000,1.65,0.163,>2016,0.2,0.13,-0.1674,FALSE,,,,,,,
2017,03/09/2023,0.57,1569,6,EURO3,3,1000,0.19,1.569,>2016,0.2,-0.162,0.1138,FALSE,,,,,,,
2017,11/09/2023,1.5,1829,6,EURO3,3,1000,0.5,1.829,>2016,0.2,-0.1,0.1658,FALSE,,,,,,,
2017,29/08/2023,3.2,758,6,EURO3,3,1000,1.066666667,0.758,>2016,0.2,0.013333333,-0.0484,FALSE,,,,,,,
2017,30/08/2023,3.54,1303,6,EURO3,3,1000,1.18,1.303,>2016,0.2,0.036,0.0606,FALSE,,,,,,,
2017,04/09/2023,1.8,1891,6,EURO3,3,1000,0.6,1.891,>2016,0.2,-0.08,0.1782,FALSE,,,,,,,
2017,01/11/2023,2.5,1675,6,EURO3,3,1000,0.833333333,1.675,>2016,0.2,-0.033333333,0.135,FALSE,,,,,,,
2017,23/08/2023,5.06,4520,6,EURO3,3,1000,1.686666667,4.52,>2016,0.2,0.137333333,0.704,FALSE,,,,,,,
2017,27/09/2023,3.57,444,6,EURO3,3,1000,1.19,0.444,>2016,0.2,0.038,-0.1112,FALSE,,,,,,,
2017,29/08/2023,14.3,84,6,EURO3,3,1000,4.766666667,0.084,>2016,0.2,0.753333333,-0.1832,FALSE,,,,,,,
2017,21/08/2023,5,352,6,EURO3,3,1000,1.666666667,0.352,>2016,0.2,0.133333333,-0.1296,FALSE,,,,,,,
2017,21/09/2023,3.16,1133,6,EURO3,3,1000,1.053333333,1.133,>2016,0.2,0.010666667,0.0266,FALSE,,,,,,,
2017,06/09/2023,7.79,677,6,EURO3,3,1000,2.596666667,0.677,>2016,0.2,0.319333333,-0.0646,FALSE,,,,,,,
2017,04/09/2024,2.54,1561,7,EURO3,3,1000,0.846666667,1.561,>2016,0.2,-0.030666667,0.1122,FALSE,,,,,,,
2017,23/09/2023,6.61,260,6,EURO3,3,1000,2.203333333,0.26,>2016,0.2,0.240666667,-0.148,FALSE,,,,,,,
2017,21/09/2023,6.48,687,6,EURO3,3,1000,2.16,0.687,>2016,0.2,0.232,-0.0626,FALSE,,,,,,,
2017,09/09/2023,3.96,617,6,EURO3,3,1000,1.32,0.617,>2016,0.2,0.064,-0.0766,FALSE,,,,,,,
2017,02/09/2023,3.06,392,6,EURO3,3,1000,1.02,0.392,>2016,0.2,0.004,-0.1216,FALSE,,,,,,,
2017,31/08/2023,6.75,1162,6,EURO3,3,1000,2.25,1.162,>2016,0.2,0.25,0.0324,FALSE,,,,,,,
2017,28/11/2023,4.65,286,6,EURO3,3,1000,1.55,0.286,>2016,0.2,0.11,-0.1428,FALSE,,,,,,,
2017,06/09/2023,3.77,487,6,EURO3,3,1000,1.256666667,0.487,>2016,0.2,0.051333333,-0.1026,FALSE,,,,,,,
2017,20/07/2024,4.29,114,7,EURO3,3,1000,1.43,0.114,>2016,0.2,0.086,-0.1772,FALSE,,,,,,,
2017,31/08/2023,10.5,124,6,EURO3,3,1000,3.5,0.124,>2016,0.2,0.5,-0.1752,FALSE,,,,,,,
2017,31/08/2023,4.17,480,6,EURO3,3,1000,1.39,0.48,>2016,0.2,0.078,-0.104,FALSE,,,,,,,
2017,05/06/2023,5.23,828,6,EURO3,3,1000,1.743333333,0.828,>2016,0.2,0.148666667,-0.0344,FALSE,,,,,,,
2017,29/08/2023,3,1418,6,EURO3,3,1000,1,1.418,>2016,0.2,0,0.0836,FALSE,,,,,,,
2017,04/09/2023,4.44,414,6,EURO3,3,1000,1.48,0.414,>2016,0.2,0.096,-0.1172,FALSE,,,,,,,
2017,01/11/2023,3.55,634,6,EURO3,3,1000,1.183333333,0.634,>2016,0.2,0.036666667,-0.0732,FALSE,,,,,,,
2017,23/05/2023,3.2,413,6,EURO3,3,1000,1.066666667,0.413,>2016,0.2,0.013333333,-0.1174,FALSE,,,,,,,
2017,08/09/2023,3.99,454,6,EURO3,3,1000,1.33,0.454,>2016,0.2,0.066,-0.1092,FALSE,,,,,,,
2017,04/09/2023,3.35,631,6,EURO3,3,1000,1.116666667,0.631,>2016,0.2,0.023333333,-0.0738,FALSE,,,,,,,
2017,02/09/2023,11.3,305,6,EURO3,3,1000,3.766666667,0.305,>2016,0.2,0.553333333,-0.139,FALSE,,,,,,,
2017,04/09/2023,3.03,204,6,EURO3,3,1000,1.01,0.204,>2016,0.2,0.002,-0.1592,FALSE,,,,,,,
2017,01/09/2023,6.1,737,6,EURO3,3,1000,2.033333333,0.737,>2016,0.2,0.206666667,-0.0526,FALSE,,,,,,,
2017,23/02/2023,1.22,1257,6,EURO3,3,1000,0.406666667,1.257,>2016,0.2,-0.118666667,0.0514,FALSE,,,,,,,
2017,20/04/2024,1.09,1000,7,EURO3,3,1000,0.363333333,1,>2016,0.2,-0.127333333,0,FALSE,,,,,,,
2017,05/06/2023,4.321,170,6,EURO3,3,1000,1.440333333,0.17,>2016,0.2,0.088066667,-0.166,FALSE,,,,,,,
2017,07/05/2024,6.54,274,7,EURO3,3,1000,2.18,0.274,>2016,0.2,0.236,-0.1452,FALSE,,,,,,,
2017,29/08/2023,1.87,1249,6,EURO3,3,1000,0.623333333,1.249,>2016,0.2,-0.075333333,0.0498,FALSE,,,,,,,
2017,30/08/2023,3.8,619,6,EURO3,3,1000,1.266666667,0.619,>2016,0.2,0.053333333,-0.0762,FALSE,,,,,,,
2017,31/08/2023,8.21,99,6,EURO3,3,1000,2.736666667,0.099,>2016,0.2,0.347333333,-0.1802,FALSE,,,,,,,
2017,24/08/2023,0.55,1681,6,EURO3,3,1000,0.183333333,1.681,>2016,0.2,-0.163333333,0.1362,FALSE,,,,,,,
2017,17/07/2024,4.05,1186,7,EURO3,3,1000,1.35,1.186,>2016,0.2,0.07,0.0372,FALSE,,,,,,,
2017,12/10/2023,14,266,6,EURO3,3,1000,4.666666667,0.266,>2016,0.2,0.733333333,-0.1468,FALSE,,,,,,,
2017,07/09/2023,0,1125,6,EURO3,3,1000,0,1.125,>2016,0.2,-0.2,0.025,FALSE,,,,,,,
2017,05/09/2023,1.58,1392,6,EURO3,3,1000,0.526666667,1.392,>2016,0.2,-0.094666667,0.0784,FALSE,,,,,,,
2017,30/08/2023,6.87,1127,6,EURO3,3,1000,2.29,1.127,>2016,0.2,0.258,0.0254,FALSE,,,,,,,
2017,26/01/2023,6.78,278,6,EURO3,3,1000,2.26,0.278,>2016,0.2,0.252,-0.1444,FALSE,,,,,,,
2017,18/07/2023,5.56,680,6,EURO3,3,1000,1.853333333,0.68,>2016,0.2,0.170666667,-0.064,FALSE,,,,,,,
2017,29/08/2023,3.3,158,6,EURO3,3,1000,1.1,0.158,>2016,0.2,0.02,-0.1684,FALSE,,,,,,,
2017,29/08/2023,6.01,505,6,EURO3,3,1000,2.003333333,0.505,>2016,0.2,0.200666667,-0.099,FALSE,,,,,,,
2017,10/08/2023,3.79,794,6,EURO3,3,1000,1.263333333,0.794,>2016,0.2,0.052666667,-0.0412,FALSE,,,,,,,
2017,09/09/2023,0.93,1178,6,EURO3,3,1000,0.31,1.178,>2016,0.2,-0.138,0.0356,FALSE,,,,,,,
2017,17/09/2023,3.74,773,6,EURO3,3,1000,1.246666667,0.773,>2016,0.2,0.049333333,-0.0454,FALSE,,,,,,,
2017,29/08/2023,5.76,606,6,EURO3,3,1000,1.92,0.606,>2016,0.2,0.184,-0.0788,FALSE,,,,,,,
2017,22/08/2023,3.45,256,6,EURO3,3,1000,1.15,0.256,>2016,0.2,0.03,-0.1488,FALSE,,,,,,,
2017,27/09/2023,6.39,310,6,EURO3,3,1000,2.13,0.31,>2016,0.2,0.226,-0.138,FALSE,,,,,,,
2017,11/09/2023,0,1235,6,EURO3,3,1000,0,1.235,>2016,0.2,-0.2,0.047,FALSE,,,,,,,
2017,04/09/2023,3.16,1279,6,EURO3,3,1000,1.053333333,1.279,>2016,0.2,0.010666667,0.0558,FALSE,,,,,,,
2017,31/08/2023,0,1200,6,EURO3,3,1000,0,1.2,>2016,0.2,-0.2,0.04,FALSE,,,,,,,
2017,10/09/2023,6.42,722,6,EURO3,3,1000,2.14,0.722,>2016,0.2,0.228,-0.0556,FALSE,,,,,,,
2017,04/09/2023,1.63,1018,6,EURO3,3,1000,0.543333333,1.018,>2016,0.2,-0.091333333,0.0036,FALSE,,,,,,,
2017,30/08/2023,14.3,1440,6,EURO3,3,1000,4.766666667,1.44,>2016,0.2,0.753333333,0.088,FALSE,,,,,,,
2017,05/09/2023,3.5,980,6,EURO3,3,1000,1.166666667,0.98,>2016,0.2,0.033333333,-0.004,FALSE,,,,,,,
2017,21/09/2023,3.64,973,6,EURO3,3,1000,1.213333333,0.973,>2016,0.2,0.042666667,-0.0054,FALSE,,,,,,,
2017,01/09/2023,0.43,1043,6,EURO3,3,1000,0.143333333,1.043,>2016,0.2,-0.171333333,0.0086,FALSE,,,,,,,
2017,29/08/2023,3.51,710,6,EURO3,3,1000,1.17,0.71,>2016,0.2,0.034,-0.058,FALSE,,,,,,,
2017,30/08/2023,2.64,1659,6,EURO3,3,1000,0.88,1.659,>2016,0.2,-0.024,0.1318,FALSE,,,,,,,
2017,03/07/2023,3.18,304,6,EURO3,3,1000,1.06,0.304,>2016,0.2,0.012,-0.1392,FALSE,,,,,,,
2017,06/09/2023,0.63,1791,6,EURO3,3,1000,0.21,1.791,>2016,0.2,-0.158,0.1582,FALSE,,,,,,,
2017,06/09/2023,3.87,336,6,EURO3,3,1000,1.29,0.336,>2016,0.2,0.058,-0.1328,FALSE,,,,,,,
2017,12/09/2023,4.5,753,6,EURO3,3,1000,1.5,0.753,>2016,0.2,0.1,-0.0494,FALSE,,,,,,,
2017,15/10/2024,7.55,337,7,EURO3,3,1000,2.516666667,0.337,>2016,0.2,0.303333333,-0.1326,FALSE,,,,,,,
2017,23/09/2024,2.26,1000,7,EURO3,3,1000,0.753333333,1,>2016,0.2,-0.049333333,0,FALSE,,,,,,,
2017,07/09/2023,7.01,1990,6,EURO3,3,1000,2.336666667,1.99,>2016,0.2,0.267333333,0.198,FALSE,,,,,,,
2017,08/09/2023,5.32,569,6,EURO3,3,1000,1.773333333,0.569,>2016,0.2,0.154666667,-0.0862,FALSE,,,,,,,
2017,21/08/2023,3.68,1299,6,EURO3,3,1000,1.226666667,1.299,>2016,0.2,0.045333333,0.0598,FALSE,,,,,,,
2017,08/11/2023,3.1,331,6,EURO3,3,1000,1.033333333,0.331,>2016,0.2,0.006666667,-0.1338,FALSE,,,,,,,
2017,05/09/2023,4.17,283,6,EURO3,3,1000,1.39,0.283,>2016,0.2,0.078,-0.1434,FALSE,,,,,,,
2017,08/09/2023,5.32,569,6,EURO3,3,1000,1.773333333,0.569,>2016,0.2,0.154666667,-0.0862,FALSE,,,,,,,
2017,17/09/2023,10.8,1050,6,EURO3,3,1000,3.6,1.05,>2016,0.2,0.52,0.01,FALSE,,,,,,,
2017,31/08/2023,4.13,493,6,EURO3,3,1000,1.376666667,0.493,>2016,0.2,0.075333333,-0.1014,FALSE,,,,,,,
2017,17/10/2023,13.2,195,6,EURO3,3,1000,4.4,0.195,>2016,0.2,0.68,-0.161,FALSE,,,,,,,
2017,31/08/2023,4.1,200,6,EURO3,3,1000,1.366666667,0.2,>2016,0.2,0.073333333,-0.16,FALSE,,,,,,,
2017,18/07/2024,3.04,919,7,EURO3,3,1000,1.013333333,0.919,>2016,0.2,0.002666667,-0.0162,FALSE,,,,,,,
2017,31/08/2023,12.6,128,6,EURO3,3,1000,4.2,0.128,>2016,0.2,0.64,-0.1744,FALSE,,,,,,,
2017,30/08/2023,13.6,873,6,EURO3,3,1000,4.533333333,0.873,>2016,0.2,0.706666667,-0.0254,FALSE,,,,,,,
2017,22/02/2023,2.26,1257,6,EURO3,3,1000,0.753333333,1.257,>2016,0.2,-0.049333333,0.0514,FALSE,,,,,,,
2017,05/09/2023,1.9,1548,6,EURO3,3,1000,0.633333333,1.548,>2016,0.2,-0.073333333,0.1096,FALSE,,,,,,,
2017,02/09/2023,3.35,157,6,EURO3,3,1000,1.116666667,0.157,>2016,0.2,0.023333333,-0.1686,FALSE,,,,,,,
2017,14/02/2023,3.34,234,6,EURO3,3,1000,1.113333333,0.234,>2016,0.2,0.022666667,-0.1532,FALSE,,,,,,,
2017,27/09/2023,7.5,190,6,EURO3,3,1000,2.5,0.19,>2016,0.2,0.3,-0.162,FALSE,,,,,,,
2017,20/03/2024,3.06,48,7,EURO3,3,1000,1.02,0.048,>2016,0.2,0.004,-0.1904,FALSE,,,,,,,
2017,31/08/2023,4.82,284,6,EURO3,3,1000,1.606666667,0.284,>2016,0.2,0.121333333,-0.1432,FALSE,,,,,,,
2017,17/09/2023,10.6,804,6,EURO3,3,1000,3.533333333,0.804,>2016,0.2,0.506666667,-0.0392,FALSE,,,,,,,
2017,30/08/2023,8.37,196,6,EURO3,3,1000,2.79,0.196,>2016,0.2,0.358,-0.1608,FALSE,,,,,,,
2017,11/06/2024,6.98,796,7,EURO3,3,1000,2.326666667,0.796,>2016,0.2,0.265333333,-0.0408,FALSE,,,,,,,
2017,03/09/2023,0.89,1799,6,EURO3,3,1000,0.296666667,1.799,>2016,0.2,-0.140666667,0.1598,FALSE,,,,,,,
2017,05/09/2023,3.08,456,6,EURO3,3,1000,1.026666667,0.456,>2016,0.2,0.005333333,-0.1088,FALSE,,,,,,,
2017,14/09/2023,7.54,868,6,EURO3,3,1000,2.513333333,0.868,>2016,0.2,0.302666667,-0.0264,FALSE,,,,,,,
2017,07/09/2023,9.12,2390,6,EURO3,3,1000,3.04,2.39,>2016,0.2,0.408,0.278,FALSE,,,,,,,
2017,15/08/2024,5.53,730,7,EURO3,3,1000,1.843333333,0.73,>2016,0.2,0.168666667,-0.054,FALSE,,,,,,,
2017,11/05/2023,5.12,1434,6,EURO3,3,1000,1.706666667,1.434,>2016,0.2,0.141333333,0.0868,FALSE,,,,,,,
2017,31/08/2023,3.4,275,6,EURO3,3,1000,1.133333333,0.275,>2016,0.2,0.026666667,-0.145,FALSE,,,,,,,
2017,07/03/2024,7.45,691,7,EURO3,3,1000,2.483333333,0.691,>2016,0.2,0.296666667,-0.0618,FALSE,,,,,,,
2017,23/08/2023,8.05,1892,6,EURO3,3,1000,2.683333333,1.892,>2016,0.2,0.336666667,0.1784,FALSE,,,,,,,
2017,11/09/2023,4.97,874,6,EURO3,3,1000,1.656666667,0.874,>2016,0.2,0.131333333,-0.0252,FALSE,,,,,,,
2017,14/11/2023,9.99,166,6,EURO3,3,1000,3.33,0.166,>2016,0.2,0.466,-0.1668,FALSE,,,,,,,
2017,02/12/2023,4.74,845,6,EURO3,3,1000,1.58,0.845,>2016,0.2,0.116,-0.031,FALSE,,,,,,,
2017,11/09/2023,4.59,367,6,EURO3,3,1000,1.53,0.367,>2016,0.2,0.106,-0.1266,FALSE,,,,,,,
2017,02/09/2023,9.6,1113,6,EURO3,3,1000,3.2,1.113,>2016,0.2,0.44,0.0226,FALSE,,,,,,,
2017,25/08/2023,8.11,2680,6,EURO3,3,1000,2.703333333,2.68,>2016,0.2,0.340666667,0.336,FALSE,,,,,,,
2017,13/09/2023,1.45,1108,6,EURO3,3,1000,0.483333333,1.108,>2016,0.2,-0.103333333,0.0216,FALSE,,,,,,,
2017,06/09/2023,4.34,266,6,EURO3,3,1000,1.446666667,0.266,>2016,0.2,0.089333333,-0.1468,FALSE,,,,,,,
2017,26/01/2023,7.43,2820,6,EURO3,3,1000,2.476666667,2.82,>2016,0.2,0.295333333,0.364,FALSE,,,,,,,
2017,05/09/2023,4.48,2000,6,EURO3,3,1000,1.493333333,2,>2016,0.2,0.098666667,0.2,FALSE,,,,,,,
2017,08/09/2023,1.45,1308,6,EURO3,3,1000,0.483333333,1.308,>2016,0.2,-0.103333333,0.0616,FALSE,,,,,,,
2017,18/09/2023,11.12,907,6,EURO3,3,1000,3.706666667,0.907,>2016,0.2,0.541333333,-0.0186,FALSE,,,,,,,
2017,08/11/2023,3.96,51,6,EURO3,3,1000,1.32,0.051,>2016,0.2,0.064,-0.1898,FALSE,,,,,,,
2017,22/11/2023,6.05,1745,6,EURO3,3,1000,2.016666667,1.745,>2016,0.2,0.203333333,0.149,FALSE,,,,,,,
2017,27/09/2023,6.45,1210,6,EURO3,3,1000,2.15,1.21,>2016,0.2,0.23,0.042,FALSE,,,,,,,
2017,11/09/2023,1.36,1611,6,EURO3,3,1000,0.453333333,1.611,>2016,0.2,-0.109333333,0.1222,FALSE,,,,,,,
2017,27/09/2023,6.82,1259,6,EURO3,3,1000,2.273333333,1.259,>2016,0.2,0.254666667,0.0518,FALSE,,,,,,,
2017,01/09/2023,12.2,470,6,EURO3,3,1000,4.066666667,0.47,>2016,0.2,0.613333333,-0.106,FALSE,,,,,,,
2017,05/06/2023,4.232,1621,6,EURO3,3,1000,1.410666667,1.621,>2016,0.2,0.082133333,0.1242,FALSE,,,,,,,
2017,13/09/2023,2.14,1934,6,EURO3,3,1000,0.713333333,1.934,>2016,0.2,-0.057333333,0.1868,FALSE,,,,,,,
2017,08/08/2024,7.24,744,7,EURO3,3,1000,2.413333333,0.744,>2016,0.2,0.282666667,-0.0512,FALSE,,,,,,,
2017,02/11/2023,10.4,523,6,EURO3,3,1000,3.466666667,0.523,>2016,0.2,0.493333333,-0.0954,FALSE,,,,,,,
2017,31/08/2023,1.36,2101,6,EURO3,3,1000,0.453333333,2.101,>2016,0.2,-0.109333333,0.2202,FALSE,,,,,,,
2017,07/09/2023,9.33,1457,6,EURO3,3,1000,3.11,1.457,>2016,0.2,0.422,0.0914,FALSE,,,,,,,
2017,12/12/2023,1.17,1000,6,EURO3,3,1000,0.39,1,>2016,0.2,-0.122,0,FALSE,,,,,,,
2017,14/06/2023,7.3,30,6,EURO3,3,1000,2.433333333,0.03,>2016,0.2,0.286666667,-0.194,FALSE,,,,,,,
2017,22/09/2023,3.09,365,6,EURO3,3,1000,1.03,0.365,>2016,0.2,0.006,-0.127,FALSE,,,,,,,
2017,17/10/2023,6.61,340,6,EURO3,3,1000,2.203333333,0.34,>2016,0.2,0.240666667,-0.132,FALSE,,,,,,,
2017,13/08/2024,5.69,494,7,EURO3,3,1000,1.896666667,0.494,>2016,0.2,0.179333333,-0.1012,FALSE,,,,,,,
2017,09/09/2023,0.26,1678,6,EURO3,3,1000,0.086666667,1.678,>2016,0.2,-0.182666667,0.1356,FALSE,,,,,,,
2017,04/09/2023,12.9,209,6,EURO3,3,1000,4.3,0.209,>2016,0.2,0.66,-0.1582,FALSE,,,,,,,
2017,29/08/2023,4.01,991,6,EURO3,3,1000,1.336666667,0.991,>2016,0.2,0.067333333,-0.0018,FALSE,,,,,,,
2017,25/08/2023,0.87,1094,6,EURO3,3,1000,0.29,1.094,>2016,0.2,-0.142,0.0188,FALSE,,,,,,,
2017,25/11/2023,4.34,240,6,EURO3,3,1000,1.446666667,0.24,>2016,0.2,0.089333333,-0.152,FALSE,,,,,,,
2017,28/08/2023,4.01,218,6,EURO3,3,1000,1.336666667,0.218,>2016,0.2,0.067333333,-0.1564,FALSE,,,,,,,
2017,05/09/2023,8.12,968,6,EURO3,3,1000,2.706666667,0.968,>2016,0.2,0.341333333,-0.0064,FALSE,,,,,,,
2017,09/09/2023,3.89,1560,6,EURO3,3,1000,1.296666667,1.56,>2016,0.2,0.059333333,0.112,FALSE,,,,,,,
2017,05/02/2025,1.84,1313,8,EURO3,3,1000,0.613333333,1.313,>2016,0.2,-0.077333333,0.0626,FALSE,,,,,,,
2017,18/09/2023,6.82,499,6,EURO3,3,1000,2.273333333,0.499,>2016,0.2,0.254666667,-0.1002,FALSE,,,,,,,
2017,21/03/2023,2.95,1186,6,EURO3,3,1000,0.983333333,1.186,>2016,0.2,-0.003333333,0.0372,FALSE,,,,,,,
2017,23/11/2023,4.1,609,6,EURO3,3,1000,1.366666667,0.609,>2016,0.2,0.073333333,-0.0782,FALSE,,,,,,,
2017,17/09/2023,2.27,1091,6,EURO3,3,1000,0.756666667,1.091,>2016,0.2,-0.048666667,0.0182,FALSE,,,,,,,
2018,14/12/2023,4.87,354,5,EURO3,3,1000,1.623333333,0.354,>2016,0.2,0.124666667,-0.1292,FALSE,,,,,,,
2018,17/12/2024,4.96,650,6,EURO3,3,1000,1.653333333,0.65,>2016,0.2,0.130666667,-0.07,FALSE,,,,,,,
2018,19/06/2024,5.96,889,6,EURO3,3,1000,1.986666667,0.889,>2016,0.2,0.197333333,-0.0222,FALSE,,,,,,,
2018,30/01/2024,5.73,852,6,EURO3,3,1000,1.91,0.852,>2016,0.2,0.182,-0.0296,FALSE,,,,,,,
2018,29/09/2023,3.92,358,5,EURO3,3,1000,1.306666667,0.358,>2016,0.2,0.061333333,-0.1284,FALSE,,,,,,,
2018,15/08/2024,1.23,1120,6,EURO3,3,1000,0.41,1.12,>2016,0.2,-0.118,0.024,FALSE,,,,,,,
2018,05/09/2023,7.72,615,5,EURO3,3,1000,2.573333333,0.615,>2016,0.2,0.314666667,-0.077,FALSE,,,,,,,
2018,20/03/2024,3.78,356,6,EURO3,3,1000,1.26,0.356,>2016,0.2,0.052,-0.1288,FALSE,,,,,,,
2018,03/09/2023,1.88,1241,5,EURO3,3,1000,0.626666667,1.241,>2016,0.2,-0.074666667,0.0482,FALSE,,,,,,,
2018,11/06/2024,4.23,442,6,EURO3,3,1000,1.41,0.442,>2016,0.2,0.082,-0.1116,FALSE,,,,,,,
2018,17/09/2023,3.79,346,5,EURO3,3,1000,1.263333333,0.346,>2016,0.2,0.052666667,-0.1308,FALSE,,,,,,,
2018,27/09/2023,6.36,392,5,EURO3,3,1000,2.12,0.392,>2016,0.2,0.224,-0.1216,FALSE,,,,,,,
2018,30/08/2023,5.86,643,5,EURO3,3,1000,1.953333333,0.643,>2016,0.2,0.190666667,-0.0714,FALSE,,,,,,,
2018,27/06/2024,5.28,535,6,EURO3,3,1000,1.76,0.535,>2016,0.2,0.152,-0.093,FALSE,,,,,,,
2018,08/09/2023,14.2,89,5,EURO3,3,1000,4.733333333,0.089,>2016,0.2,0.746666667,-0.1822,FALSE,,,,,,,
2018,13/09/2023,0.74,1006,5,EURO3,3,1000,0.246666667,1.006,>2016,0.2,-0.150666667,0.0012,FALSE,,,,,,,
2018,02/09/2023,2.37,1106,5,EURO3,3,1000,0.79,1.106,>2016,0.2,-0.042,0.0212,FALSE,,,,,,,
2018,22/08/2023,6.22,693,5,EURO3,3,1000,2.073333333,0.693,>2016,0.2,0.214666667,-0.0614,FALSE,,,,,,,
2018,01/09/2023,1.64,1534,5,EURO3,3,1000,0.546666667,1.534,>2016,0.2,-0.090666667,0.1068,FALSE,,,,,,,
2018,06/09/2023,4.42,828,5,EURO3,3,1000,1.473333333,0.828,>2016,0.2,0.094666667,-0.0344,FALSE,,,,,,,
2018,20/09/2023,1.36,1528,5,EURO3,3,1000,0.453333333,1.528,>2016,0.2,-0.109333333,0.1056,FALSE,,,,,,,
2018,23/08/2023,1.29,1108,5,EURO3,3,1000,0.43,1.108,>2016,0.2,-0.114,0.0216,FALSE,,,,,,,
2018,31/08/2023,1.49,1022,5,EURO3,3,1000,0.496666667,1.022,>2016,0.2,-0.100666667,0.0044,FALSE,,,,,,,
2018,19/01/2023,7.31,635,5,EURO3,3,1000,2.436666667,0.635,>2016,0.2,0.287333333,-0.073,FALSE,,,,,,,
2018,07/09/2023,1.51,1561,5,EURO3,3,1000,0.503333333,1.561,>2016,0.2,-0.099333333,0.1122,FALSE,,,,,,,
2018,14/08/2024,3.49,546,6,EURO3,3,1000,1.163333333,0.546,>2016,0.2,0.032666667,-0.0908,FALSE,,,,,,,
2018,07/03/2024,3.83,1106,6,EURO3,3,1000,1.276666667,1.106,>2016,0.2,0.055333333,0.0212,FALSE,,,,,,,
2018,29/03/2023,3.62,396,5,EURO3,3,1000,1.206666667,0.396,>2016,0.2,0.041333333,-0.1208,FALSE,,,,,,,
2018,09/10/2023,11.9,716,5,EURO3,3,1000,3.966666667,0.716,>2016,0.2,0.593333333,-0.0568,FALSE,,,,,,,
2018,09/12/2023,3.18,817,5,EURO3,3,1000,1.06,0.817,>2016,0.2,0.012,-0.0366,FALSE,,,,,,,
2018,31/10/2023,5.56,2316,5,EURO3,3,1000,1.853333333,2.316,>2016,0.2,0.170666667,0.2632,FALSE,,,,,,,
2018,03/09/2023,5.5,114,5,EURO3,3,1000,1.833333333,0.114,>2016,0.2,0.166666667,-0.1772,FALSE,,,,,,,
2018,11/09/2023,5.4,646,5,EURO3,3,1000,1.8,0.646,>2016,0.2,0.16,-0.0708,FALSE,,,,,,,
2018,03/08/2023,3.52,567,5,EURO3,3,1000,1.173333333,0.567,>2016,0.2,0.034666667,-0.0866,FALSE,,,,,,,
2018,31/08/2023,1.26,1844,5,EURO3,3,1000,0.42,1.844,>2016,0.2,-0.116,0.1688,FALSE,,,,,,,
2018,02/09/2023,7.8,50,5,EURO3,3,1000,2.6,0.05,>2016,0.2,0.32,-0.19,FALSE,,,,,,,
2018,09/09/2023,3.38,878,5,EURO3,3,1000,1.126666667,0.878,>2016,0.2,0.025333333,-0.0244,FALSE,,,,,,,
2018,01/09/2023,0.89,1788,5,EURO3,3,1000,0.296666667,1.788,>2016,0.2,-0.140666667,0.1576,FALSE,,,,,,,
2018,01/10/2023,7.11,325,5,EURO3,3,1000,2.37,0.325,>2016,0.2,0.274,-0.135,FALSE,,,,,,,
2018,09/09/2023,3.18,338,5,EURO3,3,1000,1.06,0.338,>2016,0.2,0.012,-0.1324,FALSE,,,,,,,
2018,26/06/2024,6.89,1438,6,EURO3,3,1000,2.296666667,1.438,>2016,0.2,0.259333333,0.0876,FALSE,,,,,,,
2018,30/10/2024,8.63,1415,6,EURO3,3,1000,2.876666667,1.415,>2016,0.2,0.375333333,0.083,FALSE,,,,,,,
2018,30/08/2023,1.16,1149,5,EURO3,3,1000,0.386666667,1.149,>2016,0.2,-0.122666667,0.0298,FALSE,,,,,,,
2018,29/03/2023,3.51,444,5,EURO3,3,1000,1.17,0.444,>2016,0.2,0.034,-0.1112,FALSE,,,,,,,
2018,23/08/2023,5.02,506,5,EURO3,3,1000,1.673333333,0.506,>2016,0.2,0.134666667,-0.0988,FALSE,,,,,,,
2018,21/03/2023,7.32,614,5,EURO3,3,1000,2.44,0.614,>2016,0.2,0.288,-0.0772,FALSE,,,,,,,
2018,31/08/2023,4.58,1024,5,EURO3,3,1000,1.526666667,1.024,>2016,0.2,0.105333333,0.0048,FALSE,,,,,,,
2018,14/09/2023,5.01,41,5,EURO3,3,1000,1.67,0.041,>2016,0.2,0.134,-0.1918,FALSE,,,,,,,
2018,09/10/2023,6.48,17,5,EURO3,3,1000,2.16,0.017,>2016,0.2,0.232,-0.1966,FALSE,,,,,,,
2018,17/09/2023,12.7,357,5,EURO3,3,1000,4.233333333,0.357,>2016,0.2,0.646666667,-0.1286,FALSE,,,,,,,
2018,09/09/2023,8.5,2410,5,EURO3,3,1000,2.833333333,2.41,>2016,0.2,0.366666667,0.282,FALSE,,,,,,,
2018,16/10/2023,4.98,2080,5,EURO3,3,1000,1.66,2.08,>2016,0.2,0.132,0.216,FALSE,,,,,,,
2018,27/08/2023,8.82,808,5,EURO3,3,1000,2.94,0.808,>2016,0.2,0.388,-0.0384,FALSE,,,,,,,
2018,15/01/2025,7.68,71,7,EURO3,3,1000,2.56,0.071,>2016,0.2,0.312,-0.1858,FALSE,,,,,,,
2018,03/09/2023,0.61,1304,5,EURO3,3,1000,0.203333333,1.304,>2016,0.2,-0.159333333,0.0608,FALSE,,,,,,,
2018,05/06/2023,4.62,468,5,EURO3,3,1000,1.54,0.468,>2016,0.2,0.108,-0.1064,FALSE,,,,,,,
2018,01/09/2023,3.74,284,5,EURO3,3,1000,1.246666667,0.284,>2016,0.2,0.049333333,-0.1432,FALSE,,,,,,,
2018,28/08/2023,12.9,565,5,EURO3,3,1000,4.3,0.565,>2016,0.2,0.66,-0.087,FALSE,,,,,,,
2018,09/10/2023,3.73,686,5,EURO3,3,1000,1.243333333,0.686,>2016,0.2,0.048666667,-0.0628,FALSE,,,,,,,
2018,01/04/2024,3.05,441,6,EURO3,3,1000,1.016666667,0.441,>2016,0.2,0.003333333,-0.1118,FALSE,,,,,,,
2018,05/06/2023,3.08,876,5,EURO3,3,1000,1.026666667,0.876,>2016,0.2,0.005333333,-0.0248,FALSE,,,,,,,
2018,15/09/2023,8.4,1377,5,EURO3,3,1000,2.8,1.377,>2016,0.2,0.36,0.0754,FALSE,,,,,,,
2018,25/07/2023,3.4,164,5,EURO3,3,1000,1.133333333,0.164,>2016,0.2,0.026666667,-0.1672,FALSE,,,,,,,
2018,10/09/2023,6.8,275,5,EURO3,3,1000,2.266666667,0.275,>2016,0.2,0.253333333,-0.145,FALSE,,,,,,,
2018,03/11/2023,13.9,216,5,EURO3,3,1000,4.633333333,0.216,>2016,0.2,0.726666667,-0.1568,FALSE,,,,,,,
2018,31/08/2023,7.38,1194,5,EURO3,3,1000,2.46,1.194,>2016,0.2,0.292,0.0388,FALSE,,,,,,,
2018,01/09/2023,2.96,1365,5,EURO3,3,1000,0.986666667,1.365,>2016,0.2,-0.002666667,0.073,FALSE,,,,,,,
2018,26/08/2023,9.2,1665,5,EURO3,3,1000,3.066666667,1.665,>2016,0.2,0.413333333,0.133,FALSE,,,,,,,
2018,14/09/2023,4.86,2589,5,EURO3,3,1000,1.62,2.589,>2016,0.2,0.124,0.3178,FALSE,,,,,,,
2018,21/08/2023,7.28,263,5,EURO3,3,1000,2.426666667,0.263,>2016,0.2,0.285333333,-0.1474,FALSE,,,,,,,
2018,19/01/2023,6.62,724,5,EURO3,3,1000,2.206666667,0.724,>2016,0.2,0.241333333,-0.0552,FALSE,,,,,,,
2018,01/09/2023,1.74,1934,5,EURO3,3,1000,0.58,1.934,>2016,0.2,-0.084,0.1868,FALSE,,,,,,,
2018,21/11/2023,3.01,86,5,EURO3,3,1000,1.003333333,0.086,>2016,0.2,0.000666667,-0.1828,FALSE,,,,,,,
2018,15/01/2025,4.4,113,7,EURO3,3,1000,1.466666667,0.113,>2016,0.2,0.093333333,-0.1774,FALSE,,,,,,,
2018,12/09/2023,0.5,1137,5,EURO3,3,1000,0.166666667,1.137,>2016,0.2,-0.166666667,0.0274,FALSE,,,,,,,
2018,05/09/2023,8.5,1420,5,EURO3,3,1000,2.833333333,1.42,>2016,0.2,0.366666667,0.084,FALSE,,,,,,,
2018,19/06/2024,6.56,524,6,EURO3,3,1000,2.186666667,0.524,>2016,0.2,0.237333333,-0.0952,FALSE,,,,,,,
2018,20/09/2023,3.87,1072,5,EURO3,3,1000,1.29,1.072,>2016,0.2,0.058,0.0144,FALSE,,,,,,,
2018,04/09/2023,7.8,243,5,EURO3,3,1000,2.6,0.243,>2016,0.2,0.32,-0.1514,FALSE,,,,,,,
2018,16/09/2023,4,661,5,EURO3,3,1000,1.333333333,0.661,>2016,0.2,0.066666667,-0.0678,FALSE,,,,,,,
2018,26/09/2023,3.29,357,5,EURO3,3,1000,1.096666667,0.357,>2016,0.2,0.019333333,-0.1286,FALSE,,,,,,,
2018,17/09/2023,4.33,361,5,EURO3,3,1000,1.443333333,0.361,>2016,0.2,0.088666667,-0.1278,FALSE,,,,,,,
2018,18/10/2023,7.56,548,5,EURO3,3,1000,2.52,0.548,>2016,0.2,0.304,-0.0904,FALSE,,,,,,,
2018,17/10/2023,13.6,389,5,EURO3,3,1000,4.533333333,0.389,>2016,0.2,0.706666667,-0.1222,FALSE,,,,,,,
2018,07/09/2023,1.24,1975,5,EURO3,3,1000,0.413333333,1.975,>2016,0.2,-0.117333333,0.195,FALSE,,,,,,,
2018,04/09/2023,3.67,588,5,EURO3,3,1000,1.223333333,0.588,>2016,0.2,0.044666667,-0.0824,FALSE,,,,,,,
2018,13/09/2023,2.66,1192,5,EURO3,3,1000,0.886666667,1.192,>2016,0.2,-0.022666667,0.0384,FALSE,,,,,,,
2018,21/09/2023,2.78,1102,5,EURO3,3,1000,0.926666667,1.102,>2016,0.2,-0.014666667,0.0204,FALSE,,,,,,,
2018,10/09/2023,3.97,421,5,EURO3,3,1000,1.323333333,0.421,>2016,0.2,0.064666667,-0.1158,FALSE,,,,,,,
2018,02/09/2023,13.4,182,5,EURO3,3,1000,4.466666667,0.182,>2016,0.2,0.693333333,-0.1636,FALSE,,,,,,,
2018,25/02/2025,3.72,394,7,EURO3,3,1000,1.24,0.394,>2016,0.2,0.048,-0.1212,FALSE,,,,,,,
2018,12/09/2023,5.96,328,5,EURO3,3,1000,1.986666667,0.328,>2016,0.2,0.197333333,-0.1344,FALSE,,,,,,,
2018,05/09/2023,4.37,755,5,EURO3,3,1000,1.456666667,0.755,>2016,0.2,0.091333333,-0.049,FALSE,,,,,,,
2018,02/09/2023,10.4,112,5,EURO3,3,1000,3.466666667,0.112,>2016,0.2,0.493333333,-0.1776,FALSE,,,,,,,
2018,15/09/2023,9.4,507,5,EURO3,3,1000,3.133333333,0.507,>2016,0.2,0.426666667,-0.0986,FALSE,,,,,,,
2018,02/09/2023,3.34,437,5,EURO3,3,1000,1.113333333,0.437,>2016,0.2,0.022666667,-0.1126,FALSE,,,,,,,
2018,31/08/2023,5.57,1141,5,EURO3,3,1000,1.856666667,1.141,>2016,0.2,0.171333333,0.0282,FALSE,,,,,,,
2018,20/07/2023,0.91,1843,5,EURO3,3,1000,0.303333333,1.843,>2016,0.2,-0.139333333,0.1686,FALSE,,,,,,,
2018,28/08/2023,4.7,668,5,EURO3,3,1000,1.566666667,0.668,>2016,0.2,0.113333333,-0.0664,FALSE,,,,,,,
2018,04/09/2023,10.2,461,5,EURO3,3,1000,3.4,0.461,>2016,0.2,0.48,-0.1078,FALSE,,,,,,,
2018,04/09/2024,1.72,1292,6,EURO3,3,1000,0.573333333,1.292,>2016,0.2,-0.085333333,0.0584,FALSE,,,,,,,
2018,07/09/2023,8.13,520,5,EURO3,3,1000,2.71,0.52,>2016,0.2,0.342,-0.096,FALSE,,,,,,,
2018,26/08/2023,3.49,487,5,EURO3,3,1000,1.163333333,0.487,>2016,0.2,0.032666667,-0.1026,FALSE,,,,,,,
2018,28/08/2023,3,1800,5,EURO3,3,1000,1,1.8,>2016,0.2,0,0.16,FALSE,,,,,,,
2018,10/12/2024,7.94,726,6,EURO3,3,1000,2.646666667,0.726,>2016,0.2,0.329333333,-0.0548,FALSE,,,,,,,
2018,04/06/2024,3.81,353,6,EURO3,3,1000,1.27,0.353,>2016,0.2,0.054,-0.1294,FALSE,,,,,,,
2018,30/08/2023,4.84,1791,5,EURO3,3,1000,1.613333333,1.791,>2016,0.2,0.122666667,0.1582,FALSE,,,,,,,
2018,07/09/2023,3.46,532,5,EURO3,3,1000,1.153333333,0.532,>2016,0.2,0.030666667,-0.0936,FALSE,,,,,,,
2018,18/10/2023,7,409,5,EURO3,3,1000,2.333333333,0.409,>2016,0.2,0.266666667,-0.1182,FALSE,,,,,,,
2018,08/08/2024,6.22,990,6,EURO3,3,1000,2.073333333,0.99,>2016,0.2,0.214666667,-0.002,FALSE,,,,,,,
2018,22/11/2023,8.8,451,5,EURO3,3,1000,2.933333333,0.451,>2016,0.2,0.386666667,-0.1098,FALSE,,,,,,,
2018,30/08/2023,12.1,154,5,EURO3,3,1000,4.033333333,0.154,>2016,0.2,0.606666667,-0.1692,FALSE,,,,,,,
2018,05/09/2023,3.5,115,5,EURO3,3,1000,1.166666667,0.115,>2016,0.2,0.033333333,-0.177,FALSE,,,,,,,
2018,10/09/2023,1.73,1366,5,EURO3,3,1000,0.576666667,1.366,>2016,0.2,-0.084666667,0.0732,FALSE,,,,,,,
2018,31/08/2023,2.78,1161,5,EURO3,3,1000,0.926666667,1.161,>2016,0.2,-0.014666667,0.0322,FALSE,,,,,,,
2018,30/08/2023,3.85,385,5,EURO3,3,1000,1.283333333,0.385,>2016,0.2,0.056666667,-0.123,FALSE,,,,,,,
2018,04/09/2023,1.88,1893,5,EURO3,3,1000,0.626666667,1.893,>2016,0.2,-0.074666667,0.1786,FALSE,,,,,,,
2018,09/10/2023,13.6,625,5,EURO3,3,1000,4.533333333,0.625,>2016,0.2,0.706666667,-0.075,FALSE,,,,,,,
2018,15/11/2023,2.66,1987,5,EURO3,3,1000,0.886666667,1.987,>2016,0.2,-0.022666667,0.1974,FALSE,,,,,,,
2018,25/08/2023,0.33,1310,5,EURO3,3,1000,0.11,1.31,>2016,0.2,-0.178,0.062,FALSE,,,,,,,
2018,25/09/2023,2.16,1730,5,EURO3,3,1000,0.72,1.73,>2016,0.2,-0.056,0.146,FALSE,,,,,,,
2018,14/09/2023,0.88,1039,5,EURO3,3,1000,0.293333333,1.039,>2016,0.2,-0.141333333,0.0078,FALSE,,,,,,,
2018,02/11/2023,0.67,1000,5,EURO3,3,1000,0.223333333,1,>2016,0.2,-0.155333333,0,FALSE,,,,,,,
2018,19/06/2024,5.01,475,6,EURO3,3,1000,1.67,0.475,>2016,0.2,0.134,-0.105,FALSE,,,,,,,
2018,17/09/2023,6.3,0,5,EURO3,3,1000,2.1,0,>2016,0.2,0.22,-0.2,FALSE,,,,,,,
2018,09/10/2023,4.31,11,5,EURO3,3,1000,1.436666667,0.011,>2016,0.2,0.087333333,-0.1978,FALSE,,,,,,,
2018,28/08/2023,3.37,379,5,EURO3,3,1000,1.123333333,0.379,>2016,0.2,0.024666667,-0.1242,FALSE,,,,,,,
2018,07/09/2023,0.98,1092,5,EURO3,3,1000,0.326666667,1.092,>2016,0.2,-0.134666667,0.0184,FALSE,,,,,,,
2018,05/11/2023,13.2,384,5,EURO3,3,1000,4.4,0.384,>2016,0.2,0.68,-0.1232,FALSE,,,,,,,
2018,01/08/2024,5.82,572,6,EURO3,3,1000,1.94,0.572,>2016,0.2,0.188,-0.0856,FALSE,,,,,,,
2018,27/09/2023,3.93,271,5,EURO3,3,1000,1.31,0.271,>2016,0.2,0.062,-0.1458,FALSE,,,,,,,
2018,16/05/2023,7.8,823,5,EURO3,3,1000,2.6,0.823,>2016,0.2,0.32,-0.0354,FALSE,,,,,,,
2018,01/09/2023,5.82,985,5,EURO3,3,1000,1.94,0.985,>2016,0.2,0.188,-0.003,FALSE,,,,,,,
2018,31/08/2023,8.05,1105,5,EURO3,3,1000,2.683333333,1.105,>2016,0.2,0.336666667,0.021,FALSE,,,,,,,
2018,31/08/2023,4.35,501,5,EURO3,3,1000,1.45,0.501,>2016,0.2,0.09,-0.0998,FALSE,,,,,,,
2018,31/08/2023,4.44,801,5,EURO3,3,1000,1.48,0.801,>2016,0.2,0.096,-0.0398,FALSE,,,,,,,
2018,21/08/2023,2.48,1230,5,EURO3,3,1000,0.826666667,1.23,>2016,0.2,-0.034666667,0.046,FALSE,,,,,,,
2018,14/09/2023,3.12,1205,5,EURO3,3,1000,1.04,1.205,>2016,0.2,0.008,0.041,FALSE,,,,,,,
2018,14/09/2023,3.75,563,5,EURO3,3,1000,1.25,0.563,>2016,0.2,0.05,-0.0874,FALSE,,,,,,,
2018,18/10/2023,4.66,218,5,EURO3,3,1000,1.553333333,0.218,>2016,0.2,0.110666667,-0.1564,FALSE,,,,,,,
2018,06/09/2023,5.13,393,5,EURO3,3,1000,1.71,0.393,>2016,0.2,0.142,-0.1214,FALSE,,,,,,,
2018,25/09/2024,3,359,6,EURO3,3,1000,1,0.359,>2016,0.2,0,-0.1282,FALSE,,,,,,,
2018,31/08/2023,3.72,679,5,EURO3,3,1000,1.24,0.679,>2016,0.2,0.048,-0.0642,FALSE,,,,,,,
2018,03/11/2023,6.35,495,5,EURO3,3,1000,2.116666667,0.495,>2016,0.2,0.223333333,-0.101,FALSE,,,,,,,
2018,10/09/2023,0.77,1223,5,EURO3,3,1000,0.256666667,1.223,>2016,0.2,-0.148666667,0.0446,FALSE,,,,,,,
2018,18/03/2024,6.75,548,6,EURO3,3,1000,2.25,0.548,>2016,0.2,0.25,-0.0904,FALSE,,,,,,,
2018,21/11/2024,3.34,544,6,EURO3,3,1000,1.113333333,0.544,>2016,0.2,0.022666667,-0.0912,FALSE,,,,,,,
2018,18/10/2023,8.13,156,5,EURO3,3,1000,2.71,0.156,>2016,0.2,0.342,-0.1688,FALSE,,,,,,,
2018,28/06/2024,7.12,52,6,EURO3,3,1000,2.373333333,0.052,>2016,0.2,0.274666667,-0.1896,FALSE,,,,,,,
2018,04/09/2023,4.49,312,5,EURO3,3,1000,1.496666667,0.312,>2016,0.2,0.099333333,-0.1376,FALSE,,,,,,,
2018,18/09/2023,3.6,259,5,EURO3,3,1000,1.2,0.259,>2016,0.2,0.04,-0.1482,FALSE,,,,,,,
2018,05/09/2023,12,786,5,EURO3,3,1000,4,0.786,>2016,0.2,0.6,-0.0428,FALSE,,,,,,,
2018,24/08/2023,2.54,1300,5,EURO3,3,1000,0.846666667,1.3,>2016,0.2,-0.030666667,0.06,FALSE,,,,,,,
2018,01/09/2023,0.76,1698,5,EURO3,3,1000,0.253333333,1.698,>2016,0.2,-0.149333333,0.1396,FALSE,,,,,,,
2018,10/09/2023,11.2,543,5,EURO3,3,1000,3.733333333,0.543,>2016,0.2,0.546666667,-0.0914,FALSE,,,,,,,
2018,31/08/2023,3.56,648,5,EURO3,3,1000,1.186666667,0.648,>2016,0.2,0.037333333,-0.0704,FALSE,,,,,,,
2018,15/05/2024,9.15,3170,6,EURO3,3,1000,3.05,3.17,>2016,0.2,0.41,0.434,FALSE,,,,,,,
2018,01/09/2023,2.68,1098,5,EURO3,3,1000,0.893333333,1.098,>2016,0.2,-0.021333333,0.0196,FALSE,,,,,,,
2018,29/09/2023,0.95,1076,5,EURO3,3,1000,0.316666667,1.076,>2016,0.2,-0.136666667,0.0152,FALSE,,,,,,,
2018,27/09/2023,5.5,201,5,EURO3,3,1000,1.833333333,0.201,>2016,0.2,0.166666667,-0.1598,FALSE,,,,,,,
2018,17/10/2024,6.2,558,6,EURO3,3,1000,2.066666667,0.558,>2016,0.2,0.213333333,-0.0884,FALSE,,,,,,,
2018,09/09/2023,7.9,863,5,EURO3,3,1000,2.633333333,0.863,>2016,0.2,0.326666667,-0.0274,FALSE,,,,,,,
2018,02/09/2023,3.57,955,5,EURO3,3,1000,1.19,0.955,>2016,0.2,0.038,-0.009,FALSE,,,,,,,
2018,30/08/2023,0.12,1294,5,EURO3,3,1000,0.04,1.294,>2016,0.2,-0.192,0.0588,FALSE,,,,,,,
2018,30/08/2023,8.6,71,5,EURO3,3,1000,2.866666667,0.071,>2016,0.2,0.373333333,-0.1858,FALSE,,,,,,,
2018,05/11/2023,1.63,1010,5,EURO3,3,1000,0.543333333,1.01,>2016,0.2,-0.091333333,0.002,FALSE,,,,,,,
2018,06/09/2023,4.12,486,5,EURO3,3,1000,1.373333333,0.486,>2016,0.2,0.074666667,-0.1028,FALSE,,,,,,,
2018,23/08/2023,7.13,1689,5,EURO3,3,1000,2.376666667,1.689,>2016,0.2,0.275333333,0.1378,FALSE,,,,,,,
2018,21/08/2023,4.44,870,5,EURO3,3,1000,1.48,0.87,>2016,0.2,0.096,-0.026,FALSE,,,,,,,
2018,30/08/2023,5.2,18,5,EURO3,3,1000,1.733333333,0.018,>2016,0.2,0.146666667,-0.1964,FALSE,,,,,,,
2018,07/09/2023,5.61,336,5,EURO3,3,1000,1.87,0.336,>2016,0.2,0.174,-0.1328,FALSE,,,,,,,
2018,09/09/2023,5.46,599,5,EURO3,3,1000,1.82,0.599,>2016,0.2,0.164,-0.0802,FALSE,,,,,,,
2018,30/08/2023,13.4,8,5,EURO3,3,1000,4.466666667,0.008,>2016,0.2,0.693333333,-0.1984,FALSE,,,,,,,
2018,17/09/2023,3.5,966,5,EURO3,3,1000,1.166666667,0.966,>2016,0.2,0.033333333,-0.0068,FALSE,,,,,,,
2018,07/09/2023,0.6,1709,5,EURO3,3,1000,0.2,1.709,>2016,0.2,-0.16,0.1418,FALSE,,,,,,,
2018,29/05/2024,6.27,403,6,EURO3,3,1000,2.09,0.403,>2016,0.2,0.218,-0.1194,FALSE,,,,,,,
2018,11/10/2023,3.47,397,5,EURO3,3,1000,1.156666667,0.397,>2016,0.2,0.031333333,-0.1206,FALSE,,,,,,,
2018,31/08/2023,3.56,648,5,EURO3,3,1000,1.186666667,0.648,>2016,0.2,0.037333333,-0.0704,FALSE,,,,,,,
2018,27/09/2023,5.47,7248,5,EURO3,3,1000,1.823333333,7.248,>2016,0.2,0.164666667,1.2496,FALSE,,,,,,,
2018,04/09/2023,0.54,1371,5,EURO3,3,1000,0.18,1.371,>2016,0.2,-0.164,0.0742,FALSE,,,,,,,
2018,11/09/2023,3.43,1138,5,EURO3,3,1000,1.143333333,1.138,>2016,0.2,0.028666667,0.0276,FALSE,,,,,,,
2018,05/09/2023,3.5,482,5,EURO3,3,1000,1.166666667,0.482,>2016,0.2,0.033333333,-0.1036,FALSE,,,,,,,
2018,02/02/2023,3.46,1423,5,EURO3,3,1000,1.153333333,1.423,>2016,0.2,0.030666667,0.0846,FALSE,,,,,,,
2018,05/09/2023,4.49,935,5,EURO3,3,1000,1.496666667,0.935,>2016,0.2,0.099333333,-0.013,FALSE,,,,,,,
2018,30/08/2023,4.31,1599,5,EURO3,3,1000,1.436666667,1.599,>2016,0.2,0.087333333,0.1198,FALSE,,,,,,,
2018,29/08/2023,4.8,140,5,EURO3,3,1000,1.6,0.14,>2016,0.2,0.12,-0.172,FALSE,,,,,,,
2018,26/02/2025,3.74,497,7,EURO3,3,1000,1.246666667,0.497,>2016,0.2,0.049333333,-0.1006,FALSE,,,,,,,
2018,25/07/2023,6.47,767,5,EURO3,3,1000,2.156666667,0.767,>2016,0.2,0.231333333,-0.0466,FALSE,,,,,,,
2018,23/08/2023,6.09,560,5,EURO3,3,1000,2.03,0.56,>2016,0.2,0.206,-0.088,FALSE,,,,,,,
2018,02/11/2023,6.06,406,5,EURO3,3,1000,2.02,0.406,>2016,0.2,0.204,-0.1188,FALSE,,,,,,,
2018,31/08/2023,0,1011,5,EURO3,3,1000,0,1.011,>2016,0.2,-0.2,0.0022,FALSE,,,,,,,
2018,30/08/2023,7.98,378,5,EURO3,3,1000,2.66,0.378,>2016,0.2,0.332,-0.1244,FALSE,,,,,,,
2018,21/10/2023,13.8,241,5,EURO3,3,1000,4.6,0.241,>2016,0.2,0.72,-0.1518,FALSE,,,,,,,
2018,03/07/2024,6.37,256,6,EURO3,3,1000,2.123333333,0.256,>2016,0.2,0.224666667,-0.1488,FALSE,,,,,,,
2018,07/09/2023,1.22,2189,5,EURO3,3,1000,0.406666667,2.189,>2016,0.2,-0.118666667,0.2378,FALSE,,,,,,,
2018,31/08/2023,5.68,163,5,EURO3,3,1000,1.893333333,0.163,>2016,0.2,0.178666667,-0.1674,FALSE,,,,,,,
2018,27/08/2023,0.48,2130,5,EURO3,3,1000,0.16,2.13,>2016,0.2,-0.168,0.226,FALSE,,,,,,,
2018,29/08/2023,7.4,111,5,EURO3,3,1000,2.466666667,0.111,>2016,0.2,0.293333333,-0.1778,FALSE,,,,,,,
2018,03/09/2023,0,1411,5,EURO3,3,1000,0,1.411,>2016,0.2,-0.2,0.0822,FALSE,,,,,,,
2018,30/08/2023,3.73,1655,5,EURO3,3,1000,1.243333333,1.655,>2016,0.2,0.048666667,0.131,FALSE,,,,,,,
2018,06/09/2023,3.19,782,5,EURO3,3,1000,1.063333333,0.782,>2016,0.2,0.012666667,-0.0436,FALSE,,,,,,,
2018,06/09/2023,8.48,777,5,EURO3,3,1000,2.826666667,0.777,>2016,0.2,0.365333333,-0.0446,FALSE,,,,,,,
2018,09/09/2023,9.5,576,5,EURO3,3,1000,3.166666667,0.576,>2016,0.2,0.433333333,-0.0848,FALSE,,,,,,,
2018,10/09/2023,1.8,1181,5,EURO3,3,1000,0.6,1.181,>2016,0.2,-0.08,0.0362,FALSE,,,,,,,
2018,03/09/2023,2.17,1121,5,EURO3,3,1000,0.723333333,1.121,>2016,0.2,-0.055333333,0.0242,FALSE,,,,,,,
2018,02/09/2023,13.1,168,5,EURO3,3,1000,4.366666667,0.168,>2016,0.2,0.673333333,-0.1664,FALSE,,,,,,,
2018,13/09/2023,1.19,1103,5,EURO3,3,1000,0.396666667,1.103,>2016,0.2,-0.120666667,0.0206,FALSE,,,,,,,
2018,13/09/2023,4.32,495,5,EURO3,3,1000,1.44,0.495,>2016,0.2,0.088,-0.101,FALSE,,,,,,,
2018,05/09/2023,8.1,278,5,EURO3,3,1000,2.7,0.278,>2016,0.2,0.34,-0.1444,FALSE,,,,,,,
2018,03/09/2023,0.38,1333,5,EURO3,3,1000,0.126666667,1.333,>2016,0.2,-0.174666667,0.0666,FALSE,,,,,,,
2018,27/11/2023,3.3,200,5,EURO3,3,1000,1.1,0.2,>2016,0.2,0.02,-0.16,FALSE,,,,,,,
2018,10/10/2023,0.62,1002,5,EURO3,3,1000,0.206666667,1.002,>2016,0.2,-0.158666667,0.0004,FALSE,,,,,,,
2018,01/09/2023,3.98,641,5,EURO3,3,1000,1.326666667,0.641,>2016,0.2,0.065333333,-0.0718,FALSE,,,,,,,
2018,07/09/2023,3.06,223,5,EURO3,3,1000,1.02,0.223,>2016,0.2,0.004,-0.1554,FALSE,,,,,,,
2018,26/09/2023,4.93,302,5,EURO3,3,1000,1.643333333,0.302,>2016,0.2,0.128666667,-0.1396,FALSE,,,,,,,
2018,04/07/2023,1.49,1182,5,EURO3,3,1000,0.496666667,1.182,>2016,0.2,-0.100666667,0.0364,FALSE,,,,,,,
2018,30/08/2023,14,134,5,EURO3,3,1000,4.666666667,0.134,>2016,0.2,0.733333333,-0.1732,FALSE,,,,,,,
2018,07/11/2023,4.07,947,5,EURO3,3,1000,1.356666667,0.947,>2016,0.2,0.071333333,-0.0106,FALSE,,,,,,,
2018,26/01/2023,4.43,5.02,5,EURO3,3,1000,1.476666667,0.00502,>2016,0.2,0.095333333,-0.198996,FALSE,,,,,,,
2018,05/09/2023,12.5,86,5,EURO3,3,1000,4.166666667,0.086,>2016,0.2,0.633333333,-0.1828,FALSE,,,,,,,
2018,09/09/2023,7.49,765,5,EURO3,3,1000,2.496666667,0.765,>2016,0.2,0.299333333,-0.047,FALSE,,,,,,,
2018,21/02/2024,5.88,213,6,EURO3,3,1000,1.96,0.213,>2016,0.2,0.192,-0.1574,FALSE,,,,,,,
2018,31/08/2023,0.57,1233,5,EURO3,3,1000,0.19,1.233,>2016,0.2,-0.162,0.0466,FALSE,,,,,,,
2018,17/09/2023,4.16,573,5,EURO3,3,1000,1.386666667,0.573,>2016,0.2,0.077333333,-0.0854,FALSE,,,,,,,
2018,05/09/2023,4.87,1.53,5,EURO3,3,1000,1.623333333,0.00153,>2016,0.2,0.124666667,-0.199694,FALSE,,,,,,,
2018,24/08/2023,3.22,809,5,EURO3,3,1000,1.073333333,0.809,>2016,0.2,0.014666667,-0.0382,FALSE,,,,,,,
2018,11/05/2023,4.74,316,5,EURO3,3,1000,1.58,0.316,>2016,0.2,0.116,-0.1368,FALSE,,,,,,,
2018,22/05/2024,5.32,483,6,EURO3,3,1000,1.773333333,0.483,>2016,0.2,0.154666667,-0.1034,FALSE,,,,,,,
2018,29/08/2023,3.75,269,5,EURO3,3,1000,1.25,0.269,>2016,0.2,0.05,-0.1462,FALSE,,,,,,,
2018,12/09/2023,4.16,470,5,EURO3,3,1000,1.386666667,0.47,>2016,0.2,0.077333333,-0.106,FALSE,,,,,,,
2018,01/09/2023,0.76,1698,5,EURO3,3,1000,0.253333333,1.698,>2016,0.2,-0.149333333,0.1396,FALSE,,,,,,,
2018,09/02/2023,11.12,1923,5,EURO3,3,1000,3.706666667,1.923,>2016,0.2,0.541333333,0.1846,FALSE,,,,,,,
2018,29/08/2023,3.14,468,5,EURO3,3,1000,1.046666667,0.468,>2016,0.2,0.009333333,-0.1064,FALSE,,,,,,,
2018,03/09/2023,1.11,1239,5,EURO3,3,1000,0.37,1.239,>2016,0.2,-0.126,0.0478,FALSE,,,,,,,
2018,04/09/2023,3.31,425,5,EURO3,3,1000,1.103333333,0.425,>2016,0.2,0.020666667,-0.115,FALSE,,,,,,,
2018,02/08/2023,9.99,0,5,EURO3,3,1000,3.33,0,>2016,0.2,0.466,-0.2,FALSE,,,,,,,
2018,12/11/2024,6.73,394,6,EURO3,3,1000,2.243333333,0.394,>2016,0.2,0.248666667,-0.1212,FALSE,,,,,,,
2018,23/05/2023,3.98,594,5,EURO3,3,1000,1.326666667,0.594,>2016,0.2,0.065333333,-0.0812,FALSE,,,,,,,
2018,27/08/2024,3.15,540,6,EURO3,3,1000,1.05,0.54,>2016,0.2,0.01,-0.092,FALSE,,,,,,,
2018,28/09/2023,5.47,534,5,EURO3,3,1000,1.823333333,0.534,>2016,0.2,0.164666667,-0.0932,FALSE,,,,,,,
2018,01/08/2023,6.78,648,5,EURO3,3,1000,2.26,0.648,>2016,0.2,0.252,-0.0704,FALSE,,,,,,,
2018,29/10/2023,12.5,266,5,EURO3,3,1000,4.166666667,0.266,>2016,0.2,0.633333333,-0.1468,FALSE,,,,,,,
2018,13/12/2023,5.6,242,5,EURO3,3,1000,1.866666667,0.242,>2016,0.2,0.173333333,-0.1516,FALSE,,,,,,,
2018,29/08/2023,11.2,1029,5,EURO3,3,1000,3.733333333,1.029,>2016,0.2,0.546666667,0.0058,FALSE,,,,,,,
2018,04/10/2023,8.07,739,5,EURO3,3,1000,2.69,0.739,>2016,0.2,0.338,-0.0522,FALSE,,,,,,,
2018,30/04/2024,3.97,795,6,EURO3,3,1000,1.323333333,0.795,>2016,0.2,0.064666667,-0.041,FALSE,,,,,,,
2018,06/09/2023,3.78,493,5,EURO3,3,1000,1.26,0.493,>2016,0.2,0.052,-0.1014,FALSE,,,,,,,
2018,11/09/2023,3.6,255,5,EURO3,3,1000,1.2,0.255,>2016,0.2,0.04,-0.149,FALSE,,,,,,,
2018,19/02/2025,5.71,580,7,EURO3,3,1000,1.903333333,0.58,>2016,0.2,0.180666667,-0.084,FALSE,,,,,,,
2018,07/08/2023,3.47,344,5,EURO3,3,1000,1.156666667,0.344,>2016,0.2,0.031333333,-0.1312,FALSE,,,,,,,
2018,05/09/2023,4.34,1848,5,EURO3,3,1000,1.446666667,1.848,>2016,0.2,0.089333333,0.1696,FALSE,,,,,,,
2018,05/09/2023,5.9,643,5,EURO3,3,1000,1.966666667,0.643,>2016,0.2,0.193333333,-0.0714,FALSE,,,,,,,
2018,18/10/2023,3.24,177,5,EURO3,3,1000,1.08,0.177,>2016,0.2,0.016,-0.1646,FALSE,,,,,,,
2018,08/09/2023,6.73,1188,5,EURO3,3,1000,2.243333333,1.188,>2016,0.2,0.248666667,0.0376,FALSE,,,,,,,
2018,30/08/2023,3.08,1255,5,EURO3,3,1000,1.026666667,1.255,>2016,0.2,0.005333333,0.051,FALSE,,,,,,,
2018,10/06/2024,5.34,441,6,EURO3,3,1000,1.78,0.441,>2016,0.2,0.156,-0.1118,FALSE,,,,,,,
2018,18/07/2023,5.23,536,5,EURO3,3,1000,1.743333333,0.536,>2016,0.2,0.148666667,-0.0928,FALSE,,,,,,,
2018,20/09/2023,7.4,710,5,EURO3,3,1000,2.466666667,0.71,>2016,0.2,0.293333333,-0.058,FALSE,,,,,,,
2018,12/09/2023,3.48,1900,5,EURO3,3,1000,1.16,1.9,>2016,0.2,0.032,0.18,FALSE,,,,,,,
2018,01/09/2023,3.29,149,5,EURO3,3,1000,1.096666667,0.149,>2016,0.2,0.019333333,-0.1702,FALSE,,,,,,,
2018,05/09/2023,1.15,1500,5,EURO3,3,1000,0.383333333,1.5,>2016,0.2,-0.123333333,0.1,FALSE,,,,,,,
2018,06/09/2023,8.11,865,5,EURO3,3,1000,2.703333333,0.865,>2016,0.2,0.340666667,-0.027,FALSE,,,,,,,
2018,04/09/2023,3.29,196,5,EURO3,3,1000,1.096666667,0.196,>2016,0.2,0.019333333,-0.1608,FALSE,,,,,,,
2018,21/11/2023,3.01,271,5,EURO3,3,1000,1.003333333,0.271,>2016,0.2,0.000666667,-0.1458,FALSE,,,,,,,
2018,05/09/2023,4.81,441,5,EURO3,3,1000,1.603333333,0.441,>2016,0.2,0.120666667,-0.1118,FALSE,,,,,,,
2018,27/06/2023,4.28,497,5,EURO3,3,1000,1.426666667,0.497,>2016,0.2,0.085333333,-0.1006,FALSE,,,,,,,
2018,16/10/2023,1.95,2040,5,EURO3,3,1000,0.65,2.04,>2016,0.2,-0.07,0.208,FALSE,,,,,,,
2018,05/04/2023,3.21,180,5,EURO3,3,1000,1.07,0.18,>2016,0.2,0.014,-0.164,FALSE,,,,,,,
2018,26/01/2023,3.06,260,5,EURO3,3,1000,1.02,0.26,>2016,0.2,0.004,-0.148,FALSE,,,,,,,
2018,02/02/2023,2.31,1599,5,EURO3,3,1000,0.77,1.599,>2016,0.2,-0.046,0.1198,FALSE,,,,,,,
2018,03/07/2023,2.64,1965,5,EURO3,3,1000,0.88,1.965,>2016,0.2,-0.024,0.193,FALSE,,,,,,,
2018,09/10/2023,7.14,4837,5,EURO3,3,1000,2.38,4.837,>2016,0.2,0.276,0.7674,FALSE,,,,,,,
2018,19/09/2023,3.52,791,5,EURO3,3,1000,1.173333333,0.791,>2016,0.2,0.034666667,-0.0418,FALSE,,,,,,,
2018,01/05/2023,4.78,496,5,EURO3,3,1000,1.593333333,0.496,>2016,0.2,0.118666667,-0.1008,FALSE,,,,,,,
2018,05/09/2023,1.98,1659,5,EURO3,3,1000,0.66,1.659,>2016,0.2,-0.068,0.1318,FALSE,,,,,,,
2018,09/12/2023,12.1,426,5,EURO3,3,1000,4.033333333,0.426,>2016,0.2,0.606666667,-0.1148,FALSE,,,,,,,
2018,08/09/2023,9.8,1426,5,EURO3,3,1000,3.266666667,1.426,>2016,0.2,0.453333333,0.0852,FALSE,,,,,,,
2018,07/10/2023,3.03,542,5,EURO3,3,1000,1.01,0.542,>2016,0.2,0.002,-0.0916,FALSE,,,,,,,
2018,28/08/2023,16.4,577,5,EURO3,3,1000,5.466666667,0.577,>2016,0.2,0.893333333,-0.0846,FALSE,,,,,,,
2018,29/08/2023,4.48,818,5,EURO3,3,1000,1.493333333,0.818,>2016,0.2,0.098666667,-0.0364,FALSE,,,,,,,
2018,07/09/2023,9.56,510,5,EURO3,3,1000,3.186666667,0.51,>2016,0.2,0.437333333,-0.098,FALSE,,,,,,,
2018,05/09/2023,1.85,1911,5,EURO3,3,1000,0.616666667,1.911,>2016,0.2,-0.076666667,0.1822,FALSE,,,,,,,
2018,15/06/2023,3.51,198,5,EURO3,3,1000,1.17,0.198,>2016,0.2,0.034,-0.1604,FALSE,,,,,,,
2018,27/10/2023,4.4,591,5,EURO3,3,1000,1.466666667,0.591,>2016,0.2,0.093333333,-0.0818,FALSE,,,,,,,
2018,30/10/2023,3.06,192,5,EURO3,3,1000,1.02,0.192,>2016,0.2,0.004,-0.1616,FALSE,,,,,,,
2018,01/09/2023,5.13,464,5,EURO3,3,1000,1.71,0.464,>2016,0.2,0.142,-0.1072,FALSE,,,,,,,
2018,11/09/2023,4.25,387,5,EURO3,3,1000,1.416666667,0.387,>2016,0.2,0.083333333,-0.1226,FALSE,,,,,,,
2018,09/09/2023,1.59,1368,5,EURO3,3,1000,0.53,1.368,>2016,0.2,-0.094,0.0736,FALSE,,,,,,,
2018,30/08/2023,16.8,452,5,EURO3,3,1000,5.6,0.452,>2016,0.2,0.92,-0.1096,FALSE,,,,,,,
2018,30/08/2023,4.28,1093,5,EURO3,3,1000,1.426666667,1.093,>2016,0.2,0.085333333,0.0186,FALSE,,,,,,,
2018,05/09/2023,3.25,537,5,EURO3,3,1000,1.083333333,0.537,>2016,0.2,0.016666667,-0.0926,FALSE,,,,,,,
2018,05/09/2023,6.78,552,5,EURO3,3,1000,2.26,0.552,>2016,0.2,0.252,-0.0896,FALSE,,,,,,,
2018,01/09/2023,1.57,1482,5,EURO3,3,1000,0.523333333,1.482,>2016,0.2,-0.095333333,0.0964,FALSE,,,,,,,
2018,31/08/2023,7.14,1052,5,EURO3,3,1000,2.38,1.052,>2016,0.2,0.276,0.0104,FALSE,,,,,,,
2018,09/12/2023,2.26,1000,5,EURO3,3,1000,0.753333333,1,>2016,0.2,-0.049333333,0,FALSE,,,,,,,
2018,02/09/2023,4.31,836,5,EURO3,3,1000,1.436666667,0.836,>2016,0.2,0.087333333,-0.0328,FALSE,,,,,,,
2018,05/09/2023,3.39,465,5,EURO3,3,1000,1.13,0.465,>2016,0.2,0.026,-0.107,FALSE,,,,,,,
2018,12/11/2024,5.83,4650,6,EURO3,3,1000,1.943333333,4.65,>2016,0.2,0.188666667,0.73,FALSE,,,,,,,
2018,02/11/2023,3.54,534,5,EURO3,3,1000,1.18,0.534,>2016,0.2,0.036,-0.0932,FALSE,,,,,,,
2018,19/09/2023,4.44,104,5,EURO3,3,1000,1.48,0.104,>2016,0.2,0.096,-0.1792,FALSE,,,,,,,
2018,09/09/2023,4.48,915,5,EURO3,3,1000,1.493333333,0.915,>2016,0.2,0.098666667,-0.017,FALSE,,,,,,,
2018,04/10/2023,3.18,230,5,EURO3,3,1000,1.06,0.23,>2016,0.2,0.012,-0.154,FALSE,,,,,,,
2018,18/10/2023,5.06,177,5,EURO3,3,1000,1.686666667,0.177,>2016,0.2,0.137333333,-0.1646,FALSE,,,,,,,
2018,21/09/2023,5.8,437,5,EURO3,3,1000,1.933333333,0.437,>2016,0.2,0.186666667,-0.1126,FALSE,,,,,,,
2018,10/09/2023,1.94,1827,5,EURO3,3,1000,0.646666667,1.827,>2016,0.2,-0.070666667,0.1654,FALSE,,,,,,,
2018,03/04/2024,6.94,95,6,EURO3,3,1000,2.313333333,0.095,>2016,0.2,0.262666667,-0.181,FALSE,,,,,,,
2018,23/08/2023,3.79,427,5,EURO3,3,1000,1.263333333,0.427,>2016,0.2,0.052666667,-0.1146,FALSE,,,,,,,
2018,05/06/2023,7.71,527,5,EURO3,3,1000,2.57,0.527,>2016,0.2,0.314,-0.0946,FALSE,,,,,,,
2018,09/09/2023,11.6,230,5,EURO3,3,1000,3.866666667,0.23,>2016,0.2,0.573333333,-0.154,FALSE,,,,,,,
2018,28/08/2023,3.23,1861,5,EURO3,3,1000,1.076666667,1.861,>2016,0.2,0.015333333,0.1722,FALSE,,,,,,,
2018,30/08/2023,9.1,126,5,EURO3,3,1000,3.033333333,0.126,>2016,0.2,0.406666667,-0.1748,FALSE,,,,,,,
2018,05/09/2023,2.14,1019,5,EURO3,3,1000,0.713333333,1.019,>2016,0.2,-0.057333333,0.0038,FALSE,,,,,,,
2018,10/09/2023,1.98,2058,5,EURO3,3,1000,0.66,2.058,>2016,0.2,-0.068,0.2116,FALSE,,,,,,,
2018,08/09/2023,0.18,1367,5,EURO3,3,1000,0.06,1.367,>2016,0.2,-0.188,0.0734,FALSE,,,,,,,
2018,31/08/2023,3.52,746,5,EURO3,3,1000,1.173333333,0.746,>2016,0.2,0.034666667,-0.0508,FALSE,,,,,,,
2018,04/12/2024,3.54,116,6,EURO3,3,1000,1.18,0.116,>2016,0.2,0.036,-0.1768,FALSE,,,,,,,
2018,09/11/2023,1.95,1000,5,EURO3,3,1000,0.65,1,>2016,0.2,-0.07,0,FALSE,,,,,,,
2018,17/09/2023,1.16,1059,5,EURO3,3,1000,0.386666667,1.059,>2016,0.2,-0.122666667,0.0118,FALSE,,,,,,,
2018,02/09/2023,0.79,1398,5,EURO3,3,1000,0.263333333,1.398,>2016,0.2,-0.147333333,0.0796,FALSE,,,,,,,
2018,23/08/2023,7.14,449,5,EURO3,3,1000,2.38,0.449,>2016,0.2,0.276,-0.1102,FALSE,,,,,,,
2018,05/12/2023,6.26,2497,5,EURO3,3,1000,2.086666667,2.497,>2016,0.2,0.217333333,0.2994,FALSE,,,,,,,
2018,17/09/2023,0.77,1155,5,EURO3,3,1000,0.256666667,1.155,>2016,0.2,-0.148666667,0.031,FALSE,,,,,,,
2018,20/09/2023,3.58,449,5,EURO3,3,1000,1.193333333,0.449,>2016,0.2,0.038666667,-0.1102,FALSE,,,,,,,
2018,30/08/2023,7.02,861,5,EURO3,3,1000,2.34,0.861,>2016,0.2,0.268,-0.0278,FALSE,,,,,,,
2018,18/07/2023,3.86,492,5,EURO3,3,1000,1.286666667,0.492,>2016,0.2,0.057333333,-0.1016,FALSE,,,,,,,
2018,05/06/2023,4.39,358,5,EURO3,3,1000,1.463333333,0.358,>2016,0.2,0.092666667,-0.1284,FALSE,,,,,,,
2018,31/08/2023,4.67,1188,5,EURO3,3,1000,1.556666667,1.188,>2016,0.2,0.111333333,0.0376,FALSE,,,,,,,
2018,11/09/2024,7.76,795,6,EURO3,3,1000,2.586666667,0.795,>2016,0.2,0.317333333,-0.041,FALSE,,,,,,,
2018,23/09/2023,12.2,215,5,EURO3,3,1000,4.066666667,0.215,>2016,0.2,0.613333333,-0.157,FALSE,,,,,,,
2018,29/08/2023,5.01,404,5,EURO3,3,1000,1.67,0.404,>2016,0.2,0.134,-0.1192,FALSE,,,,,,,
2018,17/09/2023,3.37,403,5,EURO3,3,1000,1.123333333,0.403,>2016,0.2,0.024666667,-0.1194,FALSE,,,,,,,
2018,19/09/2023,8.15,2640,5,EURO3,3,1000,2.716666667,2.64,>2016,0.2,0.343333333,0.328,FALSE,,,,,,,
2018,05/09/2023,11.8,1184,5,EURO3,3,1000,3.933333333,1.184,>2016,0.2,0.586666667,0.0368,FALSE,,,,,,,
2018,02/02/2023,2.54,1095,5,EURO3,3,1000,0.846666667,1.095,>2016,0.2,-0.030666667,0.019,FALSE,,,,,,,
2018,03/02/2023,7.31,358,5,EURO3,3,1000,2.436666667,0.358,>2016,0.2,0.287333333,-0.1284,FALSE,,,,,,,
2018,16/05/2023,9.6,1041,5,EURO3,3,1000,3.2,1.041,>2016,0.2,0.44,0.0082,FALSE,,,,,,,
2018,26/09/2023,3.82,127,5,EURO3,3,1000,1.273333333,0.127,>2016,0.2,0.054666667,-0.1746,FALSE,,,,,,,
2018,03/09/2023,1.28,1243,5,EURO3,3,1000,0.426666667,1.243,>2016,0.2,-0.114666667,0.0486,FALSE,,,,,,,
2018,03/10/2023,4.41,280,5,EURO3,3,1000,1.47,0.28,>2016,0.2,0.094,-0.144,FALSE,,,,,,,
2018,02/09/2023,12.8,448,5,EURO3,3,1000,4.266666667,0.448,>2016,0.2,0.653333333,-0.1104,FALSE,,,,,,,
2018,25/07/2023,1.5,1208,5,EURO3,3,1000,0.5,1.208,>2016,0.2,-0.1,0.0416,FALSE,,,,,,,
2018,25/09/2024,5.77,1261,6,EURO3,3,1000,1.923333333,1.261,>2016,0.2,0.184666667,0.0522,FALSE,,,,,,,
2018,31/08/2023,1.95,1120,5,EURO3,3,1000,0.65,1.12,>2016,0.2,-0.07,0.024,FALSE,,,,,,,
2018,24/08/2023,5.82,1044,5,EURO3,3,1000,1.94,1.044,>2016,0.2,0.188,0.0088,FALSE,,,,,,,
2018,09/10/2023,4.36,20,5,EURO3,3,1000,1.453333333,0.02,>2016,0.2,0.090666667,-0.196,FALSE,,,,,,,
2018,07/03/2024,6.16,184,6,EURO3,3,1000,2.053333333,0.184,>2016,0.2,0.210666667,-0.1632,FALSE,,,,,,,
2018,12/12/2023,3.01,980,5,EURO3,3,1000,1.003333333,0.98,>2016,0.2,0.000666667,-0.004,FALSE,,,,,,,
2019,16/10/2023,3.4,503,4,EURO3,3,1000,1.133333333,0.503,>2016,0.2,0.026666667,-0.0994,FALSE,,,,,,,
2019,30/08/2023,19,411,4,EURO3,3,1000,6.333333333,0.411,>2016,0.2,1.066666667,-0.1178,FALSE,,,,,,,
2019,11/06/2024,1.28,2030,5,EURO3,3,1000,0.426666667,2.03,>2016,0.2,-0.114666667,0.206,FALSE,,,,,,,
2019,01/05/2023,3.2,345,4,EURO3,3,1000,1.066666667,0.345,>2016,0.2,0.013333333,-0.131,FALSE,,,,,,,
2019,10/10/2023,4.45,625,4,EURO3,3,1000,1.483333333,0.625,>2016,0.2,0.096666667,-0.075,FALSE,,,,,,,
2019,02/12/2023,7.05,3260,4,EURO3,3,1000,2.35,3.26,>2016,0.2,0.27,0.452,FALSE,,,,,,,
2019,22/09/2023,3.54,615,4,EURO3,3,1000,1.18,0.615,>2016,0.2,0.036,-0.077,FALSE,,,,,,,
2019,14/09/2023,1.12,1314,4,EURO3,3,1000,0.373333333,1.314,>2016,0.2,-0.125333333,0.0628,FALSE,,,,,,,
2019,07/09/2023,2.89,1398,4,EURO3,3,1000,0.963333333,1.398,>2016,0.2,-0.007333333,0.0796,FALSE,,,,,,,
2019,06/09/2023,4.24,187,4,EURO3,3,1000,1.413333333,0.187,>2016,0.2,0.082666667,-0.1626,FALSE,,,,,,,
2019,30/08/2023,3.28,509,4,EURO3,3,1000,1.093333333,0.509,>2016,0.2,0.018666667,-0.0982,FALSE,,,,,,,
2019,04/09/2023,1.9,1563,4,EURO3,3,1000,0.633333333,1.563,>2016,0.2,-0.073333333,0.1126,FALSE,,,,,,,
2019,30/08/2023,0.93,3416,4,EURO3,3,1000,0.31,3.416,>2016,0.2,-0.138,0.4832,FALSE,,,,,,,
2019,14/03/2024,4.31,524,5,EURO3,3,1000,1.436666667,0.524,>2016,0.2,0.087333333,-0.0952,FALSE,,,,,,,
2019,01/09/2023,3.19,304,4,EURO3,3,1000,1.063333333,0.304,>2016,0.2,0.012666667,-0.1392,FALSE,,,,,,,
2019,04/09/2023,3.09,1694,4,EURO3,3,1000,1.03,1.694,>2016,0.2,0.006,0.1388,FALSE,,,,,,,
2019,30/11/2023,5.489,606,4,EURO3,3,1000,1.829666667,0.606,>2016,0.2,0.165933333,-0.0788,FALSE,,,,,,,
2019,06/09/2023,0.81,1023,4,EURO3,3,1000,0.27,1.023,>2016,0.2,-0.146,0.0046,FALSE,,,,,,,
2019,12/11/2024,9.99,1898,5,EURO3,3,1000,3.33,1.898,>2016,0.2,0.466,0.1796,FALSE,,,,,,,
2019,30/09/2023,4.29,381,4,EURO3,3,1000,1.43,0.381,>2016,0.2,0.086,-0.1238,FALSE,,,,,,,
2019,14/09/2023,4.23,325,4,EURO3,3,1000,1.41,0.325,>2016,0.2,0.082,-0.135,FALSE,,,,,,,
2019,28/08/2023,3.48,4876,4,EURO3,3,1000,1.16,4.876,>2016,0.2,0.032,0.7752,FALSE,,,,,,,
2019,21/09/2023,3.89,534,4,EURO3,3,1000,1.296666667,0.534,>2016,0.2,0.059333333,-0.0932,FALSE,,,,,,,
2019,26/04/2024,5.82,640,5,EURO3,3,1000,1.94,0.64,>2016,0.2,0.188,-0.072,FALSE,,,,,,,
2019,01/09/2023,3.49,949,4,EURO3,3,1000,1.163333333,0.949,>2016,0.2,0.032666667,-0.0102,FALSE,,,,,,,
2019,17/09/2023,3.66,604,4,EURO3,3,1000,1.22,0.604,>2016,0.2,0.044,-0.0792,FALSE,,,,,,,
2019,07/12/2023,7.8,267,4,EURO3,3,1000,2.6,0.267,>2016,0.2,0.32,-0.1466,FALSE,,,,,,,
2019,06/09/2023,1.98,1451,4,EURO3,3,1000,0.66,1.451,>2016,0.2,-0.068,0.0902,FALSE,,,,,,,
2019,24/08/2023,3.63,818,4,EURO3,3,1000,1.21,0.818,>2016,0.2,0.042,-0.0364,FALSE,,,,,,,
2019,07/09/2023,3.16,510,4,EURO3,3,1000,1.053333333,0.51,>2016,0.2,0.010666667,-0.098,FALSE,,,,,,,
2019,30/08/2023,14.2,416,4,EURO3,3,1000,4.733333333,0.416,>2016,0.2,0.746666667,-0.1168,FALSE,,,,,,,
2019,02/12/2023,3.23,1247,4,EURO3,3,1000,1.076666667,1.247,>2016,0.2,0.015333333,0.0494,FALSE,,,,,,,
2019,27/10/2023,0.7,1000,4,EURO3,3,1000,0.233333333,1,>2016,0.2,-0.153333333,0,FALSE,,,,,,,
2019,25/09/2023,5.76,100,4,EURO3,3,1000,1.92,0.1,>2016,0.2,0.184,-0.18,FALSE,,,,,,,
2019,25/07/2023,4.98,230,4,EURO3,3,1000,1.66,0.23,>2016,0.2,0.132,-0.154,FALSE,,,,,,,
2019,13/09/2023,3.4,328,4,EURO3,3,1000,1.133333333,0.328,>2016,0.2,0.026666667,-0.1344,FALSE,,,,,,,
2019,16/11/2023,4.45,1162,4,EURO3,3,1000,1.483333333,1.162,>2016,0.2,0.096666667,0.0324,FALSE,,,,,,,
2019,05/06/2023,3.07,911,4,EURO3,3,1000,1.023333333,0.911,>2016,0.2,0.004666667,-0.0178,FALSE,,,,,,,
2019,05/09/2023,13.6,422,4,EURO3,3,1000,4.533333333,0.422,>2016,0.2,0.706666667,-0.1156,FALSE,,,,,,,
2019,17/09/2023,2.02,1840,4,EURO3,3,1000,0.673333333,1.84,>2016,0.2,-0.065333333,0.168,FALSE,,,,,,,
2019,21/03/2024,4.83,76,5,EURO3,3,1000,1.61,0.076,>2016,0.2,0.122,-0.1848,FALSE,,,,,,,
2019,17/10/2023,9.3,151,4,EURO3,3,1000,3.1,0.151,>2016,0.2,0.42,-0.1698,FALSE,,,,,,,
2019,13/09/2023,6.87,3613,4,EURO3,3,1000,2.29,3.613,>2016,0.2,0.258,0.5226,FALSE,,,,,,,
2019,12/06/2023,3.94,403,4,EURO3,3,1000,1.313333333,0.403,>2016,0.2,0.062666667,-0.1194,FALSE,,,,,,,
2019,01/09/2023,4.13,601,4,EURO3,3,1000,1.376666667,0.601,>2016,0.2,0.075333333,-0.0798,FALSE,,,,,,,
2019,25/10/2023,3.53,393,4,EURO3,3,1000,1.176666667,0.393,>2016,0.2,0.035333333,-0.1214,FALSE,,,,,,,
2019,06/09/2023,12.2,290,4,EURO3,3,1000,4.066666667,0.29,>2016,0.2,0.613333333,-0.142,FALSE,,,,,,,
2019,02/09/2023,3.88,261,4,EURO3,3,1000,1.293333333,0.261,>2016,0.2,0.058666667,-0.1478,FALSE,,,,,,,
2019,09/09/2023,10.32,700,4,EURO3,3,1000,3.44,0.7,>2016,0.2,0.488,-0.06,FALSE,,,,,,,
2019,05/09/2023,3.5,685,4,EURO3,3,1000,1.166666667,0.685,>2016,0.2,0.033333333,-0.063,FALSE,,,,,,,
2019,29/10/2023,3,786,4,EURO3,3,1000,1,0.786,>2016,0.2,0,-0.0428,FALSE,,,,,,,
2019,09/02/2023,7.1,84,4,EURO3,3,1000,2.366666667,0.084,>2016,0.2,0.273333333,-0.1832,FALSE,,,,,,,
2019,29/10/2023,13.7,105,4,EURO3,3,1000,4.566666667,0.105,>2016,0.2,0.713333333,-0.179,FALSE,,,,,,,
2019,24/08/2023,5.42,595,4,EURO3,3,1000,1.806666667,0.595,>2016,0.2,0.161333333,-0.081,FALSE,,,,,,,
2019,06/09/2023,4.15,205,4,EURO3,3,1000,1.383333333,0.205,>2016,0.2,0.076666667,-0.159,FALSE,,,,,,,
2019,30/08/2023,12.4,910,4,EURO3,3,1000,4.133333333,0.91,>2016,0.2,0.626666667,-0.018,FALSE,,,,,,,
2019,03/09/2023,3.2,412,4,EURO3,3,1000,1.066666667,0.412,>2016,0.2,0.013333333,-0.1176,FALSE,,,,,,,
2019,03/10/2024,4.06,891,5,EURO3,3,1000,1.353333333,0.891,>2016,0.2,0.070666667,-0.0218,FALSE,,,,,,,
2019,07/09/2023,0.66,1855,4,EURO3,3,1000,0.22,1.855,>2016,0.2,-0.156,0.171,FALSE,,,,,,,
2019,19/09/2023,6.57,928,4,EURO3,3,1000,2.19,0.928,>2016,0.2,0.238,-0.0144,FALSE,,,,,,,
2019,03/10/2023,3.25,257,4,EURO3,3,1000,1.083333333,0.257,>2016,0.2,0.016666667,-0.1486,FALSE,,,,,,,
2019,24/08/2023,5.36,864,4,EURO3,3,1000,1.786666667,0.864,>2016,0.2,0.157333333,-0.0272,FALSE,,,,,,,
2019,14/10/2023,3.25,1008,4,EURO3,3,1000,1.083333333,1.008,>2016,0.2,0.016666667,0.0016,FALSE,,,,,,,
2019,03/08/2023,8.15,925,4,EURO3,3,1000,2.716666667,0.925,>2016,0.2,0.343333333,-0.015,FALSE,,,,,,,
2019,31/08/2023,1.09,1094,4,EURO3,3,1000,0.363333333,1.094,>2016,0.2,-0.127333333,0.0188,FALSE,,,,,,,
2019,17/09/2023,3.04,293,4,EURO3,3,1000,1.013333333,0.293,>2016,0.2,0.002666667,-0.1414,FALSE,,,,,,,
2019,20/03/2024,5.85,92,5,EURO3,3,1000,1.95,0.092,>2016,0.2,0.19,-0.1816,FALSE,,,,,,,
2019,31/08/2023,0,1321,4,EURO3,3,1000,0,1.321,>2016,0.2,-0.2,0.0642,FALSE,,,,,,,
2019,08/09/2023,1.54,1987,4,EURO3,3,1000,0.513333333,1.987,>2016,0.2,-0.097333333,0.1974,FALSE,,,,,,,
2019,18/04/2024,3.18,6320,5,EURO3,3,1000,1.06,6.32,>2016,0.2,0.012,1.064,FALSE,,,,,,,
2019,21/08/2023,5.53,1255,4,EURO3,3,1000,1.843333333,1.255,>2016,0.2,0.168666667,0.051,FALSE,,,,,,,
2019,13/09/2023,1.23,1821,4,EURO3,3,1000,0.41,1.821,>2016,0.2,-0.118,0.1642,FALSE,,,,,,,
2019,26/01/2023,1.32,2220,4,EURO3,3,1000,0.44,2.22,>2016,0.2,-0.112,0.244,FALSE,,,,,,,
2019,13/09/2023,4.61,197,4,EURO3,3,1000,1.536666667,0.197,>2016,0.2,0.107333333,-0.1606,FALSE,,,,,,,
2019,28/08/2023,4.28,560,4,EURO3,3,1000,1.426666667,0.56,>2016,0.2,0.085333333,-0.088,FALSE,,,,,,,
2019,25/07/2023,4.26,881,4,EURO3,3,1000,1.42,0.881,>2016,0.2,0.084,-0.0238,FALSE,,,,,,,
2019,08/11/2023,1.24,1000,4,EURO3,3,1000,0.413333333,1,>2016,0.2,-0.117333333,0,FALSE,,,,,,,
2019,02/09/2023,0.54,1829,4,EURO3,3,1000,0.18,1.829,>2016,0.2,-0.164,0.1658,FALSE,,,,,,,
2019,20/03/2024,3.03,32,5,EURO3,3,1000,1.01,0.032,>2016,0.2,0.002,-0.1936,FALSE,,,,,,,
2019,10/09/2023,3.11,345,4,EURO3,3,1000,1.036666667,0.345,>2016,0.2,0.007333333,-0.131,FALSE,,,,,,,
2019,07/09/2023,0.5,1165,4,EURO3,3,1000,0.166666667,1.165,>2016,0.2,-0.166666667,0.033,FALSE,,,,,,,
2019,01/12/2023,4.51,609,4,EURO3,3,1000,1.503333333,0.609,>2016,0.2,0.100666667,-0.0782,FALSE,,,,,,,
2019,30/08/2023,3.72,172,4,EURO3,3,1000,1.24,0.172,>2016,0.2,0.048,-0.1656,FALSE,,,,,,,
2019,17/10/2024,6.94,420,5,EURO3,3,1000,2.313333333,0.42,>2016,0.2,0.262666667,-0.116,FALSE,,,,,,,
2019,06/09/2023,3.5,128,4,EURO3,3,1000,1.166666667,0.128,>2016,0.2,0.033333333,-0.1744,FALSE,,,,,,,
2019,29/08/2023,8.2,129,4,EURO3,3,1000,2.733333333,0.129,>2016,0.2,0.346666667,-0.1742,FALSE,,,,,,,
2019,16/02/2023,3.63,418,4,EURO3,3,1000,1.21,0.418,>2016,0.2,0.042,-0.1164,FALSE,,,,,,,
2019,20/02/2025,8.3,710,6,EURO3,3,1000,2.766666667,0.71,>2016,0.2,0.353333333,-0.058,FALSE,,,,,,,
2019,13/09/2023,2.76,1166,4,EURO3,3,1000,0.92,1.166,>2016,0.2,-0.016,0.0332,FALSE,,,,,,,
2019,21/09/2023,3.14,193,4,EURO3,3,1000,1.046666667,0.193,>2016,0.2,0.009333333,-0.1614,FALSE,,,,,,,
2019,30/08/2023,13.8,408,4,EURO3,3,1000,4.6,0.408,>2016,0.2,0.72,-0.1184,FALSE,,,,,,,
2019,09/09/2023,9.8,1200,4,EURO3,3,1000,3.266666667,1.2,>2016,0.2,0.453333333,0.04,FALSE,,,,,,,
2019,14/10/2023,1.42,1000,4,EURO3,3,1000,0.473333333,1,>2016,0.2,-0.105333333,0,FALSE,,,,,,,
2019,04/09/2023,6.2,1493,4,EURO3,3,1000,2.066666667,1.493,>2016,0.2,0.213333333,0.0986,FALSE,,,,,,,
2019,11/05/2023,2.6,1741,4,EURO3,3,1000,0.866666667,1.741,>2016,0.2,-0.026666667,0.1482,FALSE,,,,,,,
2019,31/08/2023,5.63,1539,4,EURO3,3,1000,1.876666667,1.539,>2016,0.2,0.175333333,0.1078,FALSE,,,,,,,
2019,28/08/2023,3.18,317,4,EURO3,3,1000,1.06,0.317,>2016,0.2,0.012,-0.1366,FALSE,,,,,,,
2019,03/09/2023,9.1,1061,4,EURO3,3,1000,3.033333333,1.061,>2016,0.2,0.406666667,0.0122,FALSE,,,,,,,
2019,06/09/2023,0.8,1133,4,EURO3,3,1000,0.266666667,1.133,>2016,0.2,-0.146666667,0.0266,FALSE,,,,,,,
2019,29/08/2023,10.2,121,4,EURO3,3,1000,3.4,0.121,>2016,0.2,0.48,-0.1758,FALSE,,,,,,,
2019,28/08/2023,5.32,120,4,EURO3,3,1000,1.773333333,0.12,>2016,0.2,0.154666667,-0.176,FALSE,,,,,,,
2019,21/09/2023,3.3,1769,4,EURO3,3,1000,1.1,1.769,>2016,0.2,0.02,0.1538,FALSE,,,,,,,
2019,01/09/2023,6.73,1079,4,EURO3,3,1000,2.243333333,1.079,>2016,0.2,0.248666667,0.0158,FALSE,,,,,,,
2019,26/04/2024,3.56,195,5,EURO3,3,1000,1.186666667,0.195,>2016,0.2,0.037333333,-0.161,FALSE,,,,,,,
2019,12/09/2023,3.31,564,4,EURO3,3,1000,1.103333333,0.564,>2016,0.2,0.020666667,-0.0872,FALSE,,,,,,,
2019,28/08/2023,3.58,2295,4,EURO3,3,1000,1.193333333,2.295,>2016,0.2,0.038666667,0.259,FALSE,,,,,,,
2019,28/08/2023,3.17,366,4,EURO3,3,1000,1.056666667,0.366,>2016,0.2,0.011333333,-0.1268,FALSE,,,,,,,
2019,22/08/2023,5.17,501,4,EURO3,3,1000,1.723333333,0.501,>2016,0.2,0.144666667,-0.0998,FALSE,,,,,,,
2019,21/11/2023,3.53,398,4,EURO3,3,1000,1.176666667,0.398,>2016,0.2,0.035333333,-0.1204,FALSE,,,,,,,
2019,25/09/2023,14.5,235,4,EURO3,3,1000,4.833333333,0.235,>2016,0.2,0.766666667,-0.153,FALSE,,,,,,,
2019,06/09/2023,3.14,34,4,EURO3,3,1000,1.046666667,0.034,>2016,0.2,0.009333333,-0.1932,FALSE,,,,,,,
2019,29/08/2023,3.31,2605,4,EURO3,3,1000,1.103333333,2.605,>2016,0.2,0.020666667,0.321,FALSE,,,,,,,
2019,10/09/2023,5.17,1234,4,EURO3,3,1000,1.723333333,1.234,>2016,0.2,0.144666667,0.0468,FALSE,,,,,,,
2019,23/02/2024,7.13,909,5,EURO3,3,1000,2.376666667,0.909,>2016,0.2,0.275333333,-0.0182,FALSE,,,,,,,
2019,23/08/2023,6.07,1493,4,EURO3,3,1000,2.023333333,1.493,>2016,0.2,0.204666667,0.0986,FALSE,,,,,,,
2019,24/07/2024,8.19,464,5,EURO3,3,1000,2.73,0.464,>2016,0.2,0.346,-0.1072,FALSE,,,,,,,
2019,04/09/2023,4.21,4.67,4,EURO3,3,1000,1.403333333,0.00467,>2016,0.2,0.080666667,-0.199066,FALSE,,,,,,,
2019,02/12/2023,3.83,768,4,EURO3,3,1000,1.276666667,0.768,>2016,0.2,0.055333333,-0.0464,FALSE,,,,,,,
2019,07/09/2023,6.71,347,4,EURO3,3,1000,2.236666667,0.347,>2016,0.2,0.247333333,-0.1306,FALSE,,,,,,,
2019,25/11/2024,5.82,860,5,EURO3,3,1000,1.94,0.86,>2016,0.2,0.188,-0.028,FALSE,,,,,,,
2019,01/09/2023,1.1,1290,4,EURO3,3,1000,0.366666667,1.29,>2016,0.2,-0.126666667,0.058,FALSE,,,,,,,
2019,05/09/2023,2.71,1543,4,EURO3,3,1000,0.903333333,1.543,>2016,0.2,-0.019333333,0.1086,FALSE,,,,,,,
2019,05/09/2023,12.2,395,4,EURO3,3,1000,4.066666667,0.395,>2016,0.2,0.613333333,-0.121,FALSE,,,,,,,
2019,16/05/2023,5.8,247,4,EURO3,3,1000,1.933333333,0.247,>2016,0.2,0.186666667,-0.1506,FALSE,,,,,,,
2019,27/09/2023,3.59,856,4,EURO3,3,1000,1.196666667,0.856,>2016,0.2,0.039333333,-0.0288,FALSE,,,,,,,
2019,31/08/2023,4.18,241,4,EURO3,3,1000,1.393333333,0.241,>2016,0.2,0.078666667,-0.1518,FALSE,,,,,,,
2019,07/09/2023,13.4,358,4,EURO3,3,1000,4.466666667,0.358,>2016,0.2,0.693333333,-0.1284,FALSE,,,,,,,
2019,05/06/2023,1.21,1125,4,EURO3,3,1000,0.403333333,1.125,>2016,0.2,-0.119333333,0.025,FALSE,,,,,,,
2019,05/09/2023,7.1,1311,4,EURO3,3,1000,2.366666667,1.311,>2016,0.2,0.273333333,0.0622,FALSE,,,,,,,
2019,25/07/2024,3.99,327,5,EURO3,3,1000,1.33,0.327,>2016,0.2,0.066,-0.1346,FALSE,,,,,,,
2019,04/09/2023,7.89,629,4,EURO3,3,1000,2.63,0.629,>2016,0.2,0.326,-0.0742,FALSE,,,,,,,
2019,05/09/2023,4.09,787,4,EURO3,3,1000,1.363333333,0.787,>2016,0.2,0.072666667,-0.0426,FALSE,,,,,,,
2019,25/08/2023,8.35,1069,4,EURO3,3,1000,2.783333333,1.069,>2016,0.2,0.356666667,0.0138,FALSE,,,,,,,
2019,31/08/2023,7.8,2290,4,EURO3,3,1000,2.6,2.29,>2016,0.2,0.32,0.258,FALSE,,,,,,,
2019,19/11/2023,14.9,312,4,EURO3,3,1000,4.966666667,0.312,>2016,0.2,0.793333333,-0.1376,FALSE,,,,,,,
2019,26/09/2023,3.92,328,4,EURO3,3,1000,1.306666667,0.328,>2016,0.2,0.061333333,-0.1344,FALSE,,,,,,,
2019,30/08/2023,3.11,104,4,EURO3,3,1000,1.036666667,0.104,>2016,0.2,0.007333333,-0.1792,FALSE,,,,,,,
2019,28/01/2023,3.69,545,4,EURO3,3,1000,1.23,0.545,>2016,0.2,0.046,-0.091,FALSE,,,,,,,
2019,16/02/2023,3.97,142,4,EURO3,3,1000,1.323333333,0.142,>2016,0.2,0.064666667,-0.1716,FALSE,,,,,,,
2019,01/09/2023,1.89,1494,4,EURO3,3,1000,0.63,1.494,>2016,0.2,-0.074,0.0988,FALSE,,,,,,,
2019,23/05/2023,5.3,173,4,EURO3,3,1000,1.766666667,0.173,>2016,0.2,0.153333333,-0.1654,FALSE,,,,,,,
2019,31/08/2023,4.42,623,4,EURO3,3,1000,1.473333333,0.623,>2016,0.2,0.094666667,-0.0754,FALSE,,,,,,,
2019,05/06/2024,7.35,222,5,EURO3,3,1000,2.45,0.222,>2016,0.2,0.29,-0.1556,FALSE,,,,,,,
2019,14/11/2023,7.47,1747,4,EURO3,3,1000,2.49,1.747,>2016,0.2,0.298,0.1494,FALSE,,,,,,,
2019,28/02/2025,3.13,316,6,EURO3,3,1000,1.043333333,0.316,>2016,0.2,0.008666667,-0.1368,FALSE,,,,,,,
2019,09/12/2023,3.06,465,4,EURO3,3,1000,1.02,0.465,>2016,0.2,0.004,-0.107,FALSE,,,,,,,
2019,09/02/2023,7.3,643,4,EURO3,3,1000,2.433333333,0.643,>2016,0.2,0.286666667,-0.0714,FALSE,,,,,,,
2019,17/09/2023,3.32,731,4,EURO3,3,1000,1.106666667,0.731,>2016,0.2,0.021333333,-0.0538,FALSE,,,,,,,
2019,18/03/2024,3.1,221,5,EURO3,3,1000,1.033333333,0.221,>2016,0.2,0.006666667,-0.1558,FALSE,,,,,,,
2019,01/09/2023,1.34,1213,4,EURO3,3,1000,0.446666667,1.213,>2016,0.2,-0.110666667,0.0426,FALSE,,,,,,,
2019,12/12/2023,6.78,1800,4,EURO3,3,1000,2.26,1.8,>2016,0.2,0.252,0.16,FALSE,,,,,,,
2019,06/11/2023,1.1,1000,4,EURO3,3,1000,0.366666667,1,>2016,0.2,-0.126666667,0,FALSE,,,,,,,
2019,05/09/2023,6.77,596,4,EURO3,3,1000,2.256666667,0.596,>2016,0.2,0.251333333,-0.0808,FALSE,,,,,,,
2019,05/09/2023,3.03,596,4,EURO3,3,1000,1.01,0.596,>2016,0.2,0.002,-0.0808,FALSE,,,,,,,
2019,27/07/2023,4.26,1360,4,EURO3,3,1000,1.42,1.36,>2016,0.2,0.084,0.072,FALSE,,,,,,,
2019,30/07/2024,6.9,236,5,EURO3,3,1000,2.3,0.236,>2016,0.2,0.26,-0.1528,FALSE,,,,,,,
2019,14/09/2023,1.3,1164,4,EURO3,3,1000,0.433333333,1.164,>2016,0.2,-0.113333333,0.0328,FALSE,,,,,,,
2019,07/09/2023,11.7,411,4,EURO3,3,1000,3.9,0.411,>2016,0.2,0.58,-0.1178,FALSE,,,,,,,
2019,30/08/2023,6.23,759,4,EURO3,3,1000,2.076666667,0.759,>2016,0.2,0.215333333,-0.0482,FALSE,,,,,,,
2019,09/12/2023,4.47,141,4,EURO3,3,1000,1.49,0.141,>2016,0.2,0.098,-0.1718,FALSE,,,,,,,
2019,14/11/2023,6.28,2330,4,EURO3,3,1000,2.093333333,2.33,>2016,0.2,0.218666667,0.266,FALSE,,,,,,,
2019,02/01/2024,3,560,5,EURO3,3,1000,1,0.56,>2016,0.2,0,-0.088,FALSE,,,,,,,
2019,31/08/2023,5.32,1492,4,EURO3,3,1000,1.773333333,1.492,>2016,0.2,0.154666667,0.0984,FALSE,,,,,,,
2019,31/08/2023,3.62,10.91,4,EURO3,3,1000,1.206666667,0.01091,>2016,0.2,0.041333333,-0.197818,FALSE,,,,,,,
2019,30/08/2023,12.9,248,4,EURO3,3,1000,4.3,0.248,>2016,0.2,0.66,-0.1504,FALSE,,,,,,,
2019,25/10/2023,6.4,210,4,EURO3,3,1000,2.133333333,0.21,>2016,0.2,0.226666667,-0.158,FALSE,,,,,,,
2019,24/09/2023,0.03,4500,4,EURO3,3,1000,0.01,4.5,>2016,0.2,-0.198,0.7,FALSE,,,,,,,
2019,31/08/2023,13.1,48,4,EURO3,3,1000,4.366666667,0.048,>2016,0.2,0.673333333,-0.1904,FALSE,,,,,,,
2019,04/09/2023,3.2,401,4,EURO3,3,1000,1.066666667,0.401,>2016,0.2,0.013333333,-0.1198,FALSE,,,,,,,
2019,17/09/2023,2.69,1120,4,EURO3,3,1000,0.896666667,1.12,>2016,0.2,-0.020666667,0.024,FALSE,,,,,,,
2019,28/08/2023,8.15,551,4,EURO3,3,1000,2.716666667,0.551,>2016,0.2,0.343333333,-0.0898,FALSE,,,,,,,
2019,16/05/2023,3.7,120,4,EURO3,3,1000,1.233333333,0.12,>2016,0.2,0.046666667,-0.176,FALSE,,,,,,,
2019,01/09/2023,3.55,518,4,EURO3,3,1000,1.183333333,0.518,>2016,0.2,0.036666667,-0.0964,FALSE,,,,,,,
2019,26/10/2023,5.3,780,4,EURO3,3,1000,1.766666667,0.78,>2016,0.2,0.153333333,-0.044,FALSE,,,,,,,
2019,20/01/2023,3.7,189,4,EURO3,3,1000,1.233333333,0.189,>2016,0.2,0.046666667,-0.1622,FALSE,,,,,,,
2019,20/09/2023,4.24,1105,4,EURO3,3,1000,1.413333333,1.105,>2016,0.2,0.082666667,0.021,FALSE,,,,,,,
2019,21/11/2023,3.13,254,4,EURO3,3,1000,1.043333333,0.254,>2016,0.2,0.008666667,-0.1492,FALSE,,,,,,,
2019,04/10/2024,5.7,980,5,EURO3,3,1000,1.9,0.98,>2016,0.2,0.18,-0.004,FALSE,,,,,,,
2019,30/08/2023,7.04,892,4,EURO3,3,1000,2.346666667,0.892,>2016,0.2,0.269333333,-0.0216,FALSE,,,,,,,
2019,15/05/2024,6.84,2730,5,EURO3,3,1000,2.28,2.73,>2016,0.2,0.256,0.346,FALSE,,,,,,,
2019,30/01/2024,8.2,1219,5,EURO3,3,1000,2.733333333,1.219,>2016,0.2,0.346666667,0.0438,FALSE,,,,,,,
2019,05/09/2023,11.12,667,4,EURO3,3,1000,3.706666667,0.667,>2016,0.2,0.541333333,-0.0666,FALSE,,,,,,,
2019,11/09/2023,0.44,1079,4,EURO3,3,1000,0.146666667,1.079,>2016,0.2,-0.170666667,0.0158,FALSE,,,,,,,
2019,28/08/2023,3.47,597,4,EURO3,3,1000,1.156666667,0.597,>2016,0.2,0.031333333,-0.0806,FALSE,,,,,,,
2019,28/12/2023,3.8,194,4,EURO3,3,1000,1.266666667,0.194,>2016,0.2,0.053333333,-0.1612,FALSE,,,,,,,
2019,11/10/2023,3.07,424,4,EURO3,3,1000,1.023333333,0.424,>2016,0.2,0.004666667,-0.1152,FALSE,,,,,,,
2019,31/08/2023,9.7,198,4,EURO3,3,1000,3.233333333,0.198,>2016,0.2,0.446666667,-0.1604,FALSE,,,,,,,
2019,07/09/2023,0.81,3600,4,EURO3,3,1000,0.27,3.6,>2016,0.2,-0.146,0.52,FALSE,,,,,,,
2019,25/08/2023,1.2,1227,4,EURO3,3,1000,0.4,1.227,>2016,0.2,-0.12,0.0454,FALSE,,,,,,,
2019,03/09/2023,1.09,1104,4,EURO3,3,1000,0.363333333,1.104,>2016,0.2,-0.127333333,0.0208,FALSE,,,,,,,
2019,14/11/2024,5.91,822,5,EURO3,3,1000,1.97,0.822,>2016,0.2,0.194,-0.0356,FALSE,,,,,,,
2019,30/08/2023,14.2,250,4,EURO3,3,1000,4.733333333,0.25,>2016,0.2,0.746666667,-0.15,FALSE,,,,,,,
2019,28/07/2023,3.57,792,4,EURO3,3,1000,1.19,0.792,>2016,0.2,0.038,-0.0416,FALSE,,,,,,,
2019,11/12/2023,2.05,1000,4,EURO3,3,1000,0.683333333,1,>2016,0.2,-0.063333333,0,FALSE,,,,,,,
2019,02/09/2023,3.3,446,4,EURO3,3,1000,1.1,0.446,>2016,0.2,0.02,-0.1108,FALSE,,,,,,,
2019,28/11/2023,6.45,144,4,EURO3,3,1000,2.15,0.144,>2016,0.2,0.23,-0.1712,FALSE,,,,,,,
2019,13/06/2023,2.28,1547,4,EURO3,3,1000,0.76,1.547,>2016,0.2,-0.048,0.1094,FALSE,,,,,,,
2019,07/09/2023,2.08,1428,4,EURO3,3,1000,0.693333333,1.428,>2016,0.2,-0.061333333,0.0856,FALSE,,,,,,,
2019,17/09/2023,4.41,1290,4,EURO3,3,1000,1.47,1.29,>2016,0.2,0.094,0.058,FALSE,,,,,,,
2019,25/08/2023,1.48,1587,4,EURO3,3,1000,0.493333333,1.587,>2016,0.2,-0.101333333,0.1174,FALSE,,,,,,,
2019,01/09/2023,12.6,393,4,EURO3,3,1000,4.2,0.393,>2016,0.2,0.64,-0.1214,FALSE,,,,,,,
2019,28/08/2023,12.5,9999,4,EURO3,3,1000,4.166666667,9.999,>2016,0.2,0.633333333,1.7998,FALSE,,,,,,,
2019,31/08/2023,4.36,341,4,EURO3,3,1000,1.453333333,0.341,>2016,0.2,0.090666667,-0.1318,FALSE,,,,,,,
2019,12/12/2023,8.19,1061,4,EURO3,3,1000,2.73,1.061,>2016,0.2,0.346,0.0122,FALSE,,,,,,,
2019,09/08/2023,5.11,330,4,EURO3,3,1000,1.703333333,0.33,>2016,0.2,0.140666667,-0.134,FALSE,,,,,,,
2019,12/09/2023,0.5,1585,4,EURO3,3,1000,0.166666667,1.585,>2016,0.2,-0.166666667,0.117,FALSE,,,,,,,
2019,22/02/2023,3.2,1093,4,EURO3,3,1000,1.066666667,1.093,>2016,0.2,0.013333333,0.0186,FALSE,,,,,,,
2019,26/02/2023,1.25,1078,4,EURO3,3,1000,0.416666667,1.078,>2016,0.2,-0.116666667,0.0156,FALSE,,,,,,,
2019,21/12/2023,5.97,462,4,EURO3,3,1000,1.99,0.462,>2016,0.2,0.198,-0.1076,FALSE,,,,,,,
2019,11/09/2023,3.2,439,4,EURO3,3,1000,1.066666667,0.439,>2016,0.2,0.013333333,-0.1122,FALSE,,,,,,,
2019,20/06/2024,3.66,351,5,EURO3,3,1000,1.22,0.351,>2016,0.2,0.044,-0.1298,FALSE,,,,,,,
2019,07/03/2024,3.27,507,5,EURO3,3,1000,1.09,0.507,>2016,0.2,0.018,-0.0986,FALSE,,,,,,,
2019,29/07/2024,8.09,329,5,EURO3,3,1000,2.696666667,0.329,>2016,0.2,0.339333333,-0.1342,FALSE,,,,,,,
2019,04/09/2023,5.46,484,4,EURO3,3,1000,1.82,0.484,>2016,0.2,0.164,-0.1032,FALSE,,,,,,,
2019,10/09/2023,3.19,1235,4,EURO3,3,1000,1.063333333,1.235,>2016,0.2,0.012666667,0.047,FALSE,,,,,,,
2019,28/08/2023,11.9,2820,4,EURO3,3,1000,3.966666667,2.82,>2016,0.2,0.593333333,0.364,FALSE,,,,,,,
2019,10/10/2023,3.2,271,4,EURO3,3,1000,1.066666667,0.271,>2016,0.2,0.013333333,-0.1458,FALSE,,,,,,,
2019,25/10/2023,13.4,221,4,EURO3,3,1000,4.466666667,0.221,>2016,0.2,0.693333333,-0.1558,FALSE,,,,,,,
2019,26/02/2025,3.7,110,6,EURO3,3,1000,1.233333333,0.11,>2016,0.2,0.046666667,-0.178,FALSE,,,,,,,
2019,02/09/2023,3.73,229,4,EURO3,3,1000,1.243333333,0.229,>2016,0.2,0.048666667,-0.1542,FALSE,,,,,,,
2019,09/12/2023,5.63,730,4,EURO3,3,1000,1.876666667,0.73,>2016,0.2,0.175333333,-0.054,FALSE,,,,,,,
2019,29/08/2023,4.33,1344,4,EURO3,3,1000,1.443333333,1.344,>2016,0.2,0.088666667,0.0688,FALSE,,,,,,,
2019,14/12/2023,3.02,987,4,EURO3,3,1000,1.006666667,0.987,>2016,0.2,0.001333333,-0.0026,FALSE,,,,,,,
2019,09/02/2023,6.32,761,4,EURO3,3,1000,2.106666667,0.761,>2016,0.2,0.221333333,-0.0478,FALSE,,,,,,,
2019,27/10/2023,4.67,293,4,EURO3,3,1000,1.556666667,0.293,>2016,0.2,0.111333333,-0.1414,FALSE,,,,,,,
2019,21/09/2023,4.45,278,4,EURO3,3,1000,1.483333333,0.278,>2016,0.2,0.096666667,-0.1444,FALSE,,,,,,,
2019,24/09/2024,9.99,0,5,EURO3,3,1000,3.33,0,>2016,0.2,0.466,-0.2,FALSE,,,,,,,
2019,07/09/2023,0.74,1314,4,EURO3,3,1000,0.246666667,1.314,>2016,0.2,-0.150666667,0.0628,FALSE,,,,,,,
2019,09/09/2023,1.3,1050,4,EURO3,3,1000,0.433333333,1.05,>2016,0.2,-0.113333333,0.01,FALSE,,,,,,,
2019,07/03/2024,6.02,45,5,EURO3,3,1000,2.006666667,0.045,>2016,0.2,0.201333333,-0.191,FALSE,,,,,,,
2019,28/02/2025,4.41,602,6,EURO3,3,1000,1.47,0.602,>2016,0.2,0.094,-0.0796,FALSE,,,,,,,
2019,12/09/2023,4.1,57,4,EURO3,3,1000,1.366666667,0.057,>2016,0.2,0.073333333,-0.1886,FALSE,,,,,,,
2019,05/03/2024,3.62,109,5,EURO3,3,1000,1.206666667,0.109,>2016,0.2,0.041333333,-0.1782,FALSE,,,,,,,
2019,18/09/2023,3.13,363,4,EURO3,3,1000,1.043333333,0.363,>2016,0.2,0.008666667,-0.1274,FALSE,,,,,,,
2019,28/02/2024,5.57,742,5,EURO3,3,1000,1.856666667,0.742,>2016,0.2,0.171333333,-0.0516,FALSE,,,,,,,
2019,30/10/2023,5.25,3033,4,EURO3,3,1000,1.75,3.033,>2016,0.2,0.15,0.4066,FALSE,,,,,,,
2019,11/09/2023,4.419,807,4,EURO3,3,1000,1.473,0.807,>2016,0.2,0.0946,-0.0386,FALSE,,,,,,,
2019,30/08/2023,0.6,1236,4,EURO3,3,1000,0.2,1.236,>2016,0.2,-0.16,0.0472,FALSE,,,,,,,
2019,15/09/2023,13,231,4,EURO3,3,1000,4.333333333,0.231,>2016,0.2,0.666666667,-0.1538,FALSE,,,,,,,
2019,20/11/2023,6.16,2568,4,EURO3,3,1000,2.053333333,2.568,>2016,0.2,0.210666667,0.3136,FALSE,,,,,,,
2019,20/07/2023,10,1405,4,EURO3,3,1000,3.333333333,1.405,>2016,0.2,0.466666667,0.081,FALSE,,,,,,,
2019,04/09/2023,1.31,1278,4,EURO3,3,1000,0.436666667,1.278,>2016,0.2,-0.112666667,0.0556,FALSE,,,,,,,
2019,02/09/2023,4.45,222,4,EURO3,3,1000,1.483333333,0.222,>2016,0.2,0.096666667,-0.1556,FALSE,,,,,,,
2019,11/09/2023,11.2,360,4,EURO3,3,1000,3.733333333,0.36,>2016,0.2,0.546666667,-0.128,FALSE,,,,,,,
2019,01/09/2023,3.3,221,4,EURO3,3,1000,1.1,0.221,>2016,0.2,0.02,-0.1558,FALSE,,,,,,,
2019,18/04/2024,4.9,640,5,EURO3,3,1000,1.633333333,0.64,>2016,0.2,0.126666667,-0.072,FALSE,,,,,,,
2019,21/09/2023,1.5,1566,4,EURO3,3,1000,0.5,1.566,>2016,0.2,-0.1,0.1132,FALSE,,,,,,,
2019,21/08/2023,0.84,1103,4,EURO3,3,1000,0.28,1.103,>2016,0.2,-0.144,0.0206,FALSE,,,,,,,
2019,31/08/2023,5.97,575,4,EURO3,3,1000,1.99,0.575,>2016,0.2,0.198,-0.085,FALSE,,,,,,,
2019,01/08/2023,1.49,1925,4,EURO3,3,1000,0.496666667,1.925,>2016,0.2,-0.100666667,0.185,FALSE,,,,,,,
2019,10/09/2023,3.54,1554,4,EURO3,3,1000,1.18,1.554,>2016,0.2,0.036,0.1108,FALSE,,,,,,,
2019,13/09/2023,10.5,1163,4,EURO3,3,1000,3.5,1.163,>2016,0.2,0.5,0.0326,FALSE,,,,,,,
2019,21/09/2023,1.22,1038,4,EURO3,3,1000,0.406666667,1.038,>2016,0.2,-0.118666667,0.0076,FALSE,,,,,,,
2019,10/11/2023,0.04,1346,4,EURO3,3,1000,0.013333333,1.346,>2016,0.2,-0.197333333,0.0692,FALSE,,,,,,,
2019,31/08/2023,13.4,114,4,EURO3,3,1000,4.466666667,0.114,>2016,0.2,0.693333333,-0.1772,FALSE,,,,,,,
2019,08/10/2023,3.97,858,4,EURO3,3,1000,1.323333333,0.858,>2016,0.2,0.064666667,-0.0284,FALSE,,,,,,,
2019,23/07/2024,8.73,3070,5,EURO3,3,1000,2.91,3.07,>2016,0.2,0.382,0.414,FALSE,,,,,,,
2019,03/09/2023,7.37,868,4,EURO3,3,1000,2.456666667,0.868,>2016,0.2,0.291333333,-0.0264,FALSE,,,,,,,
2019,01/09/2023,4.34,553,4,EURO3,3,1000,1.446666667,0.553,>2016,0.2,0.089333333,-0.0894,FALSE,,,,,,,
2019,21/11/2024,8.81,924,5,EURO3,3,1000,2.936666667,0.924,>2016,0.2,0.387333333,-0.0152,FALSE,,,,,,,
2019,27/09/2023,3.26,276,4,EURO3,3,1000,1.086666667,0.276,>2016,0.2,0.017333333,-0.1448,FALSE,,,,,,,
2019,16/05/2023,9.4,996,4,EURO3,3,1000,3.133333333,0.996,>2016,0.2,0.426666667,-0.0008,FALSE,,,,,,,
2019,26/08/2023,4.37,532,4,EURO3,3,1000,1.456666667,0.532,>2016,0.2,0.091333333,-0.0936,FALSE,,,,,,,
2019,06/09/2023,6.58,817,4,EURO3,3,1000,2.193333333,0.817,>2016,0.2,0.238666667,-0.0366,FALSE,,,,,,,
2019,12/07/2023,6.47,462,4,EURO3,3,1000,2.156666667,0.462,>2016,0.2,0.231333333,-0.1076,FALSE,,,,,,,
2020,09/10/2023,13.2,294,3,EURO3,3,1000,4.4,0.294,>2016,0.2,0.68,-0.1412,FALSE,,,,,,,
2020,07/03/2024,6.09,705,4,EURO3,3,1000,2.03,0.705,>2016,0.2,0.206,-0.059,FALSE,,,,,,,
2020,05/09/2023,5.1,705,3,EURO3,3,1000,1.7,0.705,>2016,0.2,0.14,-0.059,FALSE,,,,,,,
2020,02/09/2023,3.97,300,3,EURO3,3,1000,1.323333333,0.3,>2016,0.2,0.064666667,-0.14,FALSE,,,,,,,
2020,31/08/2023,2.78,1955,3,EURO3,3,1000,0.926666667,1.955,>2016,0.2,-0.014666667,0.191,FALSE,,,,,,,
2020,21/09/2023,6.83,744,3,EURO3,3,1000,2.276666667,0.744,>2016,0.2,0.255333333,-0.0512,FALSE,,,,,,,
2020,25/08/2023,4.6,431,3,EURO3,3,1000,1.533333333,0.431,>2016,0.2,0.106666667,-0.1138,FALSE,,,,,,,
2020,31/08/2023,11.2,390,3,EURO3,3,1000,3.733333333,0.39,>2016,0.2,0.546666667,-0.122,FALSE,,,,,,,
2020,11/09/2023,0,1225,3,EURO3,3,1000,0,1.225,>2016,0.2,-0.2,0.045,FALSE,,,,,,,
2020,09/09/2023,12.8,252,3,EURO3,3,1000,4.266666667,0.252,>2016,0.2,0.653333333,-0.1496,FALSE,,,,,,,
2020,01/09/2023,3.19,98,3,EURO3,3,1000,1.063333333,0.098,>2016,0.2,0.012666667,-0.1804,FALSE,,,,,,,
2020,19/09/2023,3.73,118,3,EURO3,3,1000,1.243333333,0.118,>2016,0.2,0.048666667,-0.1764,FALSE,,,,,,,
2020,05/02/2023,4.48,466,3,EURO3,3,1000,1.493333333,0.466,>2016,0.2,0.098666667,-0.1068,FALSE,,,,,,,
2020,16/10/2023,3.26,243,3,EURO3,3,1000,1.086666667,0.243,>2016,0.2,0.017333333,-0.1514,FALSE,,,,,,,
2020,02/11/2023,14.6,377,3,EURO3,3,1000,4.866666667,0.377,>2016,0.2,0.773333333,-0.1246,FALSE,,,,,,,
2020,04/09/2023,7.5,235,3,EURO3,3,1000,2.5,0.235,>2016,0.2,0.3,-0.153,FALSE,,,,,,,
2020,31/08/2023,4.27,1055,3,EURO3,3,1000,1.423333333,1.055,>2016,0.2,0.084666667,0.011,FALSE,,,,,,,
2020,03/08/2023,3.27,708,3,EURO3,3,1000,1.09,0.708,>2016,0.2,0.018,-0.0584,FALSE,,,,,,,
2020,22/08/2023,1.03,1454,3,EURO3,3,1000,0.343333333,1.454,>2016,0.2,-0.131333333,0.0908,FALSE,,,,,,,
2020,28/08/2023,4.62,513,3,EURO3,3,1000,1.54,0.513,>2016,0.2,0.108,-0.0974,FALSE,,,,,,,
2020,30/08/2023,14.2,312,3,EURO3,3,1000,4.733333333,0.312,>2016,0.2,0.746666667,-0.1376,FALSE,,,,,,,
2020,07/11/2023,6.48,243,3,EURO3,3,1000,2.16,0.243,>2016,0.2,0.232,-0.1514,FALSE,,,,,,,
2020,27/09/2023,3.37,661,3,EURO3,3,1000,1.123333333,0.661,>2016,0.2,0.024666667,-0.0678,FALSE,,,,,,,
2020,01/09/2023,3.3,1056,3,EURO3,3,1000,1.1,1.056,>2016,0.2,0.02,0.0112,FALSE,,,,,,,
2020,05/08/2023,5.63,296,3,EURO3,3,1000,1.876666667,0.296,>2016,0.2,0.175333333,-0.1408,FALSE,,,,,,,
2020,10/09/2023,1.89,1533,3,EURO3,3,1000,0.63,1.533,>2016,0.2,-0.074,0.1066,FALSE,,,,,,,
2020,27/07/2023,6.57,1466,3,EURO3,3,1000,2.19,1.466,>2016,0.2,0.238,0.0932,FALSE,,,,,,,
2020,13/11/2023,3.99,933,3,EURO3,3,1000,1.33,0.933,>2016,0.2,0.066,-0.0134,FALSE,,,,,,,
2020,23/05/2023,10.3,341,3,EURO3,3,1000,3.433333333,0.341,>2016,0.2,0.486666667,-0.1318,FALSE,,,,,,,
2020,10/09/2023,5.3,773,3,EURO3,3,1000,1.766666667,0.773,>2016,0.2,0.153333333,-0.0454,FALSE,,,,,,,
2020,25/04/2024,1.16,1870,4,EURO3,3,1000,0.386666667,1.87,>2016,0.2,-0.122666667,0.174,FALSE,,,,,,,
2020,20/02/2025,5.03,419,5,EURO3,3,1000,1.676666667,0.419,>2016,0.2,0.135333333,-0.1162,FALSE,,,,,,,
2021,15/01/2025,6.2,964,4,EURO3,3,1000,2.066666667,0.964,>2016,0.2,0.213333333,-0.0072,FALSE,,,,,,,
2021,31/05/2023,3.03,455,2,EURO3,3,1000,1.01,0.455,>2016,0.2,0.002,-0.109,FALSE,,,,,,,
2021,15/11/2023,3.28,314,2,EURO3,3,1000,1.093333333,0.314,>2016,0.2,0.018666667,-0.1372,FALSE,,,,,,,
2021,01/09/2023,1.85,1360,2,EURO3,3,1000,0.616666667,1.36,>2016,0.2,-0.076666667,0.072,FALSE,,,,,,,
2021,04/12/2023,12.73,349,2,EURO3,3,1000,4.243333333,0.349,>2016,0.2,0.648666667,-0.1302,FALSE,,,,,,,
2021,07/03/2024,5.53,429,3,EURO3,3,1000,1.843333333,0.429,>2016,0.2,0.168666667,-0.1142,FALSE,,,,,,,
2021,16/10/2023,1.01,1367,2,EURO3,3,1000,0.336666667,1.367,>2016,0.2,-0.132666667,0.0734,FALSE,,,,,,,
2021,16/11/2023,9.99,233,2,EURO3,3,1000,3.33,0.233,>2016,0.2,0.466,-0.1534,FALSE,,,,,,,
2021,27/09/2023,5.67,888,2,EURO3,3,1000,1.89,0.888,>2016,0.2,0.178,-0.0224,FALSE,,,,,,,
2021,20/02/2024,3.74,337,3,EURO3,3,1000,1.246666667,0.337,>2016,0.2,0.049333333,-0.1326,FALSE,,,,,,,
2021,23/06/2023,95,45,2,EURO3,3,1000,31.66666667,0.045,>2016,0.2,6.133333334,-0.191,FALSE,,,,,,,
2021,09/09/2023,1.01,1976,2,EURO3,3,1000,0.336666667,1.976,>2016,0.2,-0.132666667,0.1952,FALSE,,,,,,,
2021,31/08/2023,1.17,1946,2,EURO3,3,1000,0.39,1.946,>2016,0.2,-0.122,0.1892,FALSE,,,,,,,
2021,20/09/2023,5.64,243,2,EURO3,3,1000,1.88,0.243,>2016,0.2,0.176,-0.1514,FALSE,,,,,,,
2021,09/10/2023,13.4,253,2,EURO3,3,1000,4.466666667,0.253,>2016,0.2,0.693333333,-0.1494,FALSE,,,,,,,
2021,25/02/2025,9.18,1315,4,EURO3,3,1000,3.06,1.315,>2016,0.2,0.412,0.063,FALSE,,,,,,,
2021,06/09/2023,10.7,427,2,EURO3,3,1000,3.566666667,0.427,>2016,0.2,0.513333333,-0.1146,FALSE,,,,,,,
2021,25/07/2024,4.97,332,3,EURO3,3,1000,1.656666667,0.332,>2016,0.2,0.131333333,-0.1336,FALSE,,,,,,,
2021,02/09/2023,6.7,282,2,EURO3,3,1000,2.233333333,0.282,>2016,0.2,0.246666667,-0.1436,FALSE,,,,,,,
2021,08/10/2023,0.29,1000,2,EURO3,3,1000,0.096666667,1,>2016,0.2,-0.180666667,0,FALSE,,,,,,,
2021,17/09/2023,0.79,1681,2,EURO3,3,1000,0.263333333,1.681,>2016,0.2,-0.147333333,0.1362,FALSE,,,,,,,
2021,06/09/2023,3.15,0,2,EURO3,3,1000,1.05,0,>2016,0.2,0.01,-0.2,FALSE,,,,,,,
2021,27/09/2023,5.73,1047,2,EURO3,3,1000,1.91,1.047,>2016,0.2,0.182,0.0094,FALSE,,,,,,,
2021,31/08/2023,0,1007,2,EURO3,3,1000,0,1.007,>2016,0.2,-0.2,0.0014,FALSE,,,,,,,
2021,15/08/2024,5.86,2220,3,EURO3,3,1000,1.953333333,2.22,>2016,0.2,0.190666667,0.244,FALSE,,,,,,,
2021,20/11/2023,3.36,867,2,EURO3,3,1000,1.12,0.867,>2016,0.2,0.024,-0.0266,FALSE,,,,,,,
2021,08/09/2023,4.33,351,2,EURO3,3,1000,1.443333333,0.351,>2016,0.2,0.088666667,-0.1298,FALSE,,,,,,,
2021,06/01/2024,5,127,3,EURO3,3,1000,1.666666667,0.127,>2016,0.2,0.133333333,-0.1746,FALSE,,,,,,,
2021,05/09/2023,2.8,1999,2,EURO3,3,1000,0.933333333,1.999,>2016,0.2,-0.013333333,0.1998,FALSE,,,,,,,
2021,22/02/2023,3.38,450,2,EURO3,3,1000,1.126666667,0.45,>2016,0.2,0.025333333,-0.11,FALSE,,,,,,,
2021,13/09/2023,4.13,850,2,EURO3,3,1000,1.376666667,0.85,>2016,0.2,0.075333333,-0.03,FALSE,,,,,,,
2021,07/03/2024,3.6,163,3,EURO3,3,1000,1.2,0.163,>2016,0.2,0.04,-0.1674,FALSE,,,,,,,
2021,13/09/2023,3.02,338,2,EURO3,3,1000,1.006666667,0.338,>2016,0.2,0.001333333,-0.1324,FALSE,,,,,,,
2022,05/09/2023,13,48,1,EURO3,3,1000,4.333333333,0.048,>2016,0.2,0.666666667,-0.1904,FALSE,,,,,,,
2022,27/09/2023,4.21,718,1,EURO3,3,1000,1.403333333,0.718,>2016,0.2,0.080666667,-0.0564,FALSE,,,,,,,
2022,25/09/2023,4.8,74,1,EURO3,3,1000,1.6,0.074,>2016,0.2,0.12,-0.1852,FALSE,,,,,,,
2022,30/05/2023,0.63,1447,1,EURO3,3,1000,0.21,1.447,>2016,0.2,-0.158,0.0894,FALSE,,,,,,,
2022,21/09/2023,0.91,1507,1,EURO3,3,1000,0.303333333,1.507,>2016,0.2,-0.139333333,0.1014,FALSE,,,,,,,
2022,05/09/2023,0,1159,1,EURO3,3,1000,0,1.159,>2016,0.2,-0.2,0.0318,FALSE,,,,,,,
2022,28/02/2023,3.81,213,1,EURO3,3,1000,1.27,0.213,>2016,0.2,0.054,-0.1574,FALSE,,,,,,,
2022,03/11/2023,3.3,645,1,EURO3,3,1000,1.1,0.645,>2016,0.2,0.02,-0.071,FALSE,,,,,,,
2022,06/09/2023,9.6,779,1,EURO3,3,1000,3.2,0.779,>2016,0.2,0.44,-0.0442,FALSE,,,,,,,
2022,31/08/2023,2.05,1021,1,EURO3,3,1000,0.683333333,1.021,>2016,0.2,-0.063333333,0.0042,FALSE,,,,,,,
2022,05/09/2023,3.9,683,1,EURO3,3,1000,1.3,0.683,>2016,0.2,0.06,-0.0634,FALSE,,,,,,,
2022,30/08/2023,4.2,8.9,1,EURO3,3,1000,1.4,0.0089,>2016,0.2,0.08,-0.19822,FALSE,,,,,,,
2022,03/11/2023,3,388,1,EURO3,3,1000,1,0.388,>2016,0.2,0,-0.1224,FALSE,,,,,,,
2022,05/09/2023,3.69,166,1,EURO3,3,1000,1.23,0.166,>2016,0.2,0.046,-0.1668,FALSE,,,,,,,
2022,06/12/2023,1.06,1000,1,EURO3,3,1000,0.353333333,1,>2016,0.2,-0.129333333,0,FALSE,,,,,,,
2022,30/07/2024,8.46,130,2,EURO3,3,1000,2.82,0.13,>2016,0.2,0.364,-0.174,FALSE,,,,,,,
2022,09/11/2023,3,93,1,EURO3,3,1000,1,0.093,>2016,0.2,0,-0.1814,FALSE,,,,,,,
2022,20/05/2024,0.94,1294,2,EURO3,3,1000,0.313333333,1.294,>2016,0.2,-0.137333333,0.0588,FALSE,,,,,,,
2022,02/09/2023,13.3,211,1,EURO3,3,1000,4.433333333,0.211,>2016,0.2,0.686666667,-0.1578,FALSE,,,,,,,
2022,31/08/2023,2.63,1334,1,EURO3,3,1000,0.876666667,1.334,>2016,0.2,-0.024666667,0.0668,FALSE,,,,,,,
2022,24/09/2023,6.14,545,1,EURO3,3,1000,2.046666667,0.545,>2016,0.2,0.209333333,-0.091,FALSE,,,,,,,
2022,12/09/2023,6.72,1696,1,EURO3,3,1000,2.24,1.696,>2016,0.2,0.248,0.1392,FALSE,,,,,,,
2022,08/09/2023,0.45,1009,1,EURO3,3,1000,0.15,1.009,>2016,0.2,-0.17,0.0018,FALSE,,,,,,,
2022,25/09/2023,6.33,39,1,EURO3,3,1000,2.11,0.039,>2016,0.2,0.222,-0.1922,FALSE,,,,,,,
2022,06/09/2023,3.41,310,1,EURO3,3,1000,1.136666667,0.31,>2016,0.2,0.027333333,-0.138,FALSE,,,,,,,
2022,01/09/2023,11.1,11,1,EURO3,3,1000,3.7,0.011,>2016,0.2,0.54,-0.1978,FALSE,,,,,,,
2022,03/11/2023,13.2,915,1,EURO3,3,1000,4.4,0.915,>2016,0.2,0.68,-0.017,FALSE,,,,,,,
2022,17/07/2024,1.16,1098,2,EURO3,3,1000,0.386666667,1.098,>2016,0.2,-0.122666667,0.0196,FALSE,,,,,,,
2022,28/08/2023,1.03,1066,1,EURO3,3,1000,0.343333333,1.066,>2016,0.2,-0.131333333,0.0132,FALSE,,,,,,,
2022,29/11/2023,2.75,1042,1,EURO3,3,1000,0.916666667,1.042,>2016,0.2,-0.016666667,0.0084,FALSE,,,,,,,
2022,26/09/2023,4.67,500,1,EURO3,3,1000,1.556666667,0.5,>2016,0.2,0.111333333,-0.1,FALSE,,,,,,,
2022,03/09/2023,1.15,1020,1,EURO3,3,1000,0.383333333,1.02,>2016,0.2,-0.123333333,0.004,FALSE,,,,,,,
2022,04/09/2024,3.91,184,2,EURO3,3,1000,1.303333333,0.184,>2016,0.2,0.060666667,-0.1632,FALSE,,,,,,,
2022,27/09/2023,9.03,354,1,EURO3,3,1000,3.01,0.354,>2016,0.2,0.402,-0.1292,FALSE,,,,,,,
2022,13/09/2023,1.15,1149,1,EURO3,3,1000,0.383333333,1.149,>2016,0.2,-0.123333333,0.0298,FALSE,,,,,,,
2022,23/08/2023,2.11,1441,1,EURO3,3,1000,0.703333333,1.441,>2016,0.2,-0.059333333,0.0882,FALSE,,,,,,,
2022,15/08/2024,9.99,2120,2,EURO3,3,1000,3.33,2.12,>2016,0.2,0.466,0.224,FALSE,,,,,,,
2022,02/09/2023,1.24,1694,1,EURO3,3,1000,0.413333333,1.694,>2016,0.2,-0.117333333,0.1388,FALSE,,,,,,,
2022,28/10/2023,3.88,268,1,EURO3,3,1000,1.293333333,0.268,>2016,0.2,0.058666667,-0.1464,FALSE,,,,,,,
2022,31/08/2023,6.5,1032,1,EURO3,3,1000,2.166666667,1.032,>2016,0.2,0.233333333,0.0064,FALSE,,,,,,,
2022,17/09/2023,12.8,1062,1,EURO3,3,1000,4.266666667,1.062,>2016,0.2,0.653333333,0.0124,FALSE,,,,,,,
2022,02/09/2023,3.04,214,1,EURO3,3,1000,1.013333333,0.214,>2016,0.2,0.002666667,-0.1572,FALSE,,,,,,,
2022,07/09/2023,5.77,463,1,EURO3,3,1000,1.923333333,0.463,>2016,0.2,0.184666667,-0.1074,FALSE,,,,,,,
2022,24/08/2023,0.88,1296,1,EURO3,3,1000,0.293333333,1.296,>2016,0.2,-0.141333333,0.0592,FALSE,,,,,,,
2023,21/10/2023,0.41,1223,0,EURO3,3,1000,0.136666667,1.223,>2016,0.2,-0.172666667,0.0446,FALSE,,,,,,,
2023,24/08/2023,1.05,1095,0,EURO3,3,1000,0.35,1.095,>2016,0.2,-0.13,0.019,FALSE,,,,,,,
2023,01/09/2023,1.14,1589,0,EURO3,3,1000,0.38,1.589,>2016,0.2,-0.124,0.1178,FALSE,,,,,,,
2023,03/09/2023,0,1779,0,EURO3,3,1000,0,1.779,>2016,0.2,-0.2,0.1558,FALSE,,,,,,,
2023,07/09/2023,25,42,0,EURO3,3,1000,8.333333333,0.042,>2016,0.2,1.466666667,-0.1916,FALSE,,,,,,,
2023,25/12/2023,3.16,137,0,EURO3,3,1000,1.053333333,0.137,>2016,0.2,0.010666667,-0.1726,FALSE,,,,,,,
2023,31/08/2023,4.12,210,0,EURO3,3,1000,1.373333333,0.21,>2016,0.2,0.074666667,-0.158,FALSE,,,,,,,
2023,17/02/2025,6.55,1455,2,EURO3,3,1000,2.183333333,1.455,>2016,0.2,0.236666667,0.091,FALSE,,,,,,,
2023,09/09/2023,25,150,0,EURO3,3,1000,8.333333333,0.15,>2016,0.2,1.466666667,-0.17,FALSE,,,,,,,
2023,31/08/2023,0.9,1279,0,EURO3,3,1000,0.3,1.279,>2016,0.2,-0.14,0.0558,FALSE,,,,,,,
2025,17/02/2025,3.37,87,0,EURO3,3,1000,1.123333333,0.087,>2016,0.2,0.024666667,-0.1826,FALSE,,,,,,,
